{"type":"Topology","objects":{"data":{"type":"GeometryCollection","geometries":[{"type":"Polygon","arcs":[[0,1,2,3,4,5,6,7,8,9,10,11,12,13,14,15,16,17,18,19,20,21,22,23,24,25,26,27,28,29,30,31,32,33,34,35,36,37,38,39,40,41,42,43,44,45,46,47,48,49,50,51,52]],"properties":{"country":"SWZ","title":"Hhohho","color":"#c80000","year":2020,"id":"18468218","from":"Jun 2020","to":"Sep 2020"},"id":"feature_00"},{"type":"Polygon","arcs":[[53,54,55,56,57,-53,-52,-51,-50,-49,-48,-47,-46,-45,-44,58,59,60,61,62,63,64,65,66,67,68,69,70,71,72,73,74,75,76,77,78,79,80,81,82,83,84,85,86,87,88,89,90,91,92,93,94,95,96,97,98,99,100,101,102,103,104,105]],"properties":{"country":"SWZ","title":"Lubombo","color":"#c80000","year":2020,"id":"18468220","from":"Jun 2020","to":"Sep 2020"},"id":"feature_01"},{"type":"Polygon","arcs":[[-43,-42,-41,-40,-39,-38,-37,-36,-35,-34,-33,-32,-31,-30,-29,-28,-27,-26,-25,-24,-23,-22,-21,-20,-19,-18,-17,-16,-15,-14,-13,-12,-11,-10,-9,-8,-7,-6,-5,-4,-3,106,107,108,109,110,111,112,113,114,115,116,117,118,119,120,121,122,123,124,125,126,127,128,129,130,131,132,133,134,135,136,137,138,139,140,141,142,143,144,145,146,-78,-77,-76,-75,-74,-73,-72,-71,-70,-69,-68,-67,-66,-65,-64,-63,147,-61,-60,-59]],"properties":{"country":"SWZ","title":"Manzini","color":"#c80000","year":2020,"id":"18468222","from":"Jun 2020","to":"Sep 2020"},"id":"feature_02"},{"type":"Polygon","arcs":[[-146,-145,-144,-143,-142,-141,-140,-139,-138,-137,-136,-135,-134,-133,-132,-131,-130,-129,-128,-127,-126,-125,-124,-123,-122,-121,-120,-119,-118,-117,-116,-115,148,-113,-112,-111,-110,-109,149,150,-106,-105,-104,-103,-102,-101,-100,-99,-98,-97,-96,-95,-94,-93,-92,-91,-90,-89,-88,-87,-86,-85,-84,-83,-82,-81,-80]],"properties":{"country":"SWZ","title":"Shiselweni","color":"#c80000","year":2020,"id":"18468224","from":"Jun 2020","to":"Sep 2020"},"id":"feature_03"},{"type":"MultiPolygon","arcs":[[[151,152,153,154,155,156,157,158,159,160,161,162,163,164,165,166,167,168,169,170,171,172,173]],[[174,175,176,177,178,179,180,181,182,183,184,185,186,187,188,189,190,191,192,193,194,195,196,197,198,199,200,201,202,203,204,205,206,207,208,209,210,211,212,213,214,215,216,217,218,219,220,221,222,223,224,225,226,227,228,229,230,231,232,233,234,235,236,237,238,239,240]],[[241,242,243,244,245,246,247,248,249,250,251,252,253,254,255,256,257,258,259,260,261,262,263,264,265,266,267]],[[268,269,270,271,272]]],"properties":{"country":"SWZ","title":"Hhohho urban","color":"#c80000","year":2020,"id":"18468226","from":"Jun 2020","to":"Sep 2020"},"id":"feature_04"},{"type":"MultiPolygon","arcs":[[[273,274,275,276,277,278,279,280,281,282]],[[283,284,285,286,287,288,289,290]]],"properties":{"country":"SWZ","title":"Lubombo urban","color":"#ccffcc","year":2020,"id":"18468228","from":"Jun 2020","to":"Sep 2020"},"id":"feature_05"},{"type":"MultiPolygon","arcs":[[[291,292,293,294,295,296,297,298,299,300]],[[301,302,303,304,305,306,307,308,309,310,311,312,313,314,315,316,317,318,319,320,321,322,323,324,325,326,327,328,329,330,331,332,333,334,335,336,337,338,339,340,341,342,343,344,345,346,347,348,349,350,351,352,353,354,355,356,357,358,359,360]],[[361,362,363,364,365,366,367,368,369,370,371,372,373,374,375,376,377,378,379,380,381,382,383,384,385,386,387,388,389,390,391,392,393,394,395,396,397,398]],[[399,400,401,402,403,404,405,406,407,408,409,410,411,412,413,414,415,416,417,418,419,420,421,422,423,424,425,426,427,428,429,430,431,432,433,434]]],"properties":{"country":"SWZ","title":"Manzini urban","color":"#e67800","year":2020,"id":"18468230","from":"Jun 2020","to":"Sep 2020"},"id":"feature_06"},{"type":"MultiPolygon","arcs":[[[435,436,437,438,439,440,441]],[[442,443,444,445,446,447,448,449,450,451,452,453,454,455,456]],[[457,458,459,460,461,462,463,464,465,466,467,468,469]]],"properties":{"country":"SWZ","title":"Shiselweni urban","color":"#ccffcc","year":2020,"id":"18468232","from":"Jun 2020","to":"Sep 2020"},"id":"feature_07"},{"type":"MultiPolygon","arcs":[[[-458,470,471,472,473,474,475,476,-463,477,478,479,480,481,482,483,484,485,486,487,488,489,490,491,492,493,494,495,496,497,498,499,500,501,502,503,504,505,506,507,508,509,510,511,512,513,514,515,516,517,518,519,520,521,522,523,524,525,526,527,528,529,530,531,532,533,534,535,536,537,538,539,540,541,542,543,544,545,546,547,548,549,550,551,552,553,554,555,556,557,558,559,560,561,562,563,564,565,566,567,568,569],[570,571,572,573,574,575,576,577,578]],[[579,580,581,582,583,584,585,586,587,588,589,590,591,592,593,594,595,596,597,598,599,600,601,602,603,604,605,606,607,608,609,610,611,612,613,614,615,616,617,618,619,620,621,622,623,624,625,626,627,628,629,630,631,632,633,634,635,636,637,638,639,640,641,642,643,644,645,646,647,648,649,650,651,652,653,654,655,656,657,658,659,660,661,662,663,664,665,666,667,668,669,670,671,672,673,674,675,676,677,678,679,680,681,682,683,684,685,686,687,688,689,690,691,692,693,694,695,696,697,698,699,700,701,702,703]],[[704,705,706,707,708,709,710,711,712,713,714,715,716,717,718,719,720,721,722,723,-273,724,725,726,727,728,729,730,731,732,733,734,735,736,737,738,739,740,741,742,743,744,745,746,747,748,749,750,751,752,753,754,755,756,757,758,759,760,761,762]]],"properties":{"country":"SWZ","title":"Timber highlands","color":"#e67800","year":2021,"id":"24250304","from":"Jul 2021","to":"Sep 2021"},"id":"feature_08"},{"type":"MultiPolygon","arcs":[[[763,764,765,766,767,768,769,770,771,772,773,774,775,776,777,778,779,780,781,782,783,784,785,786,787,788,789,790,791,792,793,794,795,796,797,798,799,800,801,802,803,804,805,806,807,808,809,810,811,812,813,814,815,816,817,818,819,820,821,822,823,824,825,826,827,828,829,830,831,832,833,834,835,836,837,838,839,840,841,842,843,844,845,846,847,848,849,850,851,852,853,854,855,856,857,858,859,860,861,862,863,864,865,866,867,868,869,870,871,872,873,874,875,876,877,878,879,880,881,882,883,884,885,886,887,888,889,890,891,892,893,894,895,896,897,898,899,900,901,902,903,904,905,906,907,908,909,910,911,912,913,914,915,916,917,918,919,920,921,922,923,924,925,926,927,928,929,930,931,932,933,934,935,936,937,938,939,940,941,942,943,944,945,946,947,948,949,950,951,952,953,954,955,956,957,958,959,960,961,962,963,964,965,966,967,968,969,970,971,972,973,974,975,976,977,978,979,980,981,982,983,984,985,986,987,988,989,990,991,992,993,994,995,996,997,998,999,1000,1001,1002,1003,1004,1005,1006,1007,1008,1009,1010,1011,1012,1013,1014,1015,1016,1017,1018,1019,1020,1021,1022,1023,1024,1025,1026,1027,1028,1029,1030,1031,1032,1033,1034,1035,1036,1037,1038,1039,1040,1041,1042,1043,1044,1045]],[[1046,1047,1048,1049,1050,1051,1052,1053,1054,1055,1056,1057,1058,1059,1060,1061,1062,1063,1064,1065,1066,1067,1068,1069,1070,1071,1072,1073,1074,1075,1076,1077,1078,1079,1080,1081,1082,1083,1084,1085,1086,1087,1088,1089,1090,1091,1092,1093,1094,1095,1096,1097,1098,1099,1100,1101,1102,1103,1104,1105,1106,1107,1108,1109,1110,1111,1112,1113,1114,1115,1116,1117,1118,1119,1120,1121,1122,1123,1124,1125,1126,1127,1128,1129,1130,1131,1132,1133,1134,1135,1136,1137,1138,1139,1140,1141,1142,1143,1144,1145,1146,1147,1148,1149,1150,1151,1152,1153,1154,1155,1156,1157,1158,1159,1160,1161,1162,1163,1164,1165,1166,1167,1168,1169,1170,1171,1172,1173,1174,1175,1176,1177,1178,1179,1180,1181,1182,1183,1184,1185,1186,1187,1188,1189,1190,1191,1192,1193,1194,1195,1196,1197,1198,1199,1200,1201,1202,1203,1204,1205,1206,1207,1208,1209,1210,1211,1212,1213,1214,1215,1216,1217,1218,1219,1220,1221,1222,1223,1224,1225,1226,1227,1228,1229,1230,1231,1232,1233,1234,1235,1236,1237,1238,1239,1240,1241,1242,1243,1244,1245,1246,1247,1248,1249,1250,1251,1252,1253,1254,1255,1256,1257,1258,1259,1260,1261,1262,1263,1264,1265],[1266,1266,1266]],[[1267,1268,1269,1270,1271,1272,1273,1274,1275,1276,1277,1278,1279,1280,1281,1282,1283,1284,1285,1286,1287,1288,1289,1290,1291,1292,1293,1294,1295,1296,1297,1298,1299,1300,1301,1302,1303,1304,1305,1306,1307,1308,1309,1310,1311,1312,1313,1314,1315,1316,1317,1318,1319,1320,1321,1322,1323,1324,1325,1326,1327,1328,1329,1330,1331,1332,1333,1334,1335,1336,1337,1338,1339,1340,1341,1342,1343,1344,1345,1346,1347,1348,1349,1350,1351,1352,1353,1354,1355,1356,1357,1358,1359,1360,1361,1362,1363,1364,1365,1366,1367,1368,1369,1370,1371,1372,1373,1374,1375,1376,1377,1378,1379,1380,1381,1382,1383,1384,1385,1386,1387,1388,1389,1390,1391,1392,1393,1394,1395,1396,1397,1398,1399,1400,1401,1402,1403,1404,1405,1406,1407,1408,1409,1410,1411,1412,1413,1414,1415,1416,1417,1418,1419,1420,1421,1422,1423,1424,1425,1426,1427,1428,1429,1430,1431,1432,1433,1434,1435,1436,1437,1438,1439,1440,1441,1442,1443,1444,1445,1446,1447,1448,1449,1450,1451,1452,1453,1454,1455,1456,1457,1458,1459,1460,1461,1462,1463,1464,1465,1466,1467,1468,1469,1470,1471,1472,1473,1474,1475,1476,1477,1478,1479,1480,1481,1482,1483,1484,1485,1486,1487,1488,1489,1490,1491,1492,1493,1494,1495,1496,1497,1498,1499,1500,1501,1502,1503,1504,1505,1506,1507,1508,1509,1510,1511,1512,1513,-399]],[[1514,1515,1516,1517,1518,1519,1520,1521,1522,1523,1524,1525,1526,1527,1528,1529,1530,1531,1532,1533,1534,1535,1536,1537,1538,1539,1540,1541,1542,1543,1544,1545,1546,1547,1548,1549,1550,1551,1552,1553,1554,1555,1556,1557,1558,1559,1560,1561,1562,1563,1564,1565,1566,1567,1568,1569,1570,1571,1572,1573,1574,1575,1576,1577,1578,1579,1580,1581,1582,1583,1584,1585,1586,1587,1588,1589,1590,1591,1592,1593,1594,1595,1596,1597,1598,1599,1600,1601,1602,1603,1604,1605,1606,1607,1608,1609,1610,1611,1612,1613,1614,1615,1616,1617,1618,1619,1620,1621,1622,1623,1624,1625,1626,1627,1628,1629,1630,1631,1632,1633,1634,1635,1636,1637,1638,1639,1640,1641,1642,1643,1644,1645,1646,1647,1648,1649,1650,1651,1652,1653,1654,1655,1656,1657,1658,1659,1660,1661,1662,1663,1664,1665,1666,1667,1668,1669,1670,1671,1672,1673,1674,1675,1676,1677,1678,1679,1680,1681,1682,1683,1684,1685,1686,1687,1688,1689,1690,1691,1692,1693,1694,1695,1696,1697,1698,1699,1700,1701,1702,1703,1704,1705,1706,1707,1708,1709,1710,1711,1712,1713,1714,1715,1716,1717,1718,1719,1720,1721,1722,1723,1724,1725,1726,1727,1728,1729,1730,1731,1732,1733,1734,1735,1736,1737,1738,1739,1740,1741]]],"properties":{"country":"SWZ","title":"Dry middleveld","color":"#c80000","year":2021,"id":"24250306","from":"Jul 2021","to":"Sep 2021"},"id":"feature_09"},{"type":"MultiPolygon","arcs":[[[1742,1743,1744,1745,1746,1747,1748,-661,-660,-659,-658,-657,-656,-655,-654,-653,-652,-651,-650,-649,-648,-647,-646,-645,-644,-643,-642,-641,1749,-638,-637,-636,-635,-634,-633,-632,-631,-630,-629,-628,-627,-626,-625,-624,-623,-622,-621,-620,-619,-618,-617,-616,-615,-614,-613,1750,1751,1752,1753,1754,1755,1756,1757,1758,1759,1760,1761,1762,1763,1764,1765,1766,1767,1768,1769,1770,1771,1772,-522,-521,-520,-519,1773,1774,-515,-514,-513,-512,-511,-510,-509,-508,-507,-506,-505,-504,-503,-502,-501,-500,-499,-498,1775,1776,1777,1778,1779,-493,-492,-491,-490,-489,-488,-487,-486,-485,-484,-483,-482,-481,-480,-479,-478,1780,-459,-570,-569,-568,-567,-566,1781,1782,1783,-563,-562,-561,-560,-559,-558,-557,-556,-555,-554,1784,1785,1786,1787,-551,-550,-549,-548,-547,-546,-545,-544,-543,-542,-541,-540,-539,-538,-537,-536,-535,-534,1788,1789,1790,-532,-531,-530,-529,1791,1792,1793,1794,1795,1796,1797,1798,1799,1800,1801,1802,1803,1804,1805,1806,1807,1808,1809,-880,-879,-878,-877,-876,-875,-874,1810,1811,1812,1813,1814,1815,1816,1817,1818,1819,1820,1821,1822,1823,1824,1825,1826,1827,1828,1829,1830,1831,1832,1833,1834,1835,1836,1837,1838,1839,1840,1841,1842,1843,1844,1845,1846,1847,1848,1849,1850,1851,1852,-778,-777,-776,-775,-774,-773,1853,1854,1855,1856,1857,1858,1859,1860,1861,-1418,-1417,-1416,-1415,-1414,-1413,-1412,-1411,1862,1863,1864,-1408,-1407,-1406,-1405,-1404,-1403,1865,1866,1867,-1400,-1399,-1398,-1397,-1396,-1395,-1394,-1393,-1392,-1391,-1390,-1389,-1388,-1387,-1386,1868,1869,1870,1871,1872,-1364,-1363,-1362,-1361,-1360,-1359,-1358,-1357,-1356,-1355,-1354,-1353,-1352,-1351,-1350,-1349,-1348,-1347,-1346,-1345,-1344,-1343,-1342,1873,1874,1875,1876,-1335,1877,1878,1879,1880,1881,1882,1883,1884,1885,1886,1887,1888,1889,1890,1891,1892,1893,1894,1895,1896,1897,1898,1899],[1900,1901,1902,1903,1904,1905,1906,1907,1908,1909,1910,1911]],[[-723,-722,-721,-720,-719,-718,-717,1912,-714,-713,1913,1914,1915,1916,1917,1918,1919,1920,1921,1922,1923,1924,1925,1926,1927,1928,1929,1930,1931,1932,1933,1934,1935,1936,1937,1938,1939,1940,1941,1942,1943,1944,1945,1946,1947,1948,1949,1950,1951,1952,1953,1954,1955,1956,1957,1958,1959,1960,1961,1962,1963,1964,1965,-187,1966,1967,1968,1969,1970,1971,1972,1973,1974,1975,1976,1977,1978,1979,1980,1981,1982,1983,1984,1985,1986,1987,1988,1989,1990,1991,1992,1993,1994,1995,1996,1997,1998,1999,2000,2001,2002,2003,2004,2005,2006,2007,2008,2009,2010,2011,2012,2013,2014,2015,2016,2017,2018,2019,2020,2021,2022,2023,2024,2025,2026,2027,2028,2029,2030,2031,2032,2033,2034,2035,2036,2037,2038,2039,2040,2041,2042,2043,2044,2045,2046,2047,2048,2049,2050,2051,2052,2053,2054,2055,2056,2057,2058,2059,2060,2061,2062,2063,2064,2065,2066,2067,2068,2069,2070,2071,2072,2073,2074,2075,2076,2077,2078,2079,2080,2081,2082,2083,2084,2085,2086,2087,2088,2089,2090,2091,2092,2093,2094,2095]]],"properties":{"country":"SWZ","title":"Highveld cattle and maize","color":"#e67800","year":2021,"id":"24250308","from":"Jul 2021","to":"Sep 2021"},"id":"feature_10"},{"type":"MultiPolygon","arcs":[[[2096,2097,2098,2099,2100,2101,2102,2103,2104,2105,2106,2107,2108,2109,2110,2111,2112,2113,2114,2115,2116,2117,55,2118,2119,2120,2121,2122,2123,2124,2125,2126,2127,2128,2129,2130,2131,2132,2133,2134,2135,2136,2137,2138,2139,2140,2141,2142,2143,2144,2145,2146,2147,2148,2149,2150,2151,2152,2153,2154,2155,2156,2157,2158,2159,2160,2161,2162,2163,2164,2165,2166,2167,2168,2169,2170,2171,2172,2173,2174,2175,2176,2177,2178,2179,2180,2181,2182,2183,2184,2185,2186,2187,2188,2189,2190,2191,2192,2193,2194,2195,2196,2197,2198,2199,2200,2201,2202,2203,2204]],[[2205,2206,2207,2208,2209,2210,2211,2212,2213,2214,2215,2216,2217,2218,2219,2220,2221,2222,2223,2224,2225,2226,2227,2228,2229,2230,2231,2232,2233,2234,2235,2236,2237,2238,2239,2240,2241,2242,2243,2244,2245,2246,2247]]],"properties":{"country":"SWZ","title":"Lubombo plateau","color":"#c80000","year":2021,"id":"24250310","from":"Jul 2021","to":"Sep 2021"},"id":"feature_11"},{"type":"MultiPolygon","arcs":[[[-945,-944,-943,-942,-941,-940,-939,-938,-937,-936,-935,-934,-933,-932,-931,-930,-929,-928,-927,-926,-925,-924,-923,-922,-921,-920,-919,-918,-917,-916,-915,-914,-913,-912,-911,-910,-909,-908,-907,-906,-905,-904,-903,-902,-901,-900,-899,-898,-897,-896,-895,-894,-893,-892,-891,-890,-889,-888,-887,-886,2248,2249,-883,-882,2250,-1809,-1808,-1807,-1806,-1805,2251,2252,2253,-1799,2254,2255,-1796,-1795,-1794,-1793,2256,2257]],[[2258,2259,2260,-1826,-1825,-1824,-1823,-1822,-1821,-1820,-1819,-1818,-1817,-1816,-1815,2261,2262,2263,-870,-869,2264,2265,-864,-863,-862,-861,2266,-1829]],[[-840,-839,-838,-837,-836,-835,-834,-833,-832,-831,-830,-829,-828,-827,-826,-825,-824,-823,-822,-821,-820,-819,-818,-817,-816,-815,-814,-813,-812,-811,-810,-809,2267,-806,-805,-804,-803,-802,-801,-800,-799,-798,-797,-796,-795,-794,-793,-792,-791,-790,-789,-788,-787,-786,-785,-784,2268,2269,-780,2270,-1852,2271,-1848,2272,2273,-1845,-1844,-1843,-1842,-1841,-1840,-1839,-1838,-1837,-1836,-1835,-1834,-1833,-1832,2274,-855,2275,2276,2277,2278,2279,2280,2281,2282,2283,-849,-848,-847,-846,-845,-844,2284,2285,2286,2287,2288]],[[2289,2290,2291,2292,2293,2294,2295,-1665,-1664,-1663,-1662,-1661,-1660,2296,2297,2298,2299,-1655,-1654,-1653,-1652,-1651,2300,2301,-1648,-1647,-1646,2302,2303,-1643,-1642,-1641,-1640,-1639,-1638,-1637,2304,2305]],[[2306,2307,2308,2309]],[[2310,2311,2312,2313,2314,2315,2316,2317,2318,2319,2320,2321,2322,2323,2324,2325,2326,2327,2328,2329,2330,2331,2332,2333,2334,2335,2336,2337,-1892,-1891,-1890,-1889,-1888,-1887,-1886,-1885,-1884,-1883,-1882,-1881,-1880,2338,-1331,-1330,-1329,-1328,-1327,-1326,2339,2340,2341,-1321,-1320,-1319,2342,2343,2344,2345,2346,2347,2348,2349,-1305,2350,2351,2352,-1301,-1300,2353,-1297,2354,2355,2356,2357,-1292,-1291,-1290,-1289,-1288,-1287,-1286,-1285,-1284]],[[-1514,-1513,-1512,-1511,-1510,-1509,-1508,-1507,-1506,-1505,-1504,-1503,2358,2359,2360,2361,2362,2363,2364,398]],[[2365,2366,2367,2368,2369,2370,2371,2372,2373,2374,2375,2376,2377,2378,2379,-1434,-1433,-1432,-1431,-1430,-1429,-1428,-1427,-1426,-1425,-1424,-1423,-1422,-1421,-1420,2380,-1861,-1860,-1859,-1858,-1857,-1856,-1855,-1854,-772,-771,-770,-769,-768,2381,2382,2383,2384,2385,2386,2387,2388,2389,2390,2391]],[[-1373,-1372,-1371,-1370,-1369,-1368,-1367,-1366,2392,2393,2394,2395,-1380,-1379,-1378,-1377,-1376,2396,2397]],[[2398,-2040,-2039,-2038,-2037,-2036,-2035,-2034,-2033,-2032,-2031,-2030,-2029,-2028,-2027,-2026,-2025,-2024,-2023,-2022,-2021,-2020,-2019,-2018,-2017,-2016,-2015,-2014,-2013,-2012,-2011,-2010,-2009,-2008,-2007,-2006,-2005,-2004,-2003,2399,2400,2401,2402,2403,2404,2405,2406,2407,2408,2409,2410,2411,2412,2413,2414,2415,2416,2417,2418,2419,2420,2421,2422,2423,2424,2425,2426,2427,2428,2429,2430,2431,2432,2433,2434,-1584,-1583,-1582,-1581,-1580,-1579,-1578,-1577,-1576,-1575,-1574,-1573,-1572,-1571,-1570,-1569,-1568,-1567,-1566,-1565,-1564,-1563,-1562,-1561,-1560,-1559,-1558,-1557,-1556,-1555,-1554,-1553,-1552,-1551,-1550,-1549,-1548,-1547,-1546,-1545,-1544,-1543,-1542,-1541,-1540,-1539,-1538,-1537,-1536,-1535,-1534,2435,2436,2437,-1531,-1530,-1529,-1528,-1527,-1526,-1525,-1524,-1523]],[[2438,-735,-734,-733,-732,-731,-730,-729,-2094,2439,-2090,-2089,-2088,-2087,-2086,-2085,-2084,-2083,-2082,-2081,2440,2441,-2078,-2077,-2076,-2075,-2074,-2073,-2072,-2071,-2070,-2069,-2068,-2067,-2066,-2065,-2064,-2063,-2062,-2061,-2060,-2059,-2058,-2057,-2056,-2055,-2054,-2053,2442,2443,2444,2445,2446,2447,2448,2449,2450,2451,2452,2453,2454,2455,2456,2457,2458,2459,-1209,-1208,-1207,-1206,-1205,-1204,-1203,-1202,-1201,-1200,-1199,-1198,-1197,-1196,-1195]],[[2460,2461,2462,-1135,-1134,-1133,-1132,-1131,-1130,-1129,-1128,-1127,-1126,-1125,-1124,-1123,-1122,-1121,-1120,-1119,-1118,-1117,-1116,-1115,-1114,-1113,-1112,-1111,-1110,2463,2464,-1193,-1192,-1191,-1190,-1189,-1188,2465,-1185,2466,2467,2468,-1181,2469,2470,-1179,-1178,-1177,-1176,-1175,-1174,-1173,-1172,-1171,-1170,-1169,-1168,-1167,-1166,-1165,-1164,-1163,-1162,-1161,-1160,-1159,-1158,-1157,-1156,-1155,-1154,-1153,-1152,-1151,-1150,-1149,-1148,-1147,-1146,-1145,-1144,2471,2472]],[[2473,-705,-763,-762,-761,-760,-759,-758,-757,-756,-755,-754,-753,-752,-751,-750,2474,2475,2476,2477,-743,-742,-741,-740,-739,-738,2478,-1108,-1107,-1106,2479,2480,2481,-1102,-1101,-1100,-1099,-1098,-1097,-1096,-1095,-1094,-1093,-1092,-1091,-1090,-1089]],[[-1068,-1067,-1066,-1065,-1064,-1063,-1062,-1061,-1060,-1059,-1058,-1057,-1056,-1055,-1054,2482,2483,2484,2485,2486,-1078,-1077,-1076,2487,2488,2489,-1072,-1071,2490,2491]],[[2492,2493,2494,-1052,-1051,-1050,-1049]],[[2495,2496,2497,2498]],[[2499,2500,2501,2502,2503,2504,2505,2506,2507,2508,2509]],[[2510,2511,2512,372]],[[2513,2514,2515,2516,2517]]],"properties":{"country":"SWZ","title":"Moist middleveld","color":"#e67800","year":2021,"id":"24250312","from":"Jul 2021","to":"Sep 2021"},"id":"feature_12"},{"type":"Polygon","arcs":[[-1252,-1251,-1250,-1249,-1248,-1247,-1246,-1245,-1244,-1243,-1242,-1241,-1240,-1239,-1238,-1237,-1236,-1235,-1234,-1233,-1232,-1231,-1230,-1229,-1228,-1227,-1226,-1225,-1224,-1223,-1222,-1221,-1220,-1219,-1218,2518,2519,-1216,2520,-2453,-2452,-2451,-2450,-2449,-2448,-2447,-2446,-2445,-2444,2521,2522,2523,-2050,-2049,-2048,-2047,-2046,-2045,-2044,-2043,2524,-1520,-1519,-1518,-1517,-1516,-1515,-1742,-1741,-1740,-1739,-1738,-1737,-1736,-1735,-1734,-1733,-1732,-1731,-1730,-1729,-1728,-1727,-1726,-1725,-1724,-1723,-1722,-1721,-1720,-1719,-1718,-1717,-1716,-1715,-1714,-1713,-1712,-1711,-1710,-1709,-1708,-1707,-1706,-1705,-1704,-1703,-1702,-1701,-1700,-1699,2525,2526,-1695,-1694,-1693,-1692,-1691,-1690,-1689,-1688,-1687,-1686,-1685,-1684,-1683,-1682,-1681,-1680,-1679,-1678,-1677,-1676,-1675,-1674,-1673,-1672,-1671,2527,2528,2529,-2306,-2305,-1636,2530,2531,2532,-1632,-1631,-1630,-1629,-1628,-1627,-1626,-1625,-1624,-1623,-1622,-1621,-1620,-1619,-1618,2533,2534,2535,2536,2537,2538,-1471,-1470,-1469,-1468,2539,2540,2541,2542,-1462,-1461,-1460,2543,2544,-1457,-1456,-1455,-1454,-1453,-1452,-1451,-1450,-1449,-1448,-1447,-1446,-1445,-1444,-1443,-1442,-1441,-1440,2545,2546,-1437,-1436,2547,-2378,2548,2549,2550,-2375,2551,2552,2553,-2373,2554,2555,-2370,-2369,-2368,2556,2557,-2392,-2391,-2390,2558,2559,-2388,-2387,-2386,-2385,-2384,-2383,2560,2561,2562,2563,2564,-1046,-1045,-1044,2565,2566,-1042,-1041,-1040,-1039,-1038,-1037,-1036,-1035,-1034,-1033,-1032,-1031,-1030,-1029,-1028,-1027,-1026,-1025,-1024,-1023,-1022,-1021,-1020,-1019,-1018,-1017,-1016,-1015,-1014,-1013,-1012,-1011,-1010,-1009,-1008,-1007,-1006,-1005,-1004,-1003,-1002,-1001,-1000,-999,-998,-997,-996,2567,-993,-992,2568,2569,2570,-987,-986,-985,-984,-983,-982,-981,-980,-979,-978,-977,-976,-975,-974,-973,-972,-971,-970,-969,-968,-967,-966,-965,-964,-963,-962,-961,-960,-959,-958,-957,-956,-955,-954,-953,-952,2571,2572,2573,-949,2574,2575,2576,2577,2578,2579,2580,441,2581,2582,2583,2584,2585,2586,2587,2588,2589,2590,2591,2592,2593,2594,2595,2596,2597,2598,2599,2600,2601,2602,2603,2604,2605,2606,2607,2608,2609,2610,2611,2612,2613,2614,2615,2616,2617,2618,2619,2620,2621,2622,2623,2624,2625,2626,2627,2628,2629,2630,2631,2632,-2205,-2204,-2203,-2202,-2201,-2200,-2199,-2198,-2197,-2196,-2195,-2194,-2193,-2192,-2191,-2190,-2189,-2188,-2187,-2186,-2185,-2184,-2183,-2182,-2181,-2180,-2179,-2178,-2177,-2176,-2175,-2174,-2173,-2172,2633,2634,2635,2636,2637,2638,2639,2640,2641,2642,-2164,-2163,-2162,2643,2644,2645,2646,2647,2648,2649,2650,2651,2652,2653,2654,2655,2656,2657,2658,2659,2660,2661,2662,2663,2664,2665,2666,2667,2668,2669,2670,2671,2672,2673,2674,2675,2676,2677,2678,2679,2680,2681,2682,2683,2684,2685,2686,2687,2688,2689,2690,2691,2692,2693,2694,2695,2696,2697,2698,2699,2700,2701,2702,2703,2704,2705,2706,2707,2708,2709,2710,2711,2712,2713,2714,2715,2716,2717,2718,2719,2720,2721,2722,2723,2724,2725,2726,2727,2728,2729,2730,2731,2732,2733,2734,2735,2736,2737,2738,2739,2740,2741,2742,2743,2744,2745,-1266,-1265,-1264,-1263,-1262,-1261,-1260,-1259,-1258,-1257,-1256,-1255,-1254,-1253],[2746,2747,2748,2749,2750,2751,2752,2753,2754,2755,2756,2757,2758,2759,2760,2761,2762,2763,2764,2765,2766,2767],[2768,2769,2770,2771,2772,2773,2774,2775,2776,2777,2778,2779],[2780,2781,2782,2783,2784,2785,2786,2787,2788,2789,2790,2791,2792,2793,2794,2795,2796]],"properties":{"country":"SWZ","title":"Lowveld cattle and maize","color":"#c80000","year":2021,"id":"24250314","from":"Jul 2021","to":"Sep 2021"},"id":"feature_13"},{"type":"MultiPolygon","arcs":[[[2797,2798,2799,2800,2801,2802,2803,2804,2805,2806]],[[2807,2808,2809,2810,2811]],[[2812,2813,2814,2815,2816]],[[2817,2818,-2331,-2330,-2329,-2328,-2327,-2326,2819,-361,2820,2821,2822,2823,2824,2825,2826,-354,2827,2828,2829,2830,-1745,2831,2832,-1900,-1899,-1898,-1897,-1896,-1895,2833,2834]],[[2835,2836,2837]],[[2838,2839,2840,2841,2842]],[[2843,2844,2845,2846,2847,2848,2849,2850,2851,2852,2853]],[[2854,2855,2856,2857]],[[2858,2859,2860,2861,2862,2863,2864,2865,2866,2867,2868,2869,2870,2871,2872,2873,2874,2875,2876,2877,2878,-606,-605,-604,2879,2880,2881,-600,-599,-598,-597,-596,-595,-594,-593,-592,-591,-590,-589,-588,-587,-586,-585,-584,-583,-582,-581,-580,-704,-703,-702,-701,-700,2882,2883,-696,-695,-694,-693,-692,-691,-690,-689,-688,2884,2885,2886,2887,-684,-683,-682,-681,-680,-679,-678,-677,2888,2889,2890,2891,2892,2893,2894,2895,2896,2897,2898,2899,2900,2901,2902,2903,2904,2905,2906,2907,2908,2909,2910,2911,2912,2913,2914,2915,2916,2917,2918,-2313,2919,2920,2921,-1282,-1281,-1280,2922,2923,2924,2925,2926,2927,2928,2929,2930,2931,2932,2933,2934,2935,2936,2937,2938,2939,2940,2941,2942,2943,2944,2945,2946,2947,2948,2949,2950,2951,2952,2953,-400,-435,2954,2955,2956,2957,2958,2959,2960,2961,2962,2963,2964,2965,2966,-1492,-1491,-1490,-1489,-1488,-1487,-1486,-1485,-1484,-1483,-1482,-1481,2967,2968,2969,2970,2971,-1475,2972,2973,-2537,-2536,-2535,2974,-1615,-1614,-1613,-1612,-1611,-1610,-1609,-1608,-1607,-1606,-1605,-1604,-1603,-1602,-1601,-1600,-1599,-1598,-1597,-1596,-1595,-1594,-1593,-1592,2975,2976,-1588,2977,2978,2979,2980,2981,2982,2983,-2432,-2431,-2430,-2429,-2428,-2427,-2426,-2425,-2424,-2423,-2422,-2421,-2420,-2419,-2418,-2417,-2416,-2415,-2414,-2413,-2412,-2411,-2410,2984,2985,-2406,-2405,-2404,-2403,-2402,-2401,2986,-2001,-2000,-1999,2987,2988,2989,2990,2991,2992,2993,2994,2995,2996,2997,2998,2999,3000,3001,3002,3003,3004,3005,3006,3007,3008,3009,3010,3011,3012,3013,3014,-192,3015,-1962,-1961]]],"properties":{"country":"SWZ","title":"Peri-urban","color":"#c80000","year":2021,"id":"24250316","from":"Jul 2021","to":"Sep 2021"},"id":"feature_14"},{"type":"MultiPolygon","arcs":[[[151,152,153,154,155,156,157,158,159,160,161,162,163,164,165,166,167,168,169,170,171,172,173]],[[174,175,176,177,178,179,180,181,182,183,184,185,186,187,188,189,190,191,192,193,194,195,196,197,198,199,200,201,202,203,204,205,206,207,208,209,210,211,212,213,214,215,216,217,218,219,220,221,222,223,224,225,226,227,228,229,230,231,232,233,234,235,236,237,238,239,240]],[[241,242,243,244,245,246,247,248,249,250,251,252,253,254,255,256,257,258,259,260,261,262,263,264,265,266,267]],[[268,269,270,271,272]]],"properties":{"country":"SWZ","title":"Hhohho urban","color":"#c80000","year":2021,"id":"24250318","from":"Jul 2021","to":"Sep 2021"},"id":"feature_15"},{"type":"MultiPolygon","arcs":[[[273,274,275,276,277,278,279,280,281,282]],[[283,284,285,286,287,288,289,290]]],"properties":{"country":"SWZ","title":"Lubombo urban","color":"#c80000","year":2021,"id":"24250320","from":"Jul 2021","to":"Sep 2021"},"id":"feature_16"},{"type":"MultiPolygon","arcs":[[[291,292,293,294,295,296,297,298,299,300]],[[301,302,303,304,305,306,307,308,309,310,311,312,313,314,315,316,317,318,319,320,321,322,323,324,325,326,327,328,329,330,331,332,333,334,335,336,337,338,339,340,341,342,343,344,345,346,347,348,349,350,351,352,353,354,355,356,357,358,359,360]],[[361,362,363,364,365,366,367,368,369,370,371,372,373,374,375,376,377,378,379,380,381,382,383,384,385,386,387,388,389,390,391,392,393,394,395,396,397,398]],[[399,400,401,402,403,404,405,406,407,408,409,410,411,412,413,414,415,416,417,418,419,420,421,422,423,424,425,426,427,428,429,430,431,432,433,434]]],"properties":{"country":"SWZ","title":"Manzini urban","color":"#c80000","year":2021,"id":"24250322","from":"Jul 2021","to":"Sep 2021"},"id":"feature_17"},{"type":"MultiPolygon","arcs":[[[435,436,437,438,439,440,441]],[[442,443,444,445,446,447,448,449,450,451,452,453,454,455,456]],[[457,458,459,460,461,462,463,464,465,466,467,468,469]]],"properties":{"country":"SWZ","title":"Shiselweni urban","color":"#c80000","year":2021,"id":"24250324","from":"Jul 2021","to":"Sep 2021"},"id":"feature_18"},{"type":"MultiPolygon","arcs":[[[151,152,153,154,155,156,157,158,159,160,161,162,163,164,165,166,167,168,169,170,171,172,173]],[[174,175,176,177,178,179,180,181,182,183,184,185,186,187,188,189,190,191,192,193,194,195,196,197,198,199,200,201,202,203,204,205,206,207,208,209,210,211,212,213,214,215,216,217,218,219,220,221,222,223,224,225,226,227,228,229,230,231,232,233,234,235,236,237,238,239,240]],[[241,242,243,244,245,246,247,248,249,250,251,252,253,254,255,256,257,258,259,260,261,262,263,264,265,266,267]],[[268,269,270,271,272]]],"properties":{"country":"SWZ","title":"Hhohho urban","color":"#e67800","year":2022,"id":"25914071","from":"Jun 2022","to":"Sep 2022"},"id":"feature_19"},{"type":"MultiPolygon","arcs":[[[273,274,275,276,277,278,279,280,281,282]],[[283,284,285,286,287,288,289,290]]],"properties":{"country":"SWZ","title":"Lubombo urban","color":"#c80000","year":2022,"id":"25914073","from":"Jun 2022","to":"Sep 2022"},"id":"feature_20"},{"type":"MultiPolygon","arcs":[[[291,292,293,294,295,296,297,298,299,300]],[[301,302,303,304,305,306,307,308,309,310,311,312,313,314,315,316,317,318,319,320,321,322,323,324,325,326,327,328,329,330,331,332,333,334,335,336,337,338,339,340,341,342,343,344,345,346,347,348,349,350,351,352,353,354,355,356,357,358,359,360]],[[361,362,363,364,365,366,367,368,369,370,371,372,373,374,375,376,377,378,379,380,381,382,383,384,385,386,387,388,389,390,391,392,393,394,395,396,397,398]],[[399,400,401,402,403,404,405,406,407,408,409,410,411,412,413,414,415,416,417,418,419,420,421,422,423,424,425,426,427,428,429,430,431,432,433,434]]],"properties":{"country":"SWZ","title":"Manzini urban","color":"#e67800","year":2022,"id":"25914075","from":"Jun 2022","to":"Sep 2022"},"id":"feature_21"},{"type":"MultiPolygon","arcs":[[[-945,-944,-943,-942,-941,-940,-939,-938,-937,-936,-935,-934,-933,-932,-931,-930,-929,-928,-927,-926,-925,-924,-923,-922,-921,-920,-919,-918,-917,-916,-915,-914,-913,-912,-911,-910,-909,-908,-907,-906,-905,-904,-903,-902,-901,-900,-899,-898,-897,-896,-895,-894,-893,-892,-891,-890,-889,-888,-887,-886,2248,2249,-883,-882,2250,-1809,-1808,-1807,-1806,-1805,2251,2252,2253,-1799,2254,2255,-1796,-1795,-1794,-1793,2256,2257]],[[2258,2259,2260,-1826,-1825,-1824,-1823,-1822,-1821,-1820,-1819,-1818,-1817,-1816,-1815,2261,2262,2263,-870,-869,2264,2265,-864,-863,-862,-861,2266,-1829]],[[-840,-839,-838,-837,-836,-835,-834,-833,-832,-831,-830,-829,-828,-827,-826,-825,-824,-823,-822,-821,-820,-819,-818,-817,-816,-815,-814,-813,-812,-811,-810,-809,2267,-806,-805,-804,-803,-802,-801,-800,-799,-798,-797,-796,-795,-794,-793,-792,-791,-790,-789,-788,-787,-786,-785,-784,2268,2269,-780,2270,-1852,2271,-1848,2272,2273,-1845,-1844,-1843,-1842,-1841,-1840,-1839,-1838,-1837,-1836,-1835,-1834,-1833,-1832,2274,-855,2275,2276,2277,2278,2279,2280,2281,2282,2283,-849,-848,-847,-846,-845,-844,2284,2285,2286,2287,2288]],[[2289,2290,2291,2292,2293,2294,2295,-1665,-1664,-1663,-1662,-1661,-1660,2296,2297,2298,2299,-1655,-1654,-1653,-1652,-1651,2300,2301,-1648,-1647,-1646,2302,2303,-1643,-1642,-1641,-1640,-1639,-1638,-1637,2304,2305]],[[2306,2307,2308,2309]],[[2310,2311,2312,2313,2314,2315,2316,2317,2318,2319,2320,2321,2322,2323,2324,2325,2326,2327,2328,2329,2330,2331,2332,2333,2334,2335,2336,2337,-1892,-1891,-1890,-1889,-1888,-1887,-1886,-1885,-1884,-1883,-1882,-1881,-1880,2338,-1331,-1330,-1329,-1328,-1327,-1326,2339,2340,2341,-1321,-1320,-1319,2342,2343,2344,2345,2346,2347,2348,2349,-1305,2350,2351,2352,-1301,-1300,2353,-1297,2354,2355,2356,2357,-1292,-1291,-1290,-1289,-1288,-1287,-1286,-1285,-1284]],[[-1514,-1513,-1512,-1511,-1510,-1509,-1508,-1507,-1506,-1505,-1504,-1503,2358,2359,2360,2361,2362,2363,2364,398]],[[2365,2366,2367,2368,2369,2370,2371,2372,2373,2374,2375,2376,2377,2378,2379,-1434,-1433,-1432,-1431,-1430,-1429,-1428,-1427,-1426,-1425,-1424,-1423,-1422,-1421,-1420,2380,-1861,-1860,-1859,-1858,-1857,-1856,-1855,-1854,-772,-771,-770,-769,-768,2381,2382,2383,2384,2385,2386,2387,2388,2389,2390,2391]],[[-1373,-1372,-1371,-1370,-1369,-1368,-1367,-1366,2392,2393,2394,2395,-1380,-1379,-1378,-1377,-1376,2396,2397]],[[2398,-2040,-2039,-2038,-2037,-2036,-2035,-2034,-2033,-2032,-2031,-2030,-2029,-2028,-2027,-2026,-2025,-2024,-2023,-2022,-2021,-2020,-2019,-2018,-2017,-2016,-2015,-2014,-2013,-2012,-2011,-2010,-2009,-2008,-2007,-2006,-2005,-2004,-2003,2399,2400,2401,2402,2403,2404,2405,2406,2407,2408,2409,2410,2411,2412,2413,2414,2415,2416,2417,2418,2419,2420,2421,2422,2423,2424,2425,2426,2427,2428,2429,2430,2431,2432,2433,2434,-1584,-1583,-1582,-1581,-1580,-1579,-1578,-1577,-1576,-1575,-1574,-1573,-1572,-1571,-1570,-1569,-1568,-1567,-1566,-1565,-1564,-1563,-1562,-1561,-1560,-1559,-1558,-1557,-1556,-1555,-1554,-1553,-1552,-1551,-1550,-1549,-1548,-1547,-1546,-1545,-1544,-1543,-1542,-1541,-1540,-1539,-1538,-1537,-1536,-1535,-1534,2435,2436,2437,-1531,-1530,-1529,-1528,-1527,-1526,-1525,-1524,-1523]],[[2438,-735,-734,-733,-732,-731,-730,-729,-2094,2439,-2090,-2089,-2088,-2087,-2086,-2085,-2084,-2083,-2082,-2081,2440,2441,-2078,-2077,-2076,-2075,-2074,-2073,-2072,-2071,-2070,-2069,-2068,-2067,-2066,-2065,-2064,-2063,-2062,-2061,-2060,-2059,-2058,-2057,-2056,-2055,-2054,-2053,2442,2443,2444,2445,2446,2447,2448,2449,2450,2451,2452,2453,2454,2455,2456,2457,2458,2459,-1209,-1208,-1207,-1206,-1205,-1204,-1203,-1202,-1201,-1200,-1199,-1198,-1197,-1196,-1195]],[[2460,2461,2462,-1135,-1134,-1133,-1132,-1131,-1130,-1129,-1128,-1127,-1126,-1125,-1124,-1123,-1122,-1121,-1120,-1119,-1118,-1117,-1116,-1115,-1114,-1113,-1112,-1111,-1110,2463,2464,-1193,-1192,-1191,-1190,-1189,-1188,2465,-1185,2466,2467,2468,-1181,2469,2470,-1179,-1178,-1177,-1176,-1175,-1174,-1173,-1172,-1171,-1170,-1169,-1168,-1167,-1166,-1165,-1164,-1163,-1162,-1161,-1160,-1159,-1158,-1157,-1156,-1155,-1154,-1153,-1152,-1151,-1150,-1149,-1148,-1147,-1146,-1145,-1144,2471,2472]],[[2473,-705,-763,-762,-761,-760,-759,-758,-757,-756,-755,-754,-753,-752,-751,-750,2474,2475,2476,2477,-743,-742,-741,-740,-739,-738,2478,-1108,-1107,-1106,2479,2480,2481,-1102,-1101,-1100,-1099,-1098,-1097,-1096,-1095,-1094,-1093,-1092,-1091,-1090,-1089]],[[-1068,-1067,-1066,-1065,-1064,-1063,-1062,-1061,-1060,-1059,-1058,-1057,-1056,-1055,-1054,2482,2483,2484,2485,2486,-1078,-1077,-1076,2487,2488,2489,-1072,-1071,2490,2491]],[[2492,2493,2494,-1052,-1051,-1050,-1049]],[[2495,2496,2497,2498]],[[2499,2500,2501,2502,2503,2504,2505,2506,2507,2508,2509]],[[2510,2511,2512,372]],[[2513,2514,2515,2516,2517]]],"properties":{"country":"SWZ","title":"Moist middleveld","color":"#c80000","year":2022,"id":"25914077","from":"Jun 2022","to":"Sep 2022"},"id":"feature_22"},{"type":"MultiPolygon","arcs":[[[2096,2097,2098,2099,2100,2101,2102,2103,2104,2105,2106,2107,2108,2109,2110,2111,2112,2113,2114,2115,2116,2117,55,2118,2119,2120,2121,2122,2123,2124,2125,2126,2127,2128,2129,2130,2131,2132,2133,2134,2135,2136,2137,2138,2139,2140,2141,2142,2143,2144,2145,2146,2147,2148,2149,2150,2151,2152,2153,2154,2155,2156,2157,2158,2159,2160,2161,2162,2163,2164,2165,2166,2167,2168,2169,2170,2171,2172,2173,2174,2175,2176,2177,2178,2179,2180,2181,2182,2183,2184,2185,2186,2187,2188,2189,2190,2191,2192,2193,2194,2195,2196,2197,2198,2199,2200,2201,2202,2203,2204]],[[2205,2206,2207,2208,2209,2210,2211,2212,2213,2214,2215,2216,2217,2218,2219,2220,2221,2222,2223,2224,2225,2226,2227,2228,2229,2230,2231,2232,2233,2234,2235,2236,2237,2238,2239,2240,2241,2242,2243,2244,2245,2246,2247]]],"properties":{"country":"SWZ","title":"Lubombo plateau","color":"#c80000","year":2022,"id":"25914079","from":"Jun 2022","to":"Sep 2022"},"id":"feature_23"},{"type":"MultiPolygon","arcs":[[[2797,2798,2799,2800,2801,2802,2803,2804,2805,2806]],[[2807,2808,2809,2810,2811]],[[2812,2813,2814,2815,2816]],[[2817,2818,-2331,-2330,-2329,-2328,-2327,-2326,2819,-361,2820,2821,2822,2823,2824,2825,2826,-354,2827,2828,2829,2830,-1745,2831,2832,-1900,-1899,-1898,-1897,-1896,-1895,2833,2834]],[[2835,2836,2837]],[[2838,2839,2840,2841,2842]],[[2843,2844,2845,2846,2847,2848,2849,2850,2851,2852,2853]],[[2854,2855,2856,2857]],[[2858,2859,2860,2861,2862,2863,2864,2865,2866,2867,2868,2869,2870,2871,2872,2873,2874,2875,2876,2877,2878,-606,-605,-604,2879,2880,2881,-600,-599,-598,-597,-596,-595,-594,-593,-592,-591,-590,-589,-588,-587,-586,-585,-584,-583,-582,-581,-580,-704,-703,-702,-701,-700,2882,2883,-696,-695,-694,-693,-692,-691,-690,-689,-688,2884,2885,2886,2887,-684,-683,-682,-681,-680,-679,-678,-677,2888,2889,2890,2891,2892,2893,2894,2895,2896,2897,2898,2899,2900,2901,2902,2903,2904,2905,2906,2907,2908,2909,2910,2911,2912,2913,2914,2915,2916,2917,2918,-2313,2919,2920,2921,-1282,-1281,-1280,2922,2923,2924,2925,2926,2927,2928,2929,2930,2931,2932,2933,2934,2935,2936,2937,2938,2939,2940,2941,2942,2943,2944,2945,2946,2947,2948,2949,2950,2951,2952,2953,-400,-435,2954,2955,2956,2957,2958,2959,2960,2961,2962,2963,2964,2965,2966,-1492,-1491,-1490,-1489,-1488,-1487,-1486,-1485,-1484,-1483,-1482,-1481,2967,2968,2969,2970,2971,-1475,2972,2973,-2537,-2536,-2535,2974,-1615,-1614,-1613,-1612,-1611,-1610,-1609,-1608,-1607,-1606,-1605,-1604,-1603,-1602,-1601,-1600,-1599,-1598,-1597,-1596,-1595,-1594,-1593,-1592,2975,2976,-1588,2977,2978,2979,2980,2981,2982,2983,-2432,-2431,-2430,-2429,-2428,-2427,-2426,-2425,-2424,-2423,-2422,-2421,-2420,-2419,-2418,-2417,-2416,-2415,-2414,-2413,-2412,-2411,-2410,2984,2985,-2406,-2405,-2404,-2403,-2402,-2401,2986,-2001,-2000,-1999,2987,2988,2989,2990,2991,2992,2993,2994,2995,2996,2997,2998,2999,3000,3001,3002,3003,3004,3005,3006,3007,3008,3009,3010,3011,3012,3013,3014,-192,3015,-1962,-1961]]],"properties":{"country":"SWZ","title":"Peri-urban","color":"#c80000","year":2022,"id":"25914081","from":"Jun 2022","to":"Sep 2022"},"id":"feature_24"},{"type":"MultiPolygon","arcs":[[[435,436,437,438,439,440,441]],[[442,443,444,445,446,447,448,449,450,451,452,453,454,455,456]],[[457,458,459,460,461,462,463,464,465,466,467,468,469]]],"properties":{"country":"SWZ","title":"Shiselweni urban","color":"#e67800","year":2022,"id":"25914083","from":"Jun 2022","to":"Sep 2022"},"id":"feature_25"},{"type":"MultiPolygon","arcs":[[[-458,470,471,472,473,474,475,476,-463,477,478,479,480,481,482,483,484,485,486,487,488,489,490,491,492,493,494,495,496,497,498,499,500,501,502,503,504,505,506,507,508,509,510,511,512,513,514,515,516,517,518,519,520,521,522,523,524,525,526,527,528,529,530,531,532,533,534,535,536,537,538,539,540,541,542,543,544,545,546,547,548,549,550,551,552,553,554,555,556,557,558,559,560,561,562,563,564,565,566,567,568,569],[570,571,572,573,574,575,576,577,578]],[[579,580,581,582,583,584,585,586,587,588,589,590,591,592,593,594,595,596,597,598,599,600,601,602,603,604,605,606,607,608,609,610,611,612,613,614,615,616,617,618,619,620,621,622,623,624,625,626,627,628,629,630,631,632,633,634,635,636,637,638,639,640,641,642,643,644,645,646,647,648,649,650,651,652,653,654,655,656,657,658,659,660,661,662,663,664,665,666,667,668,669,670,671,672,673,674,675,676,677,678,679,680,681,682,683,684,685,686,687,688,689,690,691,692,693,694,695,696,697,698,699,700,701,702,703]],[[704,705,706,707,708,709,710,711,712,713,714,715,716,717,718,719,720,721,722,723,-273,724,725,726,727,728,729,730,731,732,733,734,735,736,737,738,739,740,741,742,743,744,745,746,747,748,749,750,751,752,753,754,755,756,757,758,759,760,761,762]]],"properties":{"country":"SWZ","title":"Timber highlands","color":"#e67800","year":2022,"id":"25914085","from":"Jun 2022","to":"Sep 2022"},"id":"feature_26"},{"type":"Polygon","arcs":[[-1252,-1251,-1250,-1249,-1248,-1247,-1246,-1245,-1244,-1243,-1242,-1241,-1240,-1239,-1238,-1237,-1236,-1235,-1234,-1233,-1232,-1231,-1230,-1229,-1228,-1227,-1226,-1225,-1224,-1223,-1222,-1221,-1220,-1219,-1218,2518,2519,-1216,2520,-2453,-2452,-2451,-2450,-2449,-2448,-2447,-2446,-2445,-2444,2521,2522,2523,-2050,-2049,-2048,-2047,-2046,-2045,-2044,-2043,2524,-1520,-1519,-1518,-1517,-1516,-1515,-1742,-1741,-1740,-1739,-1738,-1737,-1736,-1735,-1734,-1733,-1732,-1731,-1730,-1729,-1728,-1727,-1726,-1725,-1724,-1723,-1722,-1721,-1720,-1719,-1718,-1717,-1716,-1715,-1714,-1713,-1712,-1711,-1710,-1709,-1708,-1707,-1706,-1705,-1704,-1703,-1702,-1701,-1700,-1699,2525,2526,-1695,-1694,-1693,-1692,-1691,-1690,-1689,-1688,-1687,-1686,-1685,-1684,-1683,-1682,-1681,-1680,-1679,-1678,-1677,-1676,-1675,-1674,-1673,-1672,-1671,2527,2528,2529,-2306,-2305,-1636,2530,2531,2532,-1632,-1631,-1630,-1629,-1628,-1627,-1626,-1625,-1624,-1623,-1622,-1621,-1620,-1619,-1618,2533,2534,2535,2536,2537,2538,-1471,-1470,-1469,-1468,2539,2540,2541,2542,-1462,-1461,-1460,2543,2544,-1457,-1456,-1455,-1454,-1453,-1452,-1451,-1450,-1449,-1448,-1447,-1446,-1445,-1444,-1443,-1442,-1441,-1440,2545,2546,-1437,-1436,2547,-2378,2548,2549,2550,-2375,2551,2552,2553,-2373,2554,2555,-2370,-2369,-2368,2556,2557,-2392,-2391,-2390,2558,2559,-2388,-2387,-2386,-2385,-2384,-2383,2560,2561,2562,2563,2564,-1046,-1045,-1044,2565,2566,-1042,-1041,-1040,-1039,-1038,-1037,-1036,-1035,-1034,-1033,-1032,-1031,-1030,-1029,-1028,-1027,-1026,-1025,-1024,-1023,-1022,-1021,-1020,-1019,-1018,-1017,-1016,-1015,-1014,-1013,-1012,-1011,-1010,-1009,-1008,-1007,-1006,-1005,-1004,-1003,-1002,-1001,-1000,-999,-998,-997,-996,2567,-993,-992,2568,2569,2570,-987,-986,-985,-984,-983,-982,-981,-980,-979,-978,-977,-976,-975,-974,-973,-972,-971,-970,-969,-968,-967,-966,-965,-964,-963,-962,-961,-960,-959,-958,-957,-956,-955,-954,-953,-952,2571,2572,2573,-949,2574,2575,2576,2577,2578,2579,2580,441,2581,2582,2583,2584,2585,2586,2587,2588,2589,2590,2591,2592,2593,2594,2595,2596,2597,2598,2599,2600,2601,2602,2603,2604,2605,2606,2607,2608,2609,2610,2611,2612,2613,2614,2615,2616,2617,2618,2619,2620,2621,2622,2623,2624,2625,2626,2627,2628,2629,2630,2631,2632,-2205,-2204,-2203,-2202,-2201,-2200,-2199,-2198,-2197,-2196,-2195,-2194,-2193,-2192,-2191,-2190,-2189,-2188,-2187,-2186,-2185,-2184,-2183,-2182,-2181,-2180,-2179,-2178,-2177,-2176,-2175,-2174,-2173,-2172,2633,2634,2635,2636,2637,2638,2639,2640,2641,2642,-2164,-2163,-2162,2643,2644,2645,2646,2647,2648,2649,2650,2651,2652,2653,2654,2655,2656,2657,2658,2659,2660,2661,2662,2663,2664,2665,2666,2667,2668,2669,2670,2671,2672,2673,2674,2675,2676,2677,2678,2679,2680,2681,2682,2683,2684,2685,2686,2687,2688,2689,2690,2691,2692,2693,2694,2695,2696,2697,2698,2699,2700,2701,2702,2703,2704,2705,2706,2707,2708,2709,2710,2711,2712,2713,2714,2715,2716,2717,2718,2719,2720,2721,2722,2723,2724,2725,2726,2727,2728,2729,2730,2731,2732,2733,2734,2735,2736,2737,2738,2739,2740,2741,2742,2743,2744,2745,-1266,-1265,-1264,-1263,-1262,-1261,-1260,-1259,-1258,-1257,-1256,-1255,-1254,-1253],[2746,2747,2748,2749,2750,2751,2752,2753,2754,2755,2756,2757,2758,2759,2760,2761,2762,2763,2764,2765,2766,2767],[2768,2769,2770,2771,2772,2773,2774,2775,2776,2777,2778,2779],[2780,2781,2782,2783,2784,2785,2786,2787,2788,2789,2790,2791,2792,2793,2794,2795,2796]],"properties":{"country":"SWZ","title":"Lowveld cattle and maize","color":"#c80000","year":2022,"id":"25914087","from":"Jun 2022","to":"Sep 2022"},"id":"feature_27"},{"type":"MultiPolygon","arcs":[[[763,764,765,766,767,768,769,770,771,772,773,774,775,776,777,778,779,780,781,782,783,784,785,786,787,788,789,790,791,792,793,794,795,796,797,798,799,800,801,802,803,804,805,806,807,808,809,810,811,812,813,814,815,816,817,818,819,820,821,822,823,824,825,826,827,828,829,830,831,832,833,834,835,836,837,838,839,840,841,842,843,844,845,846,847,848,849,850,851,852,853,854,855,856,857,858,859,860,861,862,863,864,865,866,867,868,869,870,871,872,873,874,875,876,877,878,879,880,881,882,883,884,885,886,887,888,889,890,891,892,893,894,895,896,897,898,899,900,901,902,903,904,905,906,907,908,909,910,911,912,913,914,915,916,917,918,919,920,921,922,923,924,925,926,927,928,929,930,931,932,933,934,935,936,937,938,939,940,941,942,943,944,945,946,947,948,949,950,951,952,953,954,955,956,957,958,959,960,961,962,963,964,965,966,967,968,969,970,971,972,973,974,975,976,977,978,979,980,981,982,983,984,985,986,987,988,989,990,991,992,993,994,995,996,997,998,999,1000,1001,1002,1003,1004,1005,1006,1007,1008,1009,1010,1011,1012,1013,1014,1015,1016,1017,1018,1019,1020,1021,1022,1023,1024,1025,1026,1027,1028,1029,1030,1031,1032,1033,1034,1035,1036,1037,1038,1039,1040,1041,1042,1043,1044,1045]],[[1046,1047,1048,1049,1050,1051,1052,1053,1054,1055,1056,1057,1058,1059,1060,1061,1062,1063,1064,1065,1066,1067,1068,1069,1070,1071,1072,1073,1074,1075,1076,1077,1078,1079,1080,1081,1082,1083,1084,1085,1086,1087,1088,1089,1090,1091,1092,1093,1094,1095,1096,1097,1098,1099,1100,1101,1102,1103,1104,1105,1106,1107,1108,1109,1110,1111,1112,1113,1114,1115,1116,1117,1118,1119,1120,1121,1122,1123,1124,1125,1126,1127,1128,1129,1130,1131,1132,1133,1134,1135,1136,1137,1138,1139,1140,1141,1142,1143,1144,1145,1146,1147,1148,1149,1150,1151,1152,1153,1154,1155,1156,1157,1158,1159,1160,1161,1162,1163,1164,1165,1166,1167,1168,1169,1170,1171,1172,1173,1174,1175,1176,1177,1178,1179,1180,1181,1182,1183,1184,1185,1186,1187,1188,1189,1190,1191,1192,1193,1194,1195,1196,1197,1198,1199,1200,1201,1202,1203,1204,1205,1206,1207,1208,1209,1210,1211,1212,1213,1214,1215,1216,1217,1218,1219,1220,1221,1222,1223,1224,1225,1226,1227,1228,1229,1230,1231,1232,1233,1234,1235,1236,1237,1238,1239,1240,1241,1242,1243,1244,1245,1246,1247,1248,1249,1250,1251,1252,1253,1254,1255,1256,1257,1258,1259,1260,1261,1262,1263,1264,1265],[1266,1266,1266]],[[1267,1268,1269,1270,1271,1272,1273,1274,1275,1276,1277,1278,1279,1280,1281,1282,1283,1284,1285,1286,1287,1288,1289,1290,1291,1292,1293,1294,1295,1296,1297,1298,1299,1300,1301,1302,1303,1304,1305,1306,1307,1308,1309,1310,1311,1312,1313,1314,1315,1316,1317,1318,1319,1320,1321,1322,1323,1324,1325,1326,1327,1328,1329,1330,1331,1332,1333,1334,1335,1336,1337,1338,1339,1340,1341,1342,1343,1344,1345,1346,1347,1348,1349,1350,1351,1352,1353,1354,1355,1356,1357,1358,1359,1360,1361,1362,1363,1364,1365,1366,1367,1368,1369,1370,1371,1372,1373,1374,1375,1376,1377,1378,1379,1380,1381,1382,1383,1384,1385,1386,1387,1388,1389,1390,1391,1392,1393,1394,1395,1396,1397,1398,1399,1400,1401,1402,1403,1404,1405,1406,1407,1408,1409,1410,1411,1412,1413,1414,1415,1416,1417,1418,1419,1420,1421,1422,1423,1424,1425,1426,1427,1428,1429,1430,1431,1432,1433,1434,1435,1436,1437,1438,1439,1440,1441,1442,1443,1444,1445,1446,1447,1448,1449,1450,1451,1452,1453,1454,1455,1456,1457,1458,1459,1460,1461,1462,1463,1464,1465,1466,1467,1468,1469,1470,1471,1472,1473,1474,1475,1476,1477,1478,1479,1480,1481,1482,1483,1484,1485,1486,1487,1488,1489,1490,1491,1492,1493,1494,1495,1496,1497,1498,1499,1500,1501,1502,1503,1504,1505,1506,1507,1508,1509,1510,1511,1512,1513,-399]],[[1514,1515,1516,1517,1518,1519,1520,1521,1522,1523,1524,1525,1526,1527,1528,1529,1530,1531,1532,1533,1534,1535,1536,1537,1538,1539,1540,1541,1542,1543,1544,1545,1546,1547,1548,1549,1550,1551,1552,1553,1554,1555,1556,1557,1558,1559,1560,1561,1562,1563,1564,1565,1566,1567,1568,1569,1570,1571,1572,1573,1574,1575,1576,1577,1578,1579,1580,1581,1582,1583,1584,1585,1586,1587,1588,1589,1590,1591,1592,1593,1594,1595,1596,1597,1598,1599,1600,1601,1602,1603,1604,1605,1606,1607,1608,1609,1610,1611,1612,1613,1614,1615,1616,1617,1618,1619,1620,1621,1622,1623,1624,1625,1626,1627,1628,1629,1630,1631,1632,1633,1634,1635,1636,1637,1638,1639,1640,1641,1642,1643,1644,1645,1646,1647,1648,1649,1650,1651,1652,1653,1654,1655,1656,1657,1658,1659,1660,1661,1662,1663,1664,1665,1666,1667,1668,1669,1670,1671,1672,1673,1674,1675,1676,1677,1678,1679,1680,1681,1682,1683,1684,1685,1686,1687,1688,1689,1690,1691,1692,1693,1694,1695,1696,1697,1698,1699,1700,1701,1702,1703,1704,1705,1706,1707,1708,1709,1710,1711,1712,1713,1714,1715,1716,1717,1718,1719,1720,1721,1722,1723,1724,1725,1726,1727,1728,1729,1730,1731,1732,1733,1734,1735,1736,1737,1738,1739,1740,1741]]],"properties":{"country":"SWZ","title":"Dry middleveld","color":"#c80000","year":2022,"id":"25914089","from":"Jun 2022","to":"Sep 2022"},"id":"feature_28"},{"type":"MultiPolygon","arcs":[[[1742,1743,1744,1745,1746,1747,1748,-661,-660,-659,-658,-657,-656,-655,-654,-653,-652,-651,-650,-649,-648,-647,-646,-645,-644,-643,-642,-641,1749,-638,-637,-636,-635,-634,-633,-632,-631,-630,-629,-628,-627,-626,-625,-624,-623,-622,-621,-620,-619,-618,-617,-616,-615,-614,-613,1750,1751,1752,1753,1754,1755,1756,1757,1758,1759,1760,1761,1762,1763,1764,1765,1766,1767,1768,1769,1770,1771,1772,-522,-521,-520,-519,1773,1774,-515,-514,-513,-512,-511,-510,-509,-508,-507,-506,-505,-504,-503,-502,-501,-500,-499,-498,1775,1776,1777,1778,1779,-493,-492,-491,-490,-489,-488,-487,-486,-485,-484,-483,-482,-481,-480,-479,-478,1780,-459,-570,-569,-568,-567,-566,1781,1782,1783,-563,-562,-561,-560,-559,-558,-557,-556,-555,-554,1784,1785,1786,1787,-551,-550,-549,-548,-547,-546,-545,-544,-543,-542,-541,-540,-539,-538,-537,-536,-535,-534,1788,1789,1790,-532,-531,-530,-529,1791,1792,1793,1794,1795,1796,1797,1798,1799,1800,1801,1802,1803,1804,1805,1806,1807,1808,1809,-880,-879,-878,-877,-876,-875,-874,1810,1811,1812,1813,1814,1815,1816,1817,1818,1819,1820,1821,1822,1823,1824,1825,1826,1827,1828,1829,1830,1831,1832,1833,1834,1835,1836,1837,1838,1839,1840,1841,1842,1843,1844,1845,1846,1847,1848,1849,1850,1851,1852,-778,-777,-776,-775,-774,-773,1853,1854,1855,1856,1857,1858,1859,1860,1861,-1418,-1417,-1416,-1415,-1414,-1413,-1412,-1411,1862,1863,1864,-1408,-1407,-1406,-1405,-1404,-1403,1865,1866,1867,-1400,-1399,-1398,-1397,-1396,-1395,-1394,-1393,-1392,-1391,-1390,-1389,-1388,-1387,-1386,1868,1869,1870,1871,1872,-1364,-1363,-1362,-1361,-1360,-1359,-1358,-1357,-1356,-1355,-1354,-1353,-1352,-1351,-1350,-1349,-1348,-1347,-1346,-1345,-1344,-1343,-1342,1873,1874,1875,1876,-1335,1877,1878,1879,1880,1881,1882,1883,1884,1885,1886,1887,1888,1889,1890,1891,1892,1893,1894,1895,1896,1897,1898,1899],[1900,1901,1902,1903,1904,1905,1906,1907,1908,1909,1910,1911]],[[-723,-722,-721,-720,-719,-718,-717,1912,-714,-713,1913,1914,1915,1916,1917,1918,1919,1920,1921,1922,1923,1924,1925,1926,1927,1928,1929,1930,1931,1932,1933,1934,1935,1936,1937,1938,1939,1940,1941,1942,1943,1944,1945,1946,1947,1948,1949,1950,1951,1952,1953,1954,1955,1956,1957,1958,1959,1960,1961,1962,1963,1964,1965,-187,1966,1967,1968,1969,1970,1971,1972,1973,1974,1975,1976,1977,1978,1979,1980,1981,1982,1983,1984,1985,1986,1987,1988,1989,1990,1991,1992,1993,1994,1995,1996,1997,1998,1999,2000,2001,2002,2003,2004,2005,2006,2007,2008,2009,2010,2011,2012,2013,2014,2015,2016,2017,2018,2019,2020,2021,2022,2023,2024,2025,2026,2027,2028,2029,2030,2031,2032,2033,2034,2035,2036,2037,2038,2039,2040,2041,2042,2043,2044,2045,2046,2047,2048,2049,2050,2051,2052,2053,2054,2055,2056,2057,2058,2059,2060,2061,2062,2063,2064,2065,2066,2067,2068,2069,2070,2071,2072,2073,2074,2075,2076,2077,2078,2079,2080,2081,2082,2083,2084,2085,2086,2087,2088,2089,2090,2091,2092,2093,2094,2095]]],"properties":{"country":"SWZ","title":"Highveld cattle and maize","color":"#c80000","year":2022,"id":"25914091","from":"Jun 2022","to":"Sep 2022"},"id":"feature_29"},{"type":"MultiPolygon","arcs":[[[763,764,765,766,767,768,769,770,771,772,773,774,775,776,777,778,779,780,781,782,783,784,785,786,787,788,789,790,791,792,793,794,795,796,797,798,799,800,801,802,803,804,805,806,807,808,809,810,811,812,813,814,815,816,817,818,819,820,821,822,823,824,825,826,827,828,829,830,831,832,833,834,835,836,837,838,839,840,841,842,843,844,845,846,847,848,849,850,851,852,853,854,855,856,857,858,859,860,861,862,863,864,865,866,867,868,869,870,871,872,873,874,875,876,877,878,879,880,881,882,883,884,885,886,887,888,889,890,891,892,893,894,895,896,897,898,899,900,901,902,903,904,905,906,907,908,909,910,911,912,913,914,915,916,917,918,919,920,921,922,923,924,925,926,927,928,929,930,931,932,933,934,935,936,937,938,939,940,941,942,943,944,945,946,947,948,949,950,951,952,953,954,955,956,957,958,959,960,961,962,963,964,965,966,967,968,969,970,971,972,973,974,975,976,977,978,979,980,981,982,983,984,985,986,987,988,989,990,991,992,993,994,995,996,997,998,999,1000,1001,1002,1003,1004,1005,1006,1007,1008,1009,1010,1011,1012,1013,1014,1015,1016,1017,1018,1019,1020,1021,1022,1023,1024,1025,1026,1027,1028,1029,1030,1031,1032,1033,1034,1035,1036,1037,1038,1039,1040,1041,1042,1043,1044,1045]],[[1046,1047,1048,1049,1050,1051,1052,1053,1054,1055,1056,1057,1058,1059,1060,1061,1062,1063,1064,1065,1066,1067,1068,1069,1070,1071,1072,1073,1074,1075,1076,1077,1078,1079,1080,1081,1082,1083,1084,1085,1086,1087,1088,1089,1090,1091,1092,1093,1094,1095,1096,1097,1098,1099,1100,1101,1102,1103,1104,1105,1106,1107,1108,1109,1110,1111,1112,1113,1114,1115,1116,1117,1118,1119,1120,1121,1122,1123,1124,1125,1126,1127,1128,1129,1130,1131,1132,1133,1134,1135,1136,1137,1138,1139,1140,1141,1142,1143,1144,1145,1146,1147,1148,1149,1150,1151,1152,1153,1154,1155,1156,1157,1158,1159,1160,1161,1162,1163,1164,1165,1166,1167,1168,1169,1170,1171,1172,1173,1174,1175,1176,1177,1178,1179,1180,1181,1182,1183,1184,1185,1186,1187,1188,1189,1190,1191,1192,1193,1194,1195,1196,1197,1198,1199,1200,1201,1202,1203,1204,1205,1206,1207,1208,1209,1210,1211,1212,1213,1214,1215,1216,1217,1218,1219,1220,1221,1222,1223,1224,1225,1226,1227,1228,1229,1230,1231,1232,1233,1234,1235,1236,1237,1238,1239,1240,1241,1242,1243,1244,1245,1246,1247,1248,1249,1250,1251,1252,1253,1254,1255,1256,1257,1258,1259,1260,1261,1262,1263,1264,1265],[1266,1266,1266]],[[1267,1268,1269,1270,1271,1272,1273,1274,1275,1276,1277,1278,1279,1280,1281,1282,1283,1284,1285,1286,1287,1288,1289,1290,1291,1292,1293,1294,1295,1296,1297,1298,1299,1300,1301,1302,1303,1304,1305,1306,1307,1308,1309,1310,1311,1312,1313,1314,1315,1316,1317,1318,1319,1320,1321,1322,1323,1324,1325,1326,1327,1328,1329,1330,1331,1332,1333,1334,1335,1336,1337,1338,1339,1340,1341,1342,1343,1344,1345,1346,1347,1348,1349,1350,1351,1352,1353,1354,1355,1356,1357,1358,1359,1360,1361,1362,1363,1364,1365,1366,1367,1368,1369,1370,1371,1372,1373,1374,1375,1376,1377,1378,1379,1380,1381,1382,1383,1384,1385,1386,1387,1388,1389,1390,1391,1392,1393,1394,1395,1396,1397,1398,1399,1400,1401,1402,1403,1404,1405,1406,1407,1408,1409,1410,1411,1412,1413,1414,1415,1416,1417,1418,1419,1420,1421,1422,1423,1424,1425,1426,1427,1428,1429,1430,1431,1432,1433,1434,1435,1436,1437,1438,1439,1440,1441,1442,1443,1444,1445,1446,1447,1448,1449,1450,1451,1452,1453,1454,1455,1456,1457,1458,1459,1460,1461,1462,1463,1464,1465,1466,1467,1468,1469,1470,1471,1472,1473,1474,1475,1476,1477,1478,1479,1480,1481,1482,1483,1484,1485,1486,1487,1488,1489,1490,1491,1492,1493,1494,1495,1496,1497,1498,1499,1500,1501,1502,1503,1504,1505,1506,1507,1508,1509,1510,1511,1512,1513,-399]],[[1514,1515,1516,1517,1518,1519,1520,1521,1522,1523,1524,1525,1526,1527,1528,1529,1530,1531,1532,1533,1534,1535,1536,1537,1538,1539,1540,1541,1542,1543,1544,1545,1546,1547,1548,1549,1550,1551,1552,1553,1554,1555,1556,1557,1558,1559,1560,1561,1562,1563,1564,1565,1566,1567,1568,1569,1570,1571,1572,1573,1574,1575,1576,1577,1578,1579,1580,1581,1582,1583,1584,1585,1586,1587,1588,1589,1590,1591,1592,1593,1594,1595,1596,1597,1598,1599,1600,1601,1602,1603,1604,1605,1606,1607,1608,1609,1610,1611,1612,1613,1614,1615,1616,1617,1618,1619,1620,1621,1622,1623,1624,1625,1626,1627,1628,1629,1630,1631,1632,1633,1634,1635,1636,1637,1638,1639,1640,1641,1642,1643,1644,1645,1646,1647,1648,1649,1650,1651,1652,1653,1654,1655,1656,1657,1658,1659,1660,1661,1662,1663,1664,1665,1666,1667,1668,1669,1670,1671,1672,1673,1674,1675,1676,1677,1678,1679,1680,1681,1682,1683,1684,1685,1686,1687,1688,1689,1690,1691,1692,1693,1694,1695,1696,1697,1698,1699,1700,1701,1702,1703,1704,1705,1706,1707,1708,1709,1710,1711,1712,1713,1714,1715,1716,1717,1718,1719,1720,1721,1722,1723,1724,1725,1726,1727,1728,1729,1730,1731,1732,1733,1734,1735,1736,1737,1738,1739,1740,1741]]],"properties":{"country":"SWZ","title":"Dry middleveld","color":"#c80000","year":2023,"id":"58971577","from":"Jun 2023","to":"Sep 2023"},"id":"feature_30"},{"type":"MultiPolygon","arcs":[[[1742,1743,1744,1745,1746,1747,1748,-661,-660,-659,-658,-657,-656,-655,-654,-653,-652,-651,-650,-649,-648,-647,-646,-645,-644,-643,-642,-641,1749,-638,-637,-636,-635,-634,-633,-632,-631,-630,-629,-628,-627,-626,-625,-624,-623,-622,-621,-620,-619,-618,-617,-616,-615,-614,-613,1750,1751,1752,1753,1754,1755,1756,1757,1758,1759,1760,1761,1762,1763,1764,1765,1766,1767,1768,1769,1770,1771,1772,-522,-521,-520,-519,1773,1774,-515,-514,-513,-512,-511,-510,-509,-508,-507,-506,-505,-504,-503,-502,-501,-500,-499,-498,1775,1776,1777,1778,1779,-493,-492,-491,-490,-489,-488,-487,-486,-485,-484,-483,-482,-481,-480,-479,-478,1780,-459,-570,-569,-568,-567,-566,1781,1782,1783,-563,-562,-561,-560,-559,-558,-557,-556,-555,-554,1784,1785,1786,1787,-551,-550,-549,-548,-547,-546,-545,-544,-543,-542,-541,-540,-539,-538,-537,-536,-535,-534,1788,1789,1790,-532,-531,-530,-529,1791,1792,1793,1794,1795,1796,1797,1798,1799,1800,1801,1802,1803,1804,1805,1806,1807,1808,1809,-880,-879,-878,-877,-876,-875,-874,1810,1811,1812,1813,1814,1815,1816,1817,1818,1819,1820,1821,1822,1823,1824,1825,1826,1827,1828,1829,1830,1831,1832,1833,1834,1835,1836,1837,1838,1839,1840,1841,1842,1843,1844,1845,1846,1847,1848,1849,1850,1851,1852,-778,-777,-776,-775,-774,-773,1853,1854,1855,1856,1857,1858,1859,1860,1861,-1418,-1417,-1416,-1415,-1414,-1413,-1412,-1411,1862,1863,1864,-1408,-1407,-1406,-1405,-1404,-1403,1865,1866,1867,-1400,-1399,-1398,-1397,-1396,-1395,-1394,-1393,-1392,-1391,-1390,-1389,-1388,-1387,-1386,1868,1869,1870,1871,1872,-1364,-1363,-1362,-1361,-1360,-1359,-1358,-1357,-1356,-1355,-1354,-1353,-1352,-1351,-1350,-1349,-1348,-1347,-1346,-1345,-1344,-1343,-1342,1873,1874,1875,1876,-1335,1877,1878,1879,1880,1881,1882,1883,1884,1885,1886,1887,1888,1889,1890,1891,1892,1893,1894,1895,1896,1897,1898,1899],[1900,1901,1902,1903,1904,1905,1906,1907,1908,1909,1910,1911]],[[-723,-722,-721,-720,-719,-718,-717,1912,-714,-713,1913,1914,1915,1916,1917,1918,1919,1920,1921,1922,1923,1924,1925,1926,1927,1928,1929,1930,1931,1932,1933,1934,1935,1936,1937,1938,1939,1940,1941,1942,1943,1944,1945,1946,1947,1948,1949,1950,1951,1952,1953,1954,1955,1956,1957,1958,1959,1960,1961,1962,1963,1964,1965,-187,1966,1967,1968,1969,1970,1971,1972,1973,1974,1975,1976,1977,1978,1979,1980,1981,1982,1983,1984,1985,1986,1987,1988,1989,1990,1991,1992,1993,1994,1995,1996,1997,1998,1999,2000,2001,2002,2003,2004,2005,2006,2007,2008,2009,2010,2011,2012,2013,2014,2015,2016,2017,2018,2019,2020,2021,2022,2023,2024,2025,2026,2027,2028,2029,2030,2031,2032,2033,2034,2035,2036,2037,2038,2039,2040,2041,2042,2043,2044,2045,2046,2047,2048,2049,2050,2051,2052,2053,2054,2055,2056,2057,2058,2059,2060,2061,2062,2063,2064,2065,2066,2067,2068,2069,2070,2071,2072,2073,2074,2075,2076,2077,2078,2079,2080,2081,2082,2083,2084,2085,2086,2087,2088,2089,2090,2091,2092,2093,2094,2095]]],"properties":{"country":"SWZ","title":"Highveld cattle and maize","color":"#e67800","year":2023,"id":"58971579","from":"Jun 2023","to":"Sep 2023"},"id":"feature_31"},{"type":"MultiPolygon","arcs":[[[291,292,293,294,295,296,297,298,299,300]],[[301,302,303,304,305,306,307,308,309,310,311,312,313,314,315,316,317,318,319,320,321,322,323,324,325,326,327,328,329,330,331,332,333,334,335,336,337,338,339,340,341,342,343,344,345,346,347,348,349,350,351,352,353,354,355,356,357,358,359,360]],[[361,362,363,364,365,366,367,368,369,370,371,372,373,374,375,376,377,378,379,380,381,382,383,384,385,386,387,388,389,390,391,392,393,394,395,396,397,398]],[[399,400,401,402,403,404,405,406,407,408,409,410,411,412,413,414,415,416,417,418,419,420,421,422,423,424,425,426,427,428,429,430,431,432,433,434]]],"properties":{"country":"SWZ","title":"Manzini urban","color":"#e67800","year":2023,"id":"58971581","from":"Jun 2023","to":"Sep 2023"},"id":"feature_32"},{"type":"MultiPolygon","arcs":[[[2797,2798,2799,2800,2801,2802,2803,2804,2805,2806]],[[2807,2808,2809,2810,2811]],[[2812,2813,2814,2815,2816]],[[2817,2818,-2331,-2330,-2329,-2328,-2327,-2326,2819,-361,2820,2821,2822,2823,2824,2825,2826,-354,2827,2828,2829,2830,-1745,2831,2832,-1900,-1899,-1898,-1897,-1896,-1895,2833,2834]],[[2835,2836,2837]],[[2838,2839,2840,2841,2842]],[[2843,2844,2845,2846,2847,2848,2849,2850,2851,2852,2853]],[[2854,2855,2856,2857]],[[2858,2859,2860,2861,2862,2863,2864,2865,2866,2867,2868,2869,2870,2871,2872,2873,2874,2875,2876,2877,2878,-606,-605,-604,2879,2880,2881,-600,-599,-598,-597,-596,-595,-594,-593,-592,-591,-590,-589,-588,-587,-586,-585,-584,-583,-582,-581,-580,-704,-703,-702,-701,-700,2882,2883,-696,-695,-694,-693,-692,-691,-690,-689,-688,2884,2885,2886,2887,-684,-683,-682,-681,-680,-679,-678,-677,2888,2889,2890,2891,2892,2893,2894,2895,2896,2897,2898,2899,2900,2901,2902,2903,2904,2905,2906,2907,2908,2909,2910,2911,2912,2913,2914,2915,2916,2917,2918,-2313,2919,2920,2921,-1282,-1281,-1280,2922,2923,2924,2925,2926,2927,2928,2929,2930,2931,2932,2933,2934,2935,2936,2937,2938,2939,2940,2941,2942,2943,2944,2945,2946,2947,2948,2949,2950,2951,2952,2953,-400,-435,2954,2955,2956,2957,2958,2959,2960,2961,2962,2963,2964,2965,2966,-1492,-1491,-1490,-1489,-1488,-1487,-1486,-1485,-1484,-1483,-1482,-1481,2967,2968,2969,2970,2971,-1475,2972,2973,-2537,-2536,-2535,2974,-1615,-1614,-1613,-1612,-1611,-1610,-1609,-1608,-1607,-1606,-1605,-1604,-1603,-1602,-1601,-1600,-1599,-1598,-1597,-1596,-1595,-1594,-1593,-1592,2975,2976,-1588,2977,2978,2979,2980,2981,2982,2983,-2432,-2431,-2430,-2429,-2428,-2427,-2426,-2425,-2424,-2423,-2422,-2421,-2420,-2419,-2418,-2417,-2416,-2415,-2414,-2413,-2412,-2411,-2410,2984,2985,-2406,-2405,-2404,-2403,-2402,-2401,2986,-2001,-2000,-1999,2987,2988,2989,2990,2991,2992,2993,2994,2995,2996,2997,2998,2999,3000,3001,3002,3003,3004,3005,3006,3007,3008,3009,3010,3011,3012,3013,3014,-192,3015,-1962,-1961]]],"properties":{"country":"SWZ","title":"Peri-urban","color":"#e67800","year":2023,"id":"58971583","from":"Jun 2023","to":"Sep 2023"},"id":"feature_33"},{"type":"MultiPolygon","arcs":[[[-458,470,471,472,473,474,475,476,-463,477,478,479,480,481,482,483,484,485,486,487,488,489,490,491,492,493,494,495,496,497,498,499,500,501,502,503,504,505,506,507,508,509,510,511,512,513,514,515,516,517,518,519,520,521,522,523,524,525,526,527,528,529,530,531,532,533,534,535,536,537,538,539,540,541,542,543,544,545,546,547,548,549,550,551,552,553,554,555,556,557,558,559,560,561,562,563,564,565,566,567,568,569],[570,571,572,573,574,575,576,577,578]],[[579,580,581,582,583,584,585,586,587,588,589,590,591,592,593,594,595,596,597,598,599,600,601,602,603,604,605,606,607,608,609,610,611,612,613,614,615,616,617,618,619,620,621,622,623,624,625,626,627,628,629,630,631,632,633,634,635,636,637,638,639,640,641,642,643,644,645,646,647,648,649,650,651,652,653,654,655,656,657,658,659,660,661,662,663,664,665,666,667,668,669,670,671,672,673,674,675,676,677,678,679,680,681,682,683,684,685,686,687,688,689,690,691,692,693,694,695,696,697,698,699,700,701,702,703]],[[704,705,706,707,708,709,710,711,712,713,714,715,716,717,718,719,720,721,722,723,-273,724,725,726,727,728,729,730,731,732,733,734,735,736,737,738,739,740,741,742,743,744,745,746,747,748,749,750,751,752,753,754,755,756,757,758,759,760,761,762]]],"properties":{"country":"SWZ","title":"Timber highlands","color":"#c80000","year":2023,"id":"58971585","from":"Jun 2023","to":"Sep 2023"},"id":"feature_34"},{"type":"MultiPolygon","arcs":[[[273,274,275,276,277,278,279,280,281,282]],[[283,284,285,286,287,288,289,290]]],"properties":{"country":"SWZ","title":"Lubombo urban","color":"#c80000","year":2023,"id":"58971587","from":"Jun 2023","to":"Sep 2023"},"id":"feature_35"},{"type":"MultiPolygon","arcs":[[[2096,2097,2098,2099,2100,2101,2102,2103,2104,2105,2106,2107,2108,2109,2110,2111,2112,2113,2114,2115,2116,2117,55,2118,2119,2120,2121,2122,2123,2124,2125,2126,2127,2128,2129,2130,2131,2132,2133,2134,2135,2136,2137,2138,2139,2140,2141,2142,2143,2144,2145,2146,2147,2148,2149,2150,2151,2152,2153,2154,2155,2156,2157,2158,2159,2160,2161,2162,2163,2164,2165,2166,2167,2168,2169,2170,2171,2172,2173,2174,2175,2176,2177,2178,2179,2180,2181,2182,2183,2184,2185,2186,2187,2188,2189,2190,2191,2192,2193,2194,2195,2196,2197,2198,2199,2200,2201,2202,2203,2204]],[[2205,2206,2207,2208,2209,2210,2211,2212,2213,2214,2215,2216,2217,2218,2219,2220,2221,2222,2223,2224,2225,2226,2227,2228,2229,2230,2231,2232,2233,2234,2235,2236,2237,2238,2239,2240,2241,2242,2243,2244,2245,2246,2247]]],"properties":{"country":"SWZ","title":"Lubombo plateau","color":"#c80000","year":2023,"id":"58971589","from":"Jun 2023","to":"Sep 2023"},"id":"feature_36"},{"type":"MultiPolygon","arcs":[[[435,436,437,438,439,440,441]],[[442,443,444,445,446,447,448,449,450,451,452,453,454,455,456]],[[457,458,459,460,461,462,463,464,465,466,467,468,469]]],"properties":{"country":"SWZ","title":"Shiselweni urban","color":"#c80000","year":2023,"id":"58971591","from":"Jun 2023","to":"Sep 2023"},"id":"feature_37"},{"type":"Polygon","arcs":[[-1252,-1251,-1250,-1249,-1248,-1247,-1246,-1245,-1244,-1243,-1242,-1241,-1240,-1239,-1238,-1237,-1236,-1235,-1234,-1233,-1232,-1231,-1230,-1229,-1228,-1227,-1226,-1225,-1224,-1223,-1222,-1221,-1220,-1219,-1218,2518,2519,-1216,2520,-2453,-2452,-2451,-2450,-2449,-2448,-2447,-2446,-2445,-2444,2521,2522,2523,-2050,-2049,-2048,-2047,-2046,-2045,-2044,-2043,2524,-1520,-1519,-1518,-1517,-1516,-1515,-1742,-1741,-1740,-1739,-1738,-1737,-1736,-1735,-1734,-1733,-1732,-1731,-1730,-1729,-1728,-1727,-1726,-1725,-1724,-1723,-1722,-1721,-1720,-1719,-1718,-1717,-1716,-1715,-1714,-1713,-1712,-1711,-1710,-1709,-1708,-1707,-1706,-1705,-1704,-1703,-1702,-1701,-1700,-1699,2525,2526,-1695,-1694,-1693,-1692,-1691,-1690,-1689,-1688,-1687,-1686,-1685,-1684,-1683,-1682,-1681,-1680,-1679,-1678,-1677,-1676,-1675,-1674,-1673,-1672,-1671,2527,2528,2529,-2306,-2305,-1636,2530,2531,2532,-1632,-1631,-1630,-1629,-1628,-1627,-1626,-1625,-1624,-1623,-1622,-1621,-1620,-1619,-1618,2533,2534,2535,2536,2537,2538,-1471,-1470,-1469,-1468,2539,2540,2541,2542,-1462,-1461,-1460,2543,2544,-1457,-1456,-1455,-1454,-1453,-1452,-1451,-1450,-1449,-1448,-1447,-1446,-1445,-1444,-1443,-1442,-1441,-1440,2545,2546,-1437,-1436,2547,-2378,2548,2549,2550,-2375,2551,2552,2553,-2373,2554,2555,-2370,-2369,-2368,2556,2557,-2392,-2391,-2390,2558,2559,-2388,-2387,-2386,-2385,-2384,-2383,2560,2561,2562,2563,2564,-1046,-1045,-1044,2565,2566,-1042,-1041,-1040,-1039,-1038,-1037,-1036,-1035,-1034,-1033,-1032,-1031,-1030,-1029,-1028,-1027,-1026,-1025,-1024,-1023,-1022,-1021,-1020,-1019,-1018,-1017,-1016,-1015,-1014,-1013,-1012,-1011,-1010,-1009,-1008,-1007,-1006,-1005,-1004,-1003,-1002,-1001,-1000,-999,-998,-997,-996,2567,-993,-992,2568,2569,2570,-987,-986,-985,-984,-983,-982,-981,-980,-979,-978,-977,-976,-975,-974,-973,-972,-971,-970,-969,-968,-967,-966,-965,-964,-963,-962,-961,-960,-959,-958,-957,-956,-955,-954,-953,-952,2571,2572,2573,-949,2574,2575,2576,2577,2578,2579,2580,441,2581,2582,2583,2584,2585,2586,2587,2588,2589,2590,2591,2592,2593,2594,2595,2596,2597,2598,2599,2600,2601,2602,2603,2604,2605,2606,2607,2608,2609,2610,2611,2612,2613,2614,2615,2616,2617,2618,2619,2620,2621,2622,2623,2624,2625,2626,2627,2628,2629,2630,2631,2632,-2205,-2204,-2203,-2202,-2201,-2200,-2199,-2198,-2197,-2196,-2195,-2194,-2193,-2192,-2191,-2190,-2189,-2188,-2187,-2186,-2185,-2184,-2183,-2182,-2181,-2180,-2179,-2178,-2177,-2176,-2175,-2174,-2173,-2172,2633,2634,2635,2636,2637,2638,2639,2640,2641,2642,-2164,-2163,-2162,2643,2644,2645,2646,2647,2648,2649,2650,2651,2652,2653,2654,2655,2656,2657,2658,2659,2660,2661,2662,2663,2664,2665,2666,2667,2668,2669,2670,2671,2672,2673,2674,2675,2676,2677,2678,2679,2680,2681,2682,2683,2684,2685,2686,2687,2688,2689,2690,2691,2692,2693,2694,2695,2696,2697,2698,2699,2700,2701,2702,2703,2704,2705,2706,2707,2708,2709,2710,2711,2712,2713,2714,2715,2716,2717,2718,2719,2720,2721,2722,2723,2724,2725,2726,2727,2728,2729,2730,2731,2732,2733,2734,2735,2736,2737,2738,2739,2740,2741,2742,2743,2744,2745,-1266,-1265,-1264,-1263,-1262,-1261,-1260,-1259,-1258,-1257,-1256,-1255,-1254,-1253],[2746,2747,2748,2749,2750,2751,2752,2753,2754,2755,2756,2757,2758,2759,2760,2761,2762,2763,2764,2765,2766,2767],[2768,2769,2770,2771,2772,2773,2774,2775,2776,2777,2778,2779],[2780,2781,2782,2783,2784,2785,2786,2787,2788,2789,2790,2791,2792,2793,2794,2795,2796]],"properties":{"country":"SWZ","title":"Lowveld cattle and maize","color":"#c80000","year":2023,"id":"58971593","from":"Jun 2023","to":"Sep 2023"},"id":"feature_38"},{"type":"MultiPolygon","arcs":[[[-945,-944,-943,-942,-941,-940,-939,-938,-937,-936,-935,-934,-933,-932,-931,-930,-929,-928,-927,-926,-925,-924,-923,-922,-921,-920,-919,-918,-917,-916,-915,-914,-913,-912,-911,-910,-909,-908,-907,-906,-905,-904,-903,-902,-901,-900,-899,-898,-897,-896,-895,-894,-893,-892,-891,-890,-889,-888,-887,-886,2248,2249,-883,-882,2250,-1809,-1808,-1807,-1806,-1805,2251,2252,2253,-1799,2254,2255,-1796,-1795,-1794,-1793,2256,2257]],[[2258,2259,2260,-1826,-1825,-1824,-1823,-1822,-1821,-1820,-1819,-1818,-1817,-1816,-1815,2261,2262,2263,-870,-869,2264,2265,-864,-863,-862,-861,2266,-1829]],[[-840,-839,-838,-837,-836,-835,-834,-833,-832,-831,-830,-829,-828,-827,-826,-825,-824,-823,-822,-821,-820,-819,-818,-817,-816,-815,-814,-813,-812,-811,-810,-809,2267,-806,-805,-804,-803,-802,-801,-800,-799,-798,-797,-796,-795,-794,-793,-792,-791,-790,-789,-788,-787,-786,-785,-784,2268,2269,-780,2270,-1852,2271,-1848,2272,2273,-1845,-1844,-1843,-1842,-1841,-1840,-1839,-1838,-1837,-1836,-1835,-1834,-1833,-1832,2274,-855,2275,2276,2277,2278,2279,2280,2281,2282,2283,-849,-848,-847,-846,-845,-844,2284,2285,2286,2287,2288]],[[2289,2290,2291,2292,2293,2294,2295,-1665,-1664,-1663,-1662,-1661,-1660,2296,2297,2298,2299,-1655,-1654,-1653,-1652,-1651,2300,2301,-1648,-1647,-1646,2302,2303,-1643,-1642,-1641,-1640,-1639,-1638,-1637,2304,2305]],[[2306,2307,2308,2309]],[[2310,2311,2312,2313,2314,2315,2316,2317,2318,2319,2320,2321,2322,2323,2324,2325,2326,2327,2328,2329,2330,2331,2332,2333,2334,2335,2336,2337,-1892,-1891,-1890,-1889,-1888,-1887,-1886,-1885,-1884,-1883,-1882,-1881,-1880,2338,-1331,-1330,-1329,-1328,-1327,-1326,2339,2340,2341,-1321,-1320,-1319,2342,2343,2344,2345,2346,2347,2348,2349,-1305,2350,2351,2352,-1301,-1300,2353,-1297,2354,2355,2356,2357,-1292,-1291,-1290,-1289,-1288,-1287,-1286,-1285,-1284]],[[-1514,-1513,-1512,-1511,-1510,-1509,-1508,-1507,-1506,-1505,-1504,-1503,2358,2359,2360,2361,2362,2363,2364,398]],[[2365,2366,2367,2368,2369,2370,2371,2372,2373,2374,2375,2376,2377,2378,2379,-1434,-1433,-1432,-1431,-1430,-1429,-1428,-1427,-1426,-1425,-1424,-1423,-1422,-1421,-1420,2380,-1861,-1860,-1859,-1858,-1857,-1856,-1855,-1854,-772,-771,-770,-769,-768,2381,2382,2383,2384,2385,2386,2387,2388,2389,2390,2391]],[[-1373,-1372,-1371,-1370,-1369,-1368,-1367,-1366,2392,2393,2394,2395,-1380,-1379,-1378,-1377,-1376,2396,2397]],[[2398,-2040,-2039,-2038,-2037,-2036,-2035,-2034,-2033,-2032,-2031,-2030,-2029,-2028,-2027,-2026,-2025,-2024,-2023,-2022,-2021,-2020,-2019,-2018,-2017,-2016,-2015,-2014,-2013,-2012,-2011,-2010,-2009,-2008,-2007,-2006,-2005,-2004,-2003,2399,2400,2401,2402,2403,2404,2405,2406,2407,2408,2409,2410,2411,2412,2413,2414,2415,2416,2417,2418,2419,2420,2421,2422,2423,2424,2425,2426,2427,2428,2429,2430,2431,2432,2433,2434,-1584,-1583,-1582,-1581,-1580,-1579,-1578,-1577,-1576,-1575,-1574,-1573,-1572,-1571,-1570,-1569,-1568,-1567,-1566,-1565,-1564,-1563,-1562,-1561,-1560,-1559,-1558,-1557,-1556,-1555,-1554,-1553,-1552,-1551,-1550,-1549,-1548,-1547,-1546,-1545,-1544,-1543,-1542,-1541,-1540,-1539,-1538,-1537,-1536,-1535,-1534,2435,2436,2437,-1531,-1530,-1529,-1528,-1527,-1526,-1525,-1524,-1523]],[[2438,-735,-734,-733,-732,-731,-730,-729,-2094,2439,-2090,-2089,-2088,-2087,-2086,-2085,-2084,-2083,-2082,-2081,2440,2441,-2078,-2077,-2076,-2075,-2074,-2073,-2072,-2071,-2070,-2069,-2068,-2067,-2066,-2065,-2064,-2063,-2062,-2061,-2060,-2059,-2058,-2057,-2056,-2055,-2054,-2053,2442,2443,2444,2445,2446,2447,2448,2449,2450,2451,2452,2453,2454,2455,2456,2457,2458,2459,-1209,-1208,-1207,-1206,-1205,-1204,-1203,-1202,-1201,-1200,-1199,-1198,-1197,-1196,-1195]],[[2460,2461,2462,-1135,-1134,-1133,-1132,-1131,-1130,-1129,-1128,-1127,-1126,-1125,-1124,-1123,-1122,-1121,-1120,-1119,-1118,-1117,-1116,-1115,-1114,-1113,-1112,-1111,-1110,2463,2464,-1193,-1192,-1191,-1190,-1189,-1188,2465,-1185,2466,2467,2468,-1181,2469,2470,-1179,-1178,-1177,-1176,-1175,-1174,-1173,-1172,-1171,-1170,-1169,-1168,-1167,-1166,-1165,-1164,-1163,-1162,-1161,-1160,-1159,-1158,-1157,-1156,-1155,-1154,-1153,-1152,-1151,-1150,-1149,-1148,-1147,-1146,-1145,-1144,2471,2472]],[[2473,-705,-763,-762,-761,-760,-759,-758,-757,-756,-755,-754,-753,-752,-751,-750,2474,2475,2476,2477,-743,-742,-741,-740,-739,-738,2478,-1108,-1107,-1106,2479,2480,2481,-1102,-1101,-1100,-1099,-1098,-1097,-1096,-1095,-1094,-1093,-1092,-1091,-1090,-1089]],[[-1068,-1067,-1066,-1065,-1064,-1063,-1062,-1061,-1060,-1059,-1058,-1057,-1056,-1055,-1054,2482,2483,2484,2485,2486,-1078,-1077,-1076,2487,2488,2489,-1072,-1071,2490,2491]],[[2492,2493,2494,-1052,-1051,-1050,-1049]],[[2495,2496,2497,2498]],[[2499,2500,2501,2502,2503,2504,2505,2506,2507,2508,2509]],[[2510,2511,2512,372]],[[2513,2514,2515,2516,2517]]],"properties":{"country":"SWZ","title":"Moist middleveld","color":"#e67800","year":2023,"id":"58971595","from":"Jun 2023","to":"Sep 2023"},"id":"feature_39"},{"type":"MultiPolygon","arcs":[[[151,152,153,154,155,156,157,158,159,160,161,162,163,164,165,166,167,168,169,170,171,172,173]],[[174,175,176,177,178,179,180,181,182,183,184,185,186,187,188,189,190,191,192,193,194,195,196,197,198,199,200,201,202,203,204,205,206,207,208,209,210,211,212,213,214,215,216,217,218,219,220,221,222,223,224,225,226,227,228,229,230,231,232,233,234,235,236,237,238,239,240]],[[241,242,243,244,245,246,247,248,249,250,251,252,253,254,255,256,257,258,259,260,261,262,263,264,265,266,267]],[[268,269,270,271,272]]],"properties":{"country":"SWZ","title":"Hhohho urban","color":"#e67800","year":2023,"id":"58971597","from":"Jun 2023","to":"Sep 2023"},"id":"feature_40"},{"type":"MultiPolygon","arcs":[[[2096,2097,2098,2099,2100,2101,2102,2103,2104,2105,2106,2107,2108,2109,2110,2111,2112,2113,2114,2115,2116,2117,55,2118,2119,2120,2121,2122,2123,2124,2125,2126,2127,2128,2129,2130,2131,2132,2133,2134,2135,2136,2137,2138,2139,2140,2141,2142,2143,2144,2145,2146,2147,2148,2149,2150,2151,2152,2153,2154,2155,2156,2157,2158,2159,2160,2161,2162,2163,2164,2165,2166,2167,2168,2169,2170,2171,2172,2173,2174,2175,2176,2177,2178,2179,2180,2181,2182,2183,2184,2185,2186,2187,2188,2189,2190,2191,2192,2193,2194,2195,2196,2197,2198,2199,2200,2201,2202,2203,2204]],[[2205,2206,2207,2208,2209,2210,2211,2212,2213,2214,2215,2216,2217,2218,2219,2220,2221,2222,2223,2224,2225,2226,2227,2228,2229,2230,2231,2232,2233,2234,2235,2236,2237,2238,2239,2240,2241,2242,2243,2244,2245,2246,2247]]],"properties":{"country":"SWZ","title":"Lubombo plateau","color":"#c80000","year":2024,"id":"68908241","from":"Jun 2024","to":"Sep 2024"},"id":"feature_41"},{"type":"MultiPolygon","arcs":[[[-945,-944,-943,-942,-941,-940,-939,-938,-937,-936,-935,-934,-933,-932,-931,-930,-929,-928,-927,-926,-925,-924,-923,-922,-921,-920,-919,-918,-917,-916,-915,-914,-913,-912,-911,-910,-909,-908,-907,-906,-905,-904,-903,-902,-901,-900,-899,-898,-897,-896,-895,-894,-893,-892,-891,-890,-889,-888,-887,-886,2248,2249,-883,-882,2250,-1809,-1808,-1807,-1806,-1805,2251,2252,2253,-1799,2254,2255,-1796,-1795,-1794,-1793,2256,2257]],[[2258,2259,2260,-1826,-1825,-1824,-1823,-1822,-1821,-1820,-1819,-1818,-1817,-1816,-1815,2261,2262,2263,-870,-869,2264,2265,-864,-863,-862,-861,2266,-1829]],[[-840,-839,-838,-837,-836,-835,-834,-833,-832,-831,-830,-829,-828,-827,-826,-825,-824,-823,-822,-821,-820,-819,-818,-817,-816,-815,-814,-813,-812,-811,-810,-809,2267,-806,-805,-804,-803,-802,-801,-800,-799,-798,-797,-796,-795,-794,-793,-792,-791,-790,-789,-788,-787,-786,-785,-784,2268,2269,-780,2270,-1852,2271,-1848,2272,2273,-1845,-1844,-1843,-1842,-1841,-1840,-1839,-1838,-1837,-1836,-1835,-1834,-1833,-1832,2274,-855,2275,2276,2277,2278,2279,2280,2281,2282,2283,-849,-848,-847,-846,-845,-844,2284,2285,2286,2287,2288]],[[2289,2290,2291,2292,2293,2294,2295,-1665,-1664,-1663,-1662,-1661,-1660,2296,2297,2298,2299,-1655,-1654,-1653,-1652,-1651,2300,2301,-1648,-1647,-1646,2302,2303,-1643,-1642,-1641,-1640,-1639,-1638,-1637,2304,2305]],[[2306,2307,2308,2309]],[[2310,2311,2312,2313,2314,2315,2316,2317,2318,2319,2320,2321,2322,2323,2324,2325,2326,2327,2328,2329,2330,2331,2332,2333,2334,2335,2336,2337,-1892,-1891,-1890,-1889,-1888,-1887,-1886,-1885,-1884,-1883,-1882,-1881,-1880,2338,-1331,-1330,-1329,-1328,-1327,-1326,2339,2340,2341,-1321,-1320,-1319,2342,2343,2344,2345,2346,2347,2348,2349,-1305,2350,2351,2352,-1301,-1300,2353,-1297,2354,2355,2356,2357,-1292,-1291,-1290,-1289,-1288,-1287,-1286,-1285,-1284]],[[-1514,-1513,-1512,-1511,-1510,-1509,-1508,-1507,-1506,-1505,-1504,-1503,2358,2359,2360,2361,2362,2363,2364,398]],[[2365,2366,2367,2368,2369,2370,2371,2372,2373,2374,2375,2376,2377,2378,2379,-1434,-1433,-1432,-1431,-1430,-1429,-1428,-1427,-1426,-1425,-1424,-1423,-1422,-1421,-1420,2380,-1861,-1860,-1859,-1858,-1857,-1856,-1855,-1854,-772,-771,-770,-769,-768,2381,2382,2383,2384,2385,2386,2387,2388,2389,2390,2391]],[[-1373,-1372,-1371,-1370,-1369,-1368,-1367,-1366,2392,2393,2394,2395,-1380,-1379,-1378,-1377,-1376,2396,2397]],[[2398,-2040,-2039,-2038,-2037,-2036,-2035,-2034,-2033,-2032,-2031,-2030,-2029,-2028,-2027,-2026,-2025,-2024,-2023,-2022,-2021,-2020,-2019,-2018,-2017,-2016,-2015,-2014,-2013,-2012,-2011,-2010,-2009,-2008,-2007,-2006,-2005,-2004,-2003,2399,2400,2401,2402,2403,2404,2405,2406,2407,2408,2409,2410,2411,2412,2413,2414,2415,2416,2417,2418,2419,2420,2421,2422,2423,2424,2425,2426,2427,2428,2429,2430,2431,2432,2433,2434,-1584,-1583,-1582,-1581,-1580,-1579,-1578,-1577,-1576,-1575,-1574,-1573,-1572,-1571,-1570,-1569,-1568,-1567,-1566,-1565,-1564,-1563,-1562,-1561,-1560,-1559,-1558,-1557,-1556,-1555,-1554,-1553,-1552,-1551,-1550,-1549,-1548,-1547,-1546,-1545,-1544,-1543,-1542,-1541,-1540,-1539,-1538,-1537,-1536,-1535,-1534,2435,2436,2437,-1531,-1530,-1529,-1528,-1527,-1526,-1525,-1524,-1523]],[[2438,-735,-734,-733,-732,-731,-730,-729,-2094,2439,-2090,-2089,-2088,-2087,-2086,-2085,-2084,-2083,-2082,-2081,2440,2441,-2078,-2077,-2076,-2075,-2074,-2073,-2072,-2071,-2070,-2069,-2068,-2067,-2066,-2065,-2064,-2063,-2062,-2061,-2060,-2059,-2058,-2057,-2056,-2055,-2054,-2053,2442,2443,2444,2445,2446,2447,2448,2449,2450,2451,2452,2453,2454,2455,2456,2457,2458,2459,-1209,-1208,-1207,-1206,-1205,-1204,-1203,-1202,-1201,-1200,-1199,-1198,-1197,-1196,-1195]],[[2460,2461,2462,-1135,-1134,-1133,-1132,-1131,-1130,-1129,-1128,-1127,-1126,-1125,-1124,-1123,-1122,-1121,-1120,-1119,-1118,-1117,-1116,-1115,-1114,-1113,-1112,-1111,-1110,2463,2464,-1193,-1192,-1191,-1190,-1189,-1188,2465,-1185,2466,2467,2468,-1181,2469,2470,-1179,-1178,-1177,-1176,-1175,-1174,-1173,-1172,-1171,-1170,-1169,-1168,-1167,-1166,-1165,-1164,-1163,-1162,-1161,-1160,-1159,-1158,-1157,-1156,-1155,-1154,-1153,-1152,-1151,-1150,-1149,-1148,-1147,-1146,-1145,-1144,2471,2472]],[[2473,-705,-763,-762,-761,-760,-759,-758,-757,-756,-755,-754,-753,-752,-751,-750,2474,2475,2476,2477,-743,-742,-741,-740,-739,-738,2478,-1108,-1107,-1106,2479,2480,2481,-1102,-1101,-1100,-1099,-1098,-1097,-1096,-1095,-1094,-1093,-1092,-1091,-1090,-1089]],[[-1068,-1067,-1066,-1065,-1064,-1063,-1062,-1061,-1060,-1059,-1058,-1057,-1056,-1055,-1054,2482,2483,2484,2485,2486,-1078,-1077,-1076,2487,2488,2489,-1072,-1071,2490,2491]],[[2492,2493,2494,-1052,-1051,-1050,-1049]],[[2495,2496,2497,2498]],[[2499,2500,2501,2502,2503,2504,2505,2506,2507,2508,2509]],[[2510,2511,2512,372]],[[2513,2514,2515,2516,2517]]],"properties":{"country":"SWZ","title":"Moist middleveld","color":"#c80000","year":2024,"id":"68908243","from":"Jun 2024","to":"Sep 2024"},"id":"feature_42"},{"type":"MultiPolygon","arcs":[[[151,152,153,154,155,156,157,158,159,160,161,162,163,164,165,166,167,168,169,170,171,172,173]],[[174,175,176,177,178,179,180,181,182,183,184,185,186,187,188,189,190,191,192,193,194,195,196,197,198,199,200,201,202,203,204,205,206,207,208,209,210,211,212,213,214,215,216,217,218,219,220,221,222,223,224,225,226,227,228,229,230,231,232,233,234,235,236,237,238,239,240]],[[241,242,243,244,245,246,247,248,249,250,251,252,253,254,255,256,257,258,259,260,261,262,263,264,265,266,267]],[[268,269,270,271,272]]],"properties":{"country":"SWZ","title":"Hhohho urban","color":"#e67800","year":2024,"id":"68908245","from":"Jun 2024","to":"Sep 2024"},"id":"feature_43"},{"type":"MultiPolygon","arcs":[[[2797,2798,2799,2800,2801,2802,2803,2804,2805,2806]],[[2807,2808,2809,2810,2811]],[[2812,2813,2814,2815,2816]],[[2817,2818,-2331,-2330,-2329,-2328,-2327,-2326,2819,-361,2820,2821,2822,2823,2824,2825,2826,-354,2827,2828,2829,2830,-1745,2831,2832,-1900,-1899,-1898,-1897,-1896,-1895,2833,2834]],[[2835,2836,2837]],[[2838,2839,2840,2841,2842]],[[2843,2844,2845,2846,2847,2848,2849,2850,2851,2852,2853]],[[2854,2855,2856,2857]],[[2858,2859,2860,2861,2862,2863,2864,2865,2866,2867,2868,2869,2870,2871,2872,2873,2874,2875,2876,2877,2878,-606,-605,-604,2879,2880,2881,-600,-599,-598,-597,-596,-595,-594,-593,-592,-591,-590,-589,-588,-587,-586,-585,-584,-583,-582,-581,-580,-704,-703,-702,-701,-700,2882,2883,-696,-695,-694,-693,-692,-691,-690,-689,-688,2884,2885,2886,2887,-684,-683,-682,-681,-680,-679,-678,-677,2888,2889,2890,2891,2892,2893,2894,2895,2896,2897,2898,2899,2900,2901,2902,2903,2904,2905,2906,2907,2908,2909,2910,2911,2912,2913,2914,2915,2916,2917,2918,-2313,2919,2920,2921,-1282,-1281,-1280,2922,2923,2924,2925,2926,2927,2928,2929,2930,2931,2932,2933,2934,2935,2936,2937,2938,2939,2940,2941,2942,2943,2944,2945,2946,2947,2948,2949,2950,2951,2952,2953,-400,-435,2954,2955,2956,2957,2958,2959,2960,2961,2962,2963,2964,2965,2966,-1492,-1491,-1490,-1489,-1488,-1487,-1486,-1485,-1484,-1483,-1482,-1481,2967,2968,2969,2970,2971,-1475,2972,2973,-2537,-2536,-2535,2974,-1615,-1614,-1613,-1612,-1611,-1610,-1609,-1608,-1607,-1606,-1605,-1604,-1603,-1602,-1601,-1600,-1599,-1598,-1597,-1596,-1595,-1594,-1593,-1592,2975,2976,-1588,2977,2978,2979,2980,2981,2982,2983,-2432,-2431,-2430,-2429,-2428,-2427,-2426,-2425,-2424,-2423,-2422,-2421,-2420,-2419,-2418,-2417,-2416,-2415,-2414,-2413,-2412,-2411,-2410,2984,2985,-2406,-2405,-2404,-2403,-2402,-2401,2986,-2001,-2000,-1999,2987,2988,2989,2990,2991,2992,2993,2994,2995,2996,2997,2998,2999,3000,3001,3002,3003,3004,3005,3006,3007,3008,3009,3010,3011,3012,3013,3014,-192,3015,-1962,-1961]]],"properties":{"country":"SWZ","title":"Peri-urban","color":"#c80000","year":2024,"id":"68908247","from":"Jun 2024","to":"Sep 2024"},"id":"feature_44"},{"type":"MultiPolygon","arcs":[[[763,764,765,766,767,768,769,770,771,772,773,774,775,776,777,778,779,780,781,782,783,784,785,786,787,788,789,790,791,792,793,794,795,796,797,798,799,800,801,802,803,804,805,806,807,808,809,810,811,812,813,814,815,816,817,818,819,820,821,822,823,824,825,826,827,828,829,830,831,832,833,834,835,836,837,838,839,840,841,842,843,844,845,846,847,848,849,850,851,852,853,854,855,856,857,858,859,860,861,862,863,864,865,866,867,868,869,870,871,872,873,874,875,876,877,878,879,880,881,882,883,884,885,886,887,888,889,890,891,892,893,894,895,896,897,898,899,900,901,902,903,904,905,906,907,908,909,910,911,912,913,914,915,916,917,918,919,920,921,922,923,924,925,926,927,928,929,930,931,932,933,934,935,936,937,938,939,940,941,942,943,944,945,946,947,948,949,950,951,952,953,954,955,956,957,958,959,960,961,962,963,964,965,966,967,968,969,970,971,972,973,974,975,976,977,978,979,980,981,982,983,984,985,986,987,988,989,990,991,992,993,994,995,996,997,998,999,1000,1001,1002,1003,1004,1005,1006,1007,1008,1009,1010,1011,1012,1013,1014,1015,1016,1017,1018,1019,1020,1021,1022,1023,1024,1025,1026,1027,1028,1029,1030,1031,1032,1033,1034,1035,1036,1037,1038,1039,1040,1041,1042,1043,1044,1045]],[[1046,1047,1048,1049,1050,1051,1052,1053,1054,1055,1056,1057,1058,1059,1060,1061,1062,1063,1064,1065,1066,1067,1068,1069,1070,1071,1072,1073,1074,1075,1076,1077,1078,1079,1080,1081,1082,1083,1084,1085,1086,1087,1088,1089,1090,1091,1092,1093,1094,1095,1096,1097,1098,1099,1100,1101,1102,1103,1104,1105,1106,1107,1108,1109,1110,1111,1112,1113,1114,1115,1116,1117,1118,1119,1120,1121,1122,1123,1124,1125,1126,1127,1128,1129,1130,1131,1132,1133,1134,1135,1136,1137,1138,1139,1140,1141,1142,1143,1144,1145,1146,1147,1148,1149,1150,1151,1152,1153,1154,1155,1156,1157,1158,1159,1160,1161,1162,1163,1164,1165,1166,1167,1168,1169,1170,1171,1172,1173,1174,1175,1176,1177,1178,1179,1180,1181,1182,1183,1184,1185,1186,1187,1188,1189,1190,1191,1192,1193,1194,1195,1196,1197,1198,1199,1200,1201,1202,1203,1204,1205,1206,1207,1208,1209,1210,1211,1212,1213,1214,1215,1216,1217,1218,1219,1220,1221,1222,1223,1224,1225,1226,1227,1228,1229,1230,1231,1232,1233,1234,1235,1236,1237,1238,1239,1240,1241,1242,1243,1244,1245,1246,1247,1248,1249,1250,1251,1252,1253,1254,1255,1256,1257,1258,1259,1260,1261,1262,1263,1264,1265],[1266,1266,1266]],[[1267,1268,1269,1270,1271,1272,1273,1274,1275,1276,1277,1278,1279,1280,1281,1282,1283,1284,1285,1286,1287,1288,1289,1290,1291,1292,1293,1294,1295,1296,1297,1298,1299,1300,1301,1302,1303,1304,1305,1306,1307,1308,1309,1310,1311,1312,1313,1314,1315,1316,1317,1318,1319,1320,1321,1322,1323,1324,1325,1326,1327,1328,1329,1330,1331,1332,1333,1334,1335,1336,1337,1338,1339,1340,1341,1342,1343,1344,1345,1346,1347,1348,1349,1350,1351,1352,1353,1354,1355,1356,1357,1358,1359,1360,1361,1362,1363,1364,1365,1366,1367,1368,1369,1370,1371,1372,1373,1374,1375,1376,1377,1378,1379,1380,1381,1382,1383,1384,1385,1386,1387,1388,1389,1390,1391,1392,1393,1394,1395,1396,1397,1398,1399,1400,1401,1402,1403,1404,1405,1406,1407,1408,1409,1410,1411,1412,1413,1414,1415,1416,1417,1418,1419,1420,1421,1422,1423,1424,1425,1426,1427,1428,1429,1430,1431,1432,1433,1434,1435,1436,1437,1438,1439,1440,1441,1442,1443,1444,1445,1446,1447,1448,1449,1450,1451,1452,1453,1454,1455,1456,1457,1458,1459,1460,1461,1462,1463,1464,1465,1466,1467,1468,1469,1470,1471,1472,1473,1474,1475,1476,1477,1478,1479,1480,1481,1482,1483,1484,1485,1486,1487,1488,1489,1490,1491,1492,1493,1494,1495,1496,1497,1498,1499,1500,1501,1502,1503,1504,1505,1506,1507,1508,1509,1510,1511,1512,1513,-399]],[[1514,1515,1516,1517,1518,1519,1520,1521,1522,1523,1524,1525,1526,1527,1528,1529,1530,1531,1532,1533,1534,1535,1536,1537,1538,1539,1540,1541,1542,1543,1544,1545,1546,1547,1548,1549,1550,1551,1552,1553,1554,1555,1556,1557,1558,1559,1560,1561,1562,1563,1564,1565,1566,1567,1568,1569,1570,1571,1572,1573,1574,1575,1576,1577,1578,1579,1580,1581,1582,1583,1584,1585,1586,1587,1588,1589,1590,1591,1592,1593,1594,1595,1596,1597,1598,1599,1600,1601,1602,1603,1604,1605,1606,1607,1608,1609,1610,1611,1612,1613,1614,1615,1616,1617,1618,1619,1620,1621,1622,1623,1624,1625,1626,1627,1628,1629,1630,1631,1632,1633,1634,1635,1636,1637,1638,1639,1640,1641,1642,1643,1644,1645,1646,1647,1648,1649,1650,1651,1652,1653,1654,1655,1656,1657,1658,1659,1660,1661,1662,1663,1664,1665,1666,1667,1668,1669,1670,1671,1672,1673,1674,1675,1676,1677,1678,1679,1680,1681,1682,1683,1684,1685,1686,1687,1688,1689,1690,1691,1692,1693,1694,1695,1696,1697,1698,1699,1700,1701,1702,1703,1704,1705,1706,1707,1708,1709,1710,1711,1712,1713,1714,1715,1716,1717,1718,1719,1720,1721,1722,1723,1724,1725,1726,1727,1728,1729,1730,1731,1732,1733,1734,1735,1736,1737,1738,1739,1740,1741]]],"properties":{"country":"SWZ","title":"Dry middleveld","color":"#c80000","year":2024,"id":"68908249","from":"Jun 2024","to":"Sep 2024"},"id":"feature_45"},{"type":"Polygon","arcs":[[-1252,-1251,-1250,-1249,-1248,-1247,-1246,-1245,-1244,-1243,-1242,-1241,-1240,-1239,-1238,-1237,-1236,-1235,-1234,-1233,-1232,-1231,-1230,-1229,-1228,-1227,-1226,-1225,-1224,-1223,-1222,-1221,-1220,-1219,-1218,2518,2519,-1216,2520,-2453,-2452,-2451,-2450,-2449,-2448,-2447,-2446,-2445,-2444,2521,2522,2523,-2050,-2049,-2048,-2047,-2046,-2045,-2044,-2043,2524,-1520,-1519,-1518,-1517,-1516,-1515,-1742,-1741,-1740,-1739,-1738,-1737,-1736,-1735,-1734,-1733,-1732,-1731,-1730,-1729,-1728,-1727,-1726,-1725,-1724,-1723,-1722,-1721,-1720,-1719,-1718,-1717,-1716,-1715,-1714,-1713,-1712,-1711,-1710,-1709,-1708,-1707,-1706,-1705,-1704,-1703,-1702,-1701,-1700,-1699,2525,2526,-1695,-1694,-1693,-1692,-1691,-1690,-1689,-1688,-1687,-1686,-1685,-1684,-1683,-1682,-1681,-1680,-1679,-1678,-1677,-1676,-1675,-1674,-1673,-1672,-1671,2527,2528,2529,-2306,-2305,-1636,2530,2531,2532,-1632,-1631,-1630,-1629,-1628,-1627,-1626,-1625,-1624,-1623,-1622,-1621,-1620,-1619,-1618,2533,2534,2535,2536,2537,2538,-1471,-1470,-1469,-1468,2539,2540,2541,2542,-1462,-1461,-1460,2543,2544,-1457,-1456,-1455,-1454,-1453,-1452,-1451,-1450,-1449,-1448,-1447,-1446,-1445,-1444,-1443,-1442,-1441,-1440,2545,2546,-1437,-1436,2547,-2378,2548,2549,2550,-2375,2551,2552,2553,-2373,2554,2555,-2370,-2369,-2368,2556,2557,-2392,-2391,-2390,2558,2559,-2388,-2387,-2386,-2385,-2384,-2383,2560,2561,2562,2563,2564,-1046,-1045,-1044,2565,2566,-1042,-1041,-1040,-1039,-1038,-1037,-1036,-1035,-1034,-1033,-1032,-1031,-1030,-1029,-1028,-1027,-1026,-1025,-1024,-1023,-1022,-1021,-1020,-1019,-1018,-1017,-1016,-1015,-1014,-1013,-1012,-1011,-1010,-1009,-1008,-1007,-1006,-1005,-1004,-1003,-1002,-1001,-1000,-999,-998,-997,-996,2567,-993,-992,2568,2569,2570,-987,-986,-985,-984,-983,-982,-981,-980,-979,-978,-977,-976,-975,-974,-973,-972,-971,-970,-969,-968,-967,-966,-965,-964,-963,-962,-961,-960,-959,-958,-957,-956,-955,-954,-953,-952,2571,2572,2573,-949,2574,2575,2576,2577,2578,2579,2580,441,2581,2582,2583,2584,2585,2586,2587,2588,2589,2590,2591,2592,2593,2594,2595,2596,2597,2598,2599,2600,2601,2602,2603,2604,2605,2606,2607,2608,2609,2610,2611,2612,2613,2614,2615,2616,2617,2618,2619,2620,2621,2622,2623,2624,2625,2626,2627,2628,2629,2630,2631,2632,-2205,-2204,-2203,-2202,-2201,-2200,-2199,-2198,-2197,-2196,-2195,-2194,-2193,-2192,-2191,-2190,-2189,-2188,-2187,-2186,-2185,-2184,-2183,-2182,-2181,-2180,-2179,-2178,-2177,-2176,-2175,-2174,-2173,-2172,2633,2634,2635,2636,2637,2638,2639,2640,2641,2642,-2164,-2163,-2162,2643,2644,2645,2646,2647,2648,2649,2650,2651,2652,2653,2654,2655,2656,2657,2658,2659,2660,2661,2662,2663,2664,2665,2666,2667,2668,2669,2670,2671,2672,2673,2674,2675,2676,2677,2678,2679,2680,2681,2682,2683,2684,2685,2686,2687,2688,2689,2690,2691,2692,2693,2694,2695,2696,2697,2698,2699,2700,2701,2702,2703,2704,2705,2706,2707,2708,2709,2710,2711,2712,2713,2714,2715,2716,2717,2718,2719,2720,2721,2722,2723,2724,2725,2726,2727,2728,2729,2730,2731,2732,2733,2734,2735,2736,2737,2738,2739,2740,2741,2742,2743,2744,2745,-1266,-1265,-1264,-1263,-1262,-1261,-1260,-1259,-1258,-1257,-1256,-1255,-1254,-1253],[2746,2747,2748,2749,2750,2751,2752,2753,2754,2755,2756,2757,2758,2759,2760,2761,2762,2763,2764,2765,2766,2767],[2768,2769,2770,2771,2772,2773,2774,2775,2776,2777,2778,2779],[2780,2781,2782,2783,2784,2785,2786,2787,2788,2789,2790,2791,2792,2793,2794,2795,2796]],"properties":{"country":"SWZ","title":"Lowveld cattle and maize","color":"#c80000","year":2024,"id":"68908251","from":"Jun 2024","to":"Sep 2024"},"id":"feature_46"},{"type":"MultiPolygon","arcs":[[[273,274,275,276,277,278,279,280,281,282]],[[283,284,285,286,287,288,289,290]]],"properties":{"country":"SWZ","title":"Lubombo urban","color":"#e67800","year":2024,"id":"68908253","from":"Jun 2024","to":"Sep 2024"},"id":"feature_47"},{"type":"MultiPolygon","arcs":[[[1742,1743,1744,1745,1746,1747,1748,-661,-660,-659,-658,-657,-656,-655,-654,-653,-652,-651,-650,-649,-648,-647,-646,-645,-644,-643,-642,-641,1749,-638,-637,-636,-635,-634,-633,-632,-631,-630,-629,-628,-627,-626,-625,-624,-623,-622,-621,-620,-619,-618,-617,-616,-615,-614,-613,1750,1751,1752,1753,1754,1755,1756,1757,1758,1759,1760,1761,1762,1763,1764,1765,1766,1767,1768,1769,1770,1771,1772,-522,-521,-520,-519,1773,1774,-515,-514,-513,-512,-511,-510,-509,-508,-507,-506,-505,-504,-503,-502,-501,-500,-499,-498,1775,1776,1777,1778,1779,-493,-492,-491,-490,-489,-488,-487,-486,-485,-484,-483,-482,-481,-480,-479,-478,1780,-459,-570,-569,-568,-567,-566,1781,1782,1783,-563,-562,-561,-560,-559,-558,-557,-556,-555,-554,1784,1785,1786,1787,-551,-550,-549,-548,-547,-546,-545,-544,-543,-542,-541,-540,-539,-538,-537,-536,-535,-534,1788,1789,1790,-532,-531,-530,-529,1791,1792,1793,1794,1795,1796,1797,1798,1799,1800,1801,1802,1803,1804,1805,1806,1807,1808,1809,-880,-879,-878,-877,-876,-875,-874,1810,1811,1812,1813,1814,1815,1816,1817,1818,1819,1820,1821,1822,1823,1824,1825,1826,1827,1828,1829,1830,1831,1832,1833,1834,1835,1836,1837,1838,1839,1840,1841,1842,1843,1844,1845,1846,1847,1848,1849,1850,1851,1852,-778,-777,-776,-775,-774,-773,1853,1854,1855,1856,1857,1858,1859,1860,1861,-1418,-1417,-1416,-1415,-1414,-1413,-1412,-1411,1862,1863,1864,-1408,-1407,-1406,-1405,-1404,-1403,1865,1866,1867,-1400,-1399,-1398,-1397,-1396,-1395,-1394,-1393,-1392,-1391,-1390,-1389,-1388,-1387,-1386,1868,1869,1870,1871,1872,-1364,-1363,-1362,-1361,-1360,-1359,-1358,-1357,-1356,-1355,-1354,-1353,-1352,-1351,-1350,-1349,-1348,-1347,-1346,-1345,-1344,-1343,-1342,1873,1874,1875,1876,-1335,1877,1878,1879,1880,1881,1882,1883,1884,1885,1886,1887,1888,1889,1890,1891,1892,1893,1894,1895,1896,1897,1898,1899],[1900,1901,1902,1903,1904,1905,1906,1907,1908,1909,1910,1911]],[[-723,-722,-721,-720,-719,-718,-717,1912,-714,-713,1913,1914,1915,1916,1917,1918,1919,1920,1921,1922,1923,1924,1925,1926,1927,1928,1929,1930,1931,1932,1933,1934,1935,1936,1937,1938,1939,1940,1941,1942,1943,1944,1945,1946,1947,1948,1949,1950,1951,1952,1953,1954,1955,1956,1957,1958,1959,1960,1961,1962,1963,1964,1965,-187,1966,1967,1968,1969,1970,1971,1972,1973,1974,1975,1976,1977,1978,1979,1980,1981,1982,1983,1984,1985,1986,1987,1988,1989,1990,1991,1992,1993,1994,1995,1996,1997,1998,1999,2000,2001,2002,2003,2004,2005,2006,2007,2008,2009,2010,2011,2012,2013,2014,2015,2016,2017,2018,2019,2020,2021,2022,2023,2024,2025,2026,2027,2028,2029,2030,2031,2032,2033,2034,2035,2036,2037,2038,2039,2040,2041,2042,2043,2044,2045,2046,2047,2048,2049,2050,2051,2052,2053,2054,2055,2056,2057,2058,2059,2060,2061,2062,2063,2064,2065,2066,2067,2068,2069,2070,2071,2072,2073,2074,2075,2076,2077,2078,2079,2080,2081,2082,2083,2084,2085,2086,2087,2088,2089,2090,2091,2092,2093,2094,2095]]],"properties":{"country":"SWZ","title":"Highveld cattle and maize","color":"#c80000","year":2024,"id":"68908255","from":"Jun 2024","to":"Sep 2024"},"id":"feature_48"},{"type":"MultiPolygon","arcs":[[[435,436,437,438,439,440,441]],[[442,443,444,445,446,447,448,449,450,451,452,453,454,455,456]],[[457,458,459,460,461,462,463,464,465,466,467,468,469]]],"properties":{"country":"SWZ","title":"Shiselweni urban","color":"#e67800","year":2024,"id":"68908257","from":"Jun 2024","to":"Sep 2024"},"id":"feature_49"},{"type":"MultiPolygon","arcs":[[[-458,470,471,472,473,474,475,476,-463,477,478,479,480,481,482,483,484,485,486,487,488,489,490,491,492,493,494,495,496,497,498,499,500,501,502,503,504,505,506,507,508,509,510,511,512,513,514,515,516,517,518,519,520,521,522,523,524,525,526,527,528,529,530,531,532,533,534,535,536,537,538,539,540,541,542,543,544,545,546,547,548,549,550,551,552,553,554,555,556,557,558,559,560,561,562,563,564,565,566,567,568,569],[570,571,572,573,574,575,576,577,578]],[[579,580,581,582,583,584,585,586,587,588,589,590,591,592,593,594,595,596,597,598,599,600,601,602,603,604,605,606,607,608,609,610,611,612,613,614,615,616,617,618,619,620,621,622,623,624,625,626,627,628,629,630,631,632,633,634,635,636,637,638,639,640,641,642,643,644,645,646,647,648,649,650,651,652,653,654,655,656,657,658,659,660,661,662,663,664,665,666,667,668,669,670,671,672,673,674,675,676,677,678,679,680,681,682,683,684,685,686,687,688,689,690,691,692,693,694,695,696,697,698,699,700,701,702,703]],[[704,705,706,707,708,709,710,711,712,713,714,715,716,717,718,719,720,721,722,723,-273,724,725,726,727,728,729,730,731,732,733,734,735,736,737,738,739,740,741,742,743,744,745,746,747,748,749,750,751,752,753,754,755,756,757,758,759,760,761,762]]],"properties":{"country":"SWZ","title":"Timber highlands","color":"#c80000","year":2024,"id":"68908259","from":"Jun 2024","to":"Sep 2024"},"id":"feature_50"},{"type":"MultiPolygon","arcs":[[[291,292,293,294,295,296,297,298,299,300]],[[301,302,303,304,305,306,307,308,309,310,311,312,313,314,315,316,317,318,319,320,321,322,323,324,325,326,327,328,329,330,331,332,333,334,335,336,337,338,339,340,341,342,343,344,345,346,347,348,349,350,351,352,353,354,355,356,357,358,359,360]],[[361,362,363,364,365,366,367,368,369,370,371,372,373,374,375,376,377,378,379,380,381,382,383,384,385,386,387,388,389,390,391,392,393,394,395,396,397,398]],[[399,400,401,402,403,404,405,406,407,408,409,410,411,412,413,414,415,416,417,418,419,420,421,422,423,424,425,426,427,428,429,430,431,432,433,434]]],"properties":{"country":"SWZ","title":"Manzini urban","color":"#e67800","year":2024,"id":"68908261","from":"Jun 2024","to":"Sep 2024"},"id":"feature_51"},{"type":"MultiPolygon","arcs":[[[3016,3017,3018,3019,3020,3021,3022,3023,3024,3025,3026,3027,3028,3029,3030,3031,3032,3033,3034,3035,3036,3037,3038,3039,3040,3041,3042,3043,3044,3045,3046,3047,3048,3049,3050,3051,3052,3053,3054,3055,3056,3057,3058,3059,3060,3061,3062,3063,3064,3065,3066,3067,3068,3069,3070,3071,3072,3073,3074,3075,3076,3077,3078,3079,3080,3081,3082,3083,3084,3085,3086,3087,3088,3089,3090,3091,3092,3093,3094,3095,3096,3097,3098,3099,3100,3101,3102,3103,3104,3105,3106,3107,3108,3109,3110,3111,3112,3113,3114,3115,3116,3117,3118,3119,3120,3121,3122,3123,3124,3125,3126,3127,3128,3129,3130,3131,3132,3133,3134,3135,3136,3137,3138,3139,3140,3141,3142,3143,3144,3145,3146,3147,3148,3149,3150,3151,3152,3153,3154,3155,3156,3157,3158,3159,3160,3161,3162,3163,3164,3165,3166,3167,3168,3169,3170,3171,3172,3173,3174,3175,3176,3177,3178,3179,3180,3181,3182,3183,3184,3185,3186,3187,3188,3189,3190,3191,3192,3193,3194,3195,3196,3197,3198,3199,3200,3201,3202,3203,3204,3205,3206,3207,3208,3209,3210,3211,3212,3213,3214,3215,3216,3217,3218,3219,3220,3221,3222,3223,3224,3225,3226,3227,3228,3229,3230,3231,3232,3233,3234,3235,3236,3237,3238,3239,3240,3241,3242,3243,3244,3245,3246,3247,3248,3249,3250,3251,3252,3253,3254,3255,3256,3257,3258,3259,3260,3261,3262,3263,3264,3265,3266,3267,3268,3269,3270,3271,3272,3273,3274,3275,3276,3277,3278,3279,3280,3281,3282,3283,3284,3285,3286,3287,3288,3289,3290,3291,3292,3293,3294,3295,3296,3297,3298,3299,3300,3301,3302,3303,3304,3305,3306,3307,3308,3309,3310,3311,3312,3313,3314,3315,3316,3317,3318,3319,3320,3321,3322,3323,3324,3325,3326,3327,3328,3329,3330,3331,3332,3333,3334,3335,3336,3337,3338,3339,3340,3341,3342,3343,3344,3345,3346,3347,3348,3349,3350,3351]],[[3352,3353,3354,3355,3356,3357,3358,3359,3360,3361,3362,3363,3364,3365,3366,3367,3368,3369,3370,3371,3372,3373,3374,3375,3376,3377,3378,3379,3380,3381,3382,3383,3384,3385,3386,3387,3388,3389,3390,3391,3392,3393,3394,3395,3396,3397,3398,3399,3400,3401,3402,3403,3404,3405,3406,3407,3408,3409,3410,3411,3412,3413,3414,3415,3416,3417,3418,3419,3420,3421,3422,3423,3424,3425,3426,3427,3428,3429,3430,3431,3432,3433,3434,3435,3436,3437,3438,3439,3440,3441,3442,3443,3444,3445,3446,3447,3448,3449,3450,3451,3452,3453,3454,3455,3456,3457,3458,3459,3460,3461,3462,3463,3464,3465,3466,3467,3468,3469,3470,3471,3472,3473,3474,3475,3476,3477,3478,3479,3480,3481,3482,3483,3484,3485,3486,3487,3488,3489,3490,3491,3492,3493,3494,3495,3496,3497,3498,3499,3500,3501,3502,3503,3504,3505,3506,3507,3508,3509,3510,3511,3512,3513,3514,3515,3516,3517,3518,3519,3520,3521,3522,3523,3524,3525,3526,3527,3528,3529,3530,3531,3532,3533,3534,3535,3536,3537,3538,3539,3540,3541,3542,3543,3544,3545,3546,3547,3548,3549,3550,3551,3552,3553,3554,3555,3556,3557,3558,3559,3560,3561,3562,3563,3564,3565,3566,3567,3568,3569,3570,3571,3572,3573,3574,3575,3576,3577,3578],[3579]],[[3580,3581,3582,3583,3584,3585,3586,3587,3588,3589,3590,3591,3592,3593,3594,3595,3596,3597,3598,3599,3600,3601,3602,3603,3604,3605,3606,3607,3608,3609,3610,3611,3612,3613,3614,3615,3616,3617,3618,3619,3620,3621,3622,3623,3624,3625,3626,3627,3628,3629,3630,3631,3632,3633,3634,3635,3636,3637,3638,3639,3640,3641,3642,3643,3644,3645,3646,3647,3648,3649,3650,3651,3652,3653,3654,3655,3656,3657,3658,3659,3660,3661,3662,3663,3664,3665,3666,3667,3668,3669,3670,3671,3672,3673,3674,3675,3676,3677,3678,3679,3680,3681,3682,3683,3684,3685,3686,3687,3688,3689,3690,3691,3692,3693,3694,3695,3696,3697,3698,3699,3700,3701,3702,3703,3704,3705,3706,3707,3708,3709,3710,3711,3712,3713,3714,3715,3716,3717,3718,3719,3720,3721,3722,3723,3724,3725,3726,3727,3728,3729,3730,3731,3732,3733,3734,3735,3736,3737,3738,3739,3740,3741,3742,3743,3744,3745,3746,3747,3748,3749,3750,3751,3752,3753,3754,3755,3756,3757,3758,3759,3760,3761,3762,3763,3764,3765,3766,3767,3768,3769,3770,3771,3772,3773,3774,3775,3776,3777,3778,3779,3780,3781,3782,3783,3784,3785,3786,3787,3788,3789,3790,3791,3792,3793,3794,3795,3796]],[[3797,3798,3799,3800,3801,3802,3803,3804,3805,3806,3807,3808,3809,3810,3811,3812,3813,3814,3815,3816,3817,3818,3819,3820,3821,3822,3823,3824,3825,3826,3827,3828,3829,3830,3831,3832,3833,3834,3835,3836,3837,3838,3839,3840,3841,3842,3843,3844,3845,3846,3847,3848,3849,3850,3851,3852,3853,3854,3855,3856,3857,3858,3859,3860,3861,3862,3863,3864,3865,3866,3867,3868,3869,3870,3871,3872,3873,3874,3875,3876,3877,3878,3879,3880,3881,3882,3883,3884,3885,3886,3887,3888,3889,3890,3891,3892,3893,3894,3895,3896,3897,3898,3899,3900,3901,3902,3903,3904,3905,3906,3907,3908,3909,3910,3911,3912,3913,3914,3915,3916,3917,3918,3919,3920,3921,3922,3923,3924,3925,3926,3927,3928,3929,3930,3931,3932,3933,3934,3935,3936,3937,3938,3939,3940,3941,3942,3943,3944,3945,3946,3947,3948,3949,3950,3951,3952,3953,3954,3955,3956,3957,3958,3959,3960,3961,3962,3963,3964,3965,3966,3967,3968,3969,3970,3971,3972,3973,3974,3975,3976,3977,3978,3979,3980,3981,3982,3983,3984,3985,3986,3987,3988,3989,3990,3991,3992,3993,3994,3995,3996,3997,3998,3999,4000,4001,4002,4003,4004,4005,4006,4007,4008,4009,4010,4011,4012,4013,4014,4015,4016,4017,4018,4019,4020,4021,4022,4023,4024,4025,4026,4027,4028,4029,4030,4031,4032,4033,4034,4035,4036,4037,4038,4039,4040,4041,4042,4043,4044,4045,4046,4047,4048,4049,4050,4051,4052,4053,4054,4055,4056,4057,4058,4059,4060,4061,4062,4063,4064,4065]]],"properties":{"country":"SWZ","title":"Dry middleveld","color":"#e67800","year":2025,"id":"82886658","from":"Oct 2025","to":"Mar 2026"},"id":"feature_52"},{"type":"MultiPolygon","arcs":[[[4066]],[[4067]],[[4068]],[[4069]]],"properties":{"country":"SWZ","title":"Manzini urban","color":"#fae61e","year":2025,"id":"82886660","from":"Oct 2025","to":"Mar 2026"},"id":"feature_53"},{"type":"MultiPolygon","arcs":[[[4070,4071,4072,4073,4074,4075,4076,4077,4078,4079,4080,4081,4082,4083,4084,4085,4086,4087,4088,4089,4090,4091,4092,4093,4094,4095,4096,4097,4098,4099,4100,4101,4102,4103,4104,4105,4106,4107,4108,4109,4110,4111,4112,4113,4114,4115,4116,4117,4118,4119,4120,4121,4122,4123,4124,4125,4126,4127,4128,4129,4130,4131,4132,4133,4134,4135,4136,4137,4138,4139,4140,4141,4142,4143,4144,4145,4146,4147,4148,4149,4150,4151,4152,4153,4154,4155,4156,4157,4158,4159,4160,4161,4162,4163,4164,4165,4166,4167,4168,4169,4170,4171,4172,4173,4174,4175,4176,4177,4178,4179,4180,4181,4182,4183,4184,4185,4186,4187,4188,4189,4190,4191,4192,4193,4194,4195,4196,4197,4198,4199,4200,4201,4202,4203,4204,4205,4206,4207,4208,4209,4210,4211,4212,4213,4214,4215,4216,4217,4218,4219,4220,4221,4222,4223,4224,4225,4226,4227,4228,4229,4230,4231,4232,4233,4234,4235,4236,4237,4238,4239,4240,4241,4242,4243,4244,-3145,-3144,-3143,-3142,-3141,-3140,-3139,-3138,4245,4246,4247,4248,4249,4250,4251,4252,4253,4254,4255,4256,4257,4258,4259,4260,4261,4262,4263,4264,4265,4266,4267,4268,4269,4270,4271,4272,4273,4274,4275,-3029,-3028,-3027,-3026,-3025,-3024,4276,4277,4278,4279,4280,4281,4282,4283,4284,-3712,-3711,-3710,-3709,-3708,-3707,-3706,-3705,-3704,-3703,-3702,-3701,-3700,4285,-3698,-3697,-3696,-3695,-3694,-3693,-3692,4286,4287,-3689,-3688,4288,-3686,-3685,-3684,-3683,-3682,-3681,-3680,-3679,-3678,-3677,-3676,-3675,4289,4290,4291,-3651,-3650,-3649,-3648,-3647,-3646,-3645,-3644,-3643,-3642,-3641,-3640,-3639,-3638,-3637,-3636,-3635,-3634,-3633,-3632,-3631,-3630,-3629,-3628,-3627,-3626,4292,4293,-3623,-3622,4294,4295,4296,4297,4298,4299,4300,4301,4302,4303,4304,4305,4306,4307,4308,4309,4310,4311,4312,4313,4314,4315,4316,4317,4318,4319],[4320]],[[4321,4322,4323,4324,4325,4326,4327,4328,4329,4330,4331,4332,4333,4334,4335,4336,4337,4338,4339,4340,4341,4342,4343,4344,4345,4346,4347,4348,4349,4350,4351,4352,4353,4354,4355,4356,4357,4358,4359,4360,4361,4362,4363,4364,4365,4366,4367,4368,4369,4370,4371,4372,4373,4374,4375,4376,4377,4378,4379,4380,4381,4382,4383,4384,4385,4386,4387,4388,4389,4390,4391,4392,4393,4394,4395,4396,4397,4398,4399,4400,4401,4402,4403,4404,4405,4406,4407,4408,4409,4410,4411,4412,4413,4414,4415,4416,4417,4418,4419,4420,4421,4422,4423,4424,4425,4426,4427,4428,4429,4430,4431,4432,4433,4434,4435,4436,4437,4438,4439,4440,4441,4442,4443,4444,4445,4446,4447,4448,4449]]],"properties":{"country":"SWZ","title":"Highveld cattle and maize","color":"#e67800","year":2025,"id":"82886662","from":"Oct 2025","to":"Mar 2026"},"id":"feature_54"},{"type":"Polygon","arcs":[[4450,4451,-3561,-3560,-3559,-3558,-3557,-3556,-3555,-3554,-3553,-3552,-3551,-3550,-3549,-3548,-3547,-3546,-3545,-3544,-3543,-3542,-3541,-3540,-3539,-3538,-3537,-3536,-3535,-3534,-3533,-3532,-3531,-3530,-3529,-3528,-3527,-3526,4452,-3524,-3523,4453,-3521,4454,4455,4456,4457,4458,4459,4460,4461,4462,4463,4464,4465,4466,-4392,-4391,-4390,-4389,-4388,-4387,-4386,-4385,-4384,-4383,4467,-3802,-3801,-3800,-3799,4468,4469,-4064,-4063,-4062,-4061,-4060,-4059,-4058,-4057,-4056,-4055,-4054,-4053,-4052,-4051,-4050,-4049,4470,-4047,-4046,-4045,4471,-4043,-4042,-4041,-4040,-4039,-4038,-4037,-4036,-4035,-4034,-4033,-4032,-4031,-4030,-4029,-4028,-4027,-4026,-4025,-4024,-4023,-4022,-4021,-4020,-4019,-4018,-4017,-4016,-4015,-4014,4472,-4012,-4011,-4010,-4009,-4008,-4007,-4006,-4005,-4004,-4003,-4002,-4001,-4000,-3999,-3998,-3997,-3996,-3995,-3994,-3993,-3992,-3991,-3990,-3989,-3988,-3987,-3986,-3985,-3984,-3983,-3982,-3981,-3980,-3979,4473,4474,4475,4476,-3940,4477,-3938,-3937,-3936,-3935,-3934,-3933,-3932,-3931,-3930,-3929,-3928,-3927,-3926,-3925,-3924,-3923,-3922,-3921,4478,4479,4480,4481,4482,4483,4484,-3764,-3763,-3762,-3761,4485,-3759,4486,-3757,4487,4488,-3754,-3753,-3752,-3751,-3750,-3749,-3748,-3747,-3746,-3745,-3744,-3743,-3742,-3741,4489,-3739,-3738,-3737,-3736,4490,-3734,-3733,4491,4492,4493,4494,4495,4496,4497,4498,4499,4500,4501,4502,4503,4504,4505,4506,4507,4508,4509,4510,4511,4512,4513,4514,-3351,-3350,-3349,-3348,-3347,-3346,-3345,-3344,-3343,-3342,-3341,-3340,-3339,-3338,-3337,-3336,-3335,-3334,-3333,-3332,-3331,-3330,-3329,-3328,-3327,-3326,-3325,-3324,-3323,-3322,-3321,-3320,-3319,-3318,-3317,-3316,-3315,-3314,-3313,-3312,-3311,-3310,-3309,-3308,-3307,-3306,-3305,-3304,-3303,-3302,-3301,-3300,-3299,-3298,-3297,-3296,-3295,-3294,-3293,-3292,-3291,-3290,-3289,-3288,-3287,-3286,-3285,-3284,-3283,4515,-3281,-3280,-3279,-3278,4516,-3276,-3275,-3274,-3273,-3272,-3271,-3270,-3269,-3268,-3267,-3266,-3265,-3264,-3263,-3262,-3261,-3260,-3259,-3258,-3257,-3256,-3255,-3254,-3253,-3252,-3251,-3250,-3249,-3248,-3247,-3246,-3245,-3244,-3243,-3242,-3241,-3240,-3239,-3238,-3237,-3236,-3235,4517,4518,4519,4520,4521,4522,4523,4524,4525,4526,4527,4528,4529,4530,4531,4532,4533,4534,4535,4536,4537,4538,4539,4540,4541,4542,4543,4544,4545,4546,4547,4548,4549,4550,4551,4552,4553,4554,4555,4556,4557,4558,-3578,-3577,-3576,-3575,-3574,-3573,-3572,4559,-3570,-3569,-3568,-3567,-3566,-3565,-3564,4560],[4561],[4562],[4563]],"properties":{"country":"SWZ","title":"Lowveld cattle and maize","color":"#e67800","year":2025,"id":"82886664","from":"Oct 2025","to":"Mar 2026"},"id":"feature_55"},{"type":"MultiPolygon","arcs":[[[4564,-4179,-4178,-4177,-4176,-4175,-4174,-4173,-4172,-4171,-4170,-4169,-4168,-4167,-4166,-4165,-4164,-4163,4565,4566,-4160,-4159,-4158,-4157,-4156,-4155,-4154,-4153,-4152,-4151,4567,-4149,4568,-4147,-4146,-4145,4569,-4143,4570,-4141,-4140,-4139,-4138,4571,4572,-4231,-4230,-4229,-4228,-4227,-4226,-4225,-4224,-4223,-4222,-4221,-4220,-4219,-4218,-4217,-4216,-4215,-4214,-4213,-4212,-4211,-4210,-4209,-4208,-4207,-4206,-4205,-4204,4573,-4202,-4201,-4200,-4199,4574,-4197,-4196,-4195,4575,-4193,-4192,-4191,4576,-4189,-4188,-4187,-4186,-4185,-4184,-4183,-4182,-4181,4577],[4578]],[[4579,4580,4581,4582,4583,4584,4585,4586,4587,4588,4589,-4136,-4135,-4134,-4133,-4132,-4131,-4130,-4129,-4128,-4127,-4126,-4125,-4124,-4123,-4122,-4121,-4120,-4119,-4118,-4117,-4116,-4115,-4114,-4113,-4112,-4111,-4110,-4109,-4108,-4107,-4106,-4105,-4104,-4103,-4102,-4101,-4100,-4099,-4098,-4097,-4096,-4095,-4094,-4093,-4092,-4091,-4090,-4089,-4088,-4087,-4086,-4085,-4084,-4083,-4082,-4081,-4080,-4079,-4078,-4077,-4076,-4075,-4074,-4073,-4072,4590,4591,4592,4593,4594,4595,4596,4597,4598,4599,4600,4601,4602,4603,4604,4605,4606,4607,4608,4609,4610,4611,4612,4613,4614,4615,4616,4617,4618,4619,4620,4621,4622,4623,4624,4625,4626,4627,4628,4629,4630,4631,4632,4633,4634,4635,4636,4637,4638,4639]],[[4640,-4325,-4324,-4323,4641,4642,-4448,-4447,-4446,-4445,-4444,-4443,-4442,4643,4644,4645,4646,4647,4648,4649,4650,4651,4652,4653,4654,4655,4656,4657,4658,4659,4660,4661,4662,4663,4664,4665,4666,4667,4668,4669,4670,4671,4672,4673,4674,4675,4676,4677,4678,4679,4680,4681,4682]]],"properties":{"country":"SWZ","title":"Timber highlands","color":"#fae61e","year":2025,"id":"82886666","from":"Oct 2025","to":"Mar 2026"},"id":"feature_56"},{"type":"MultiPolygon","arcs":[[[4683]],[[4684]],[[4685]],[[4686,4687,4688,-4317,-4316,-4315,-4314,-4313,-4312,-4311,4689,4690,4691,4692,4693,4694,4695,4696,4697]],[[4698]],[[4699]],[[4700]],[[4701]],[[4702,-4589,-4588,-4587,-4586,-4585,-4584,-4583,-4582,4703,4704,-4639,-4638,-4637,-4636,-4635,-4634,-4633,-4632,-4631,-4630,-4629,-4628,-4627,-4626,-4625,-4624,-4623,-4622,-4621,-4620,-4619,4705,-4617,4706,-4615,4707,-4613,-4612,-4611,-4610,-4609,-4608,-4607,-4606,-4605,-4604,-4603,4708,-4601,-4600,-4599,-4598,-4597,-4596,-4595,4709,4710,-4592,4711,-3583,-3582,4712,-3779,-3778,-3777,-3776,4713,-3774,-3773,-3772,4714,4715,4716,-3768,-3767,4717,4718,-4484,-4483,-4482,-4481,-4480,4719,-3919,-3918,-3917,-3916,-3915,-3914,-3913,-3912,-3911,-3910,-3909,-3908,4720,-3906,-3905,-3904,-3903,-3902,-3901,-3900,-3899,-3898,-3897,-3896,-3895,-3894,-3893,-3892,-3891,-3890,-3889,-3888,-3887,4721,-3885,-3884,-3883,4722,4723,4724,4725,4726,4727,4728,4729,4730,4731,4732,4733,4734,4735,4736,4737,4738,4739,4740,4741,4742,4743,4744,4745,4746,4747,4748,4749,4750,4751,4752,4753,4754,4755,4756,4757,4758,4759,4760,4761,4762,4763,-4334,-4333,-4332,-4331,-4330,4764,-4328,-4327,4765]]],"properties":{"country":"SWZ","title":"Peri-urban","color":"#fae61e","year":2025,"id":"82886668","from":"Oct 2025","to":"Mar 2026"},"id":"feature_57"},{"type":"MultiPolygon","arcs":[[[4766]],[[4767]],[[4768]],[[4769]]],"properties":{"country":"SWZ","title":"Hhohho urban","color":"#fae61e","year":2025,"id":"82886670","from":"Oct 2025","to":"Mar 2026"},"id":"feature_58"},{"type":"MultiPolygon","arcs":[[[4770]],[[4771]]],"properties":{"country":"SWZ","title":"Lubombo urban","color":"#fae61e","year":2025,"id":"82886672","from":"Oct 2025","to":"Mar 2026"},"id":"feature_59"},{"type":"MultiPolygon","arcs":[[[4772]],[[4773]],[[4774]]],"properties":{"country":"SWZ","title":"Shiselweni urban","color":"#fae61e","year":2025,"id":"82886674","from":"Oct 2025","to":"Mar 2026"},"id":"feature_60"},{"type":"MultiPolygon","arcs":[[[4775,4776,-3178,-3177,-3176,-3175,-3174,-3173,-3172,-3171,-3170,-3169,-3168,-3167,-3166,-3165,-3164,-3163,-3162,-3161,-3160,-3159,-3158,-3157,-3156,-3155,-3154,-3153,-3152,-3151,4777,-3149,-3148,-3147,4778,-4244,-4243,-4242,-4241,4779,-4239,4780,-4237,-4236,-4235,-4234,4781,-3233,-3232,-3231,-3230,-3229,-3228,-3227,-3226,-3225,-3224,-3223,-3222,-3221,-3220,-3219,-3218,-3217,-3216,-3215,-3214,-3213,-3212,-3211,-3210,-3209,-3208,-3207,-3206,-3205,-3204,-3203,-3202,-3201,-3200,-3199,-3198,-3197,-3196,-3195,-3194,-3193,-3192,-3191,-3190,-3189,-3188,-3187,-3186,-3185,-3184,-3183,-3182,-3181,4782]],[[4783,-4259,4784,-4257,-4256,-4255,-4254,-4253,-4252,-4251,-4250,-4249,-4248,4785,4786,4787,-3135,-3134,4788,-3132,4789,-3130,-3129,-3128,-3127,-3126,-3125,-3124,4790,-4261,4791]],[[4792,4793,4794,4795,-4273,-4272,-4271,-4270,-4269,-4268,4796,-4266,-4265,-4264,4797,4798,-3122,-3121,4799,-3119,4800,4801,-3116,-3115,4802,-3113,-3112,-3111,4803,4804,-3108,-3107,-3106,-3105,-3104,-3103,-3102,-3101,-3100,-3099,-3098,-3097,-3096,-3095,-3094,-3093,-3092,-3091,-3090,-3089,-3088,-3087,-3086,-3085,-3084,-3083,-3082,-3081,-3080,-3079,-3078,-3077,-3076,-3075,-3074,-3073,-3072,-3071,-3070,-3069,-3068,-3067,-3066,-3065,-3064,-3063,-3062,-3061,-3060,-3059,-3058,-3057,-3056,-3055,-3054,-3053,-3052,-3051,-3050,-3049,-3048,-3047,-3046,-3045,-3044,-3043,-3042,-3041,-3040,-3039,-3038,-3037,-3036,-3035,-3034,-3033,4805,4806]],[[4807,4808,4809,-3976,-3975,-3974,-3973,-3972,-3971,-3970,-3969,-3968,-3967,-3966,-3965,-3964,4810,4811,-3961,4812,4813,4814,-3957,-3956,-3955,-3954,-3953,4815,-3951,-3950,-3949,-3948,-3947,-3946,-3945,-3944,-3943,-3942,-3941,-4477,-4476,4816]],[[4817,4818]],[[4819,4820,4821,-4695,-4694,-4693,4822,-4691,4823,-4309,-4308,-4307,-4306,-4305,4824,-4303,-4302,-4301,-4300,-4299,-4298,-4297,-4296,4825,-3620,-3619,-3618,4826,-3616,4827,-3614,-3613,-3612,4828,-3610,-3609,4829,-3607,4830,-3605,4831,-3603,-3602,-3601,-3600,-3599,-3598,-3597,-3596,4832,-3594,-3593,-3592,-3591,-3590,-3589,-3588,-3587,-3586,-3585,4833]],[[4834,-3784,-3783,-3782,4835,-3796,-3795,-3794,-3793,-3792,-3791,-3790,-3789,-3788,-3787,4836,4837]],[[4838,4839,-4499,4840,4841,-4496,4842,-4494,-4493,4843,-3731,-3730,-3729,-3728,-3727,-3726,-3725,-3724,-3723,-3722,-3721,-3720,-3719,-3718,-3717,-3716,-3715,-3714,4844,-4284,-4283,-4282,-4281,-4280,-4279,-4278,-4277,-3023,-3022,-3021,-3020,-3019,4845,-4513,-4512,-4511,-4510,-4509,-4508,4846,-4506,-4505,-4504,4847,4848,4849]],[[4850,-3658,-3657,-3656,-3655,-3654,-3653,4851,4852,4853,-3671,-3670,-3669,-3668,-3667,4854,-3665,-3664,-3663,-3662,-3661,-3660,4855]],[[4856,-4380,-4379,-4378,-4377,-4376,-4375,-4374,-4373,-4372,-4371,-4370,-4369,-4368,-4367,-4366,-4365,-4364,-4363,-4362,-4361,-4360,-4359,-4358,-4357,-4356,-4355,-4354,-4353,-4352,-4351,-4350,-4349,-4348,-4347,-4346,-4345,-4344,-4343,-4342,-4341,-4340,-4339,-4338,-4337,-4336,4857,4858,-4762,-4761,-4760,-4759,-4758,-4757,-4756,-4755,-4754,4859,-4752,-4751,-4750,-4749,-4748,4860,4861,-4745,-4744,-4743,-4742,-4741,-4740,-4739,-4738,-4737,-4736,-4735,4862,-4733,-4732,-4731,-4730,-4729,-4728,-4727,4863,-4725,-4724,4864,-3881,-3880,-3879,-3878,-3877,-3876,-3875,-3874,-3873,-3872,-3871,-3870,-3869,-3868,-3867,-3866,-3865,-3864,-3863,-3862,-3861,-3860,-3859,-3858,-3857,-3856,-3855,-3854,-3853,-3852,-3851,-3850,-3849,-3848,-3847,-3846,-3845,-3844,-3843,-3842,-3841,-3840,-3839,-3838,-3837,-3836,-3835,-3834,-3833,-3832,-3831,-3830,-3829,-3828,-3827,-3826,-3825,-3824,-3823,-3822,-3821,-3820,4865,-3818,-3817,-3816,-3815,-3814,-3813,-3812,-3811,-3810,-3809,-3808,-3807,-3806,-3805,4866]],[[4867,-4650,-4649,-4648,-4647,-4646,-4645,-4440,4868,-4438,-4437,-4436,-4435,-4434,-4433,-4432,-4431,-4430,-4429,4869,-4427,-4426,-4425,-4424,-4423,-4422,-4421,-4420,-4419,-4418,-4417,-4416,-4415,-4414,-4413,-4412,-4411,4870,-4409,-4408,-4407,-4406,-4405,-4404,-4403,-4402,-4401,-4400,-4399,-4398,-4397,-4396,-4395,-4394,4871,-4466,-4465,-4464,-4463,-4462,-4461,-4460,-4459,4872,-4457,-4456,4873,4874,4875,-3517,-3516,-3515,-3514,-3513,-3512,-3511,-3510,-3509,-3508,-3507,-3506,-3505,-3504,-3503,-3502,-3501,-3500,4876,4877]],[[4878,-3442,-3441,-3440,-3439,-3438,-3437,-3436,-3435,-3434,-3433,-3432,-3431,-3430,-3429,-3428,-3427,-3426,-3425,-3424,-3423,-3422,-3421,-3420,-3419,-3418,-3417,-3416,-3415,-3414,-3413,-3412,-3411,-3410,4879,4880,-3498,-3497,-3496,-3495,-3494,-3493,4881,-3491,4882,-3489,-3488,4883,-3486,-3485,-3484,-3483,-3482,-3481,-3480,-3479,-3478,-3477,-3476,-3475,-3474,-3473,-3472,-3471,-3470,-3469,-3468,-3467,-3466,-3465,-3464,-3463,-3462,-3461,-3460,-3459,-3458,-3457,-3456,-3455,-3454,-3453,-3452,-3451,-3450,-3449,-3448,-3447,-3446,4884,-3444,4885]],[[4886,-4681,-4680,-4679,-4678,-4677,-4676,-4675,-4674,-4673,-4672,-4671,-4670,-4669,-4668,-4667,-4666,-4665,4887,-4663,-4662,-4661,-4660,-4659,-4658,-4657,-4656,-4655,-4654,4888,-3408,-3407,-3406,4889,4890,-3403,-3402,-3401,-3400,-3399,-3398,-3397,-3396,-3395,-3394,-3393,-3392,-3391,-3390,-3389,4891]],[[-3361,-3360,4892,4893,-3385,4894,-3383,-3382,-3381,-3380,4895,-3378,-3377,-3376,4896,-3374,-3373,-3372,-3371,-3370,-3369,-3368,-3367,-3366,4897,-3364,-3363,-3362]],[[4898,-3358,-3357,-3356,-3355,-3354,4899]],[[4900]],[[4901]],[[4902]],[[4903]]],"properties":{"country":"SWZ","title":"Moist middleveld","color":"#fae61e","year":2025,"id":"82886676","from":"Oct 2025","to":"Mar 2026"},"id":"feature_61"},{"type":"MultiPolygon","arcs":[[[4904,-4558,-4557,-4556,-4555,-4554,4905,-4552,-4551,-4550,-4549,-4548,-4547,-4546,-4545,-4544,-4543,4906,-4541,4907,-4539,-4538,-4537,-4536,-4535,-4534,-4533,-4532,-4531,-4530,-4529,-4528,-4527,-4526,-4525,-4524,-4523,-4522,-4521,-4520,-4519,4908]],[[4909]]],"properties":{"country":"SWZ","title":"Lubombo plateau","color":"#e67800","year":2025,"id":"82886678","from":"Oct 2025","to":"Mar 2026"},"id":"feature_62"},{"type":"MultiPolygon","arcs":[[[4910,4911,4912,4913,4914,4915,4916,4917,4918,4919,4920,4921,4922,4923,4924,4925,4926,4927,4928,4929,4930,4931,4932,4933,4934,4935,4936,4937,4938,4939,4940,4941,4942,4943,4944,4945,4946,4947,4948,4949,4950,4951,4952,4953,4954,4955,4956,4957,4958,4959,4960,4961,4962,4963,4964,4965,4966,4967,4968,4969,4970,4971,4972,4973,4974,4975,4976,4977,4978,4979,4980,4981,4982,4983,4984,4985,4986,4987,4988,4989,4990,4991,4992,4993,4994,4995,4996,4997,4998,4999,5000,5001,5002,5003,5004,5005,5006,5007,5008,5009,5010,5011,5012,5013,5014,5015,5016,5017,5018,5019,5020,5021,5022,5023,5024,5025,5026,5027,5028,5029,5030,5031,5032,5033,5034,5035,5036,5037,5038,5039,5040,5041,5042,5043,5044,5045,5046,5047,5048,5049,5050,5051,5052,5053,5054,5055,5056,5057,5058,5059,5060,5061,5062,5063,5064,5065,5066,5067,5068,5069,5070,5071,5072,5073,5074,5075,5076,5077,5078,5079,5080,5081,5082,5083,5084,5085,5086,5087,5088,5089,5090,5091,5092,5093,5094,5095,5096,5097,5098,5099,5100,5101,5102,5103,5104,5105,5106,5107,5108,5109,5110,5111,5112,5113,5114,5115,5116,5117,5118,5119,5120,5121,5122,5123,5124,5125,5126,5127,5128,5129,5130,5131,5132,5133,5134,5135,5136,5137,5138,5139,5140,5141,5142,5143,5144,5145,5146,5147,5148,5149,5150,5151,5152,5153,5154,5155,5156,5157,5158,5159,5160,5161,5162,5163,5164,5165,5166,5167,5168,5169,5170,5171,5172,5173,5174,5175,5176,5177,5178,5179,5180,5181,5182,5183,5184,5185,5186,5187,5188,5189,5190,5191,5192,5193,5194,5195,5196,5197,5198,5199,5200,5201,5202,5203,5204,5205,5206,5207,5208,5209,5210,5211,5212,5213,5214,5215,5216,5217,5218,5219,5220,5221,5222,5223,5224,5225,5226,5227,5228,5229,5230,5231,5232,5233,5234,5235,5236,5237,5238,5239,5240,5241,5242,5243,5244,5245,5246,5247,5248,5249,5250,5251,5252,5253,5254,5255,5256,5257,5258,5259,5260,5261,5262,5263,5264,5265,5266,5267,5268,5269,5270,5271,5272,5273,5274,5275,5276,5277,5278,5279,5280,5281,5282,5283,5284,5285,5286,5287,5288,5289,5290,5291,5292,5293,5294,5295,5296,5297,5298,5299,5300,5301,5302,5303,5304,5305,5306]],[[5307,5308,5309,5310,5311,5312,5313,5314,5315,5316,5317,5318,5319,5320,5321,5322,5323,5324,5325,5326,5327,5328,5329,5330,5331,5332,5333,5334,5335,5336,5337,5338,5339,5340,5341,5342,5343,5344,5345,5346,5347,5348,5349,5350,5351,5352,5353,5354,5355,5356,5357,5358,5359,5360,5361,5362,5363,5364,5365,5366,5367,5368,5369,5370,5371,5372,5373,5374,5375,5376,5377,5378,5379,5380,5381,5382,5383,5384,5385,5386,5387,5388,5389,5390,5391,5392,5393,5394,5395,5396,5397,5398,5399,5400,5401,5402,5403,5404,5405,5406,5407,5408,5409,5410,5411,5412,5413,5414,5415,5416,5417,5418,5419,5420,5421,5422,5423,5424,5425,5426,5427,5428,5429,5430,5431,5432,5433,5434,5435,5436,5437,5438,5439,5440,5441,5442,5443,5444,5445,5446,5447,5448,5449,5450,5451,5452,5453,5454,5455,5456,5457,5458,5459,5460,5461,5462,5463,5464,5465,5466,5467,5468,5469,5470,5471,5472,5473,5474,5475,5476,5477,5478,5479,5480,5481,5482,5483,5484,5485,5486,5487,5488,5489,5490,5491,5492,5493,5494,5495,5496,5497,5498,5499,5500,5501,5502,5503,5504,5505,5506,5507,5508,5509,5510,5511,5512,5513,5514,5515,5516,5517,5518,5519,5520,5521,5522,5523,5524,5525,5526,5527,5528,5529,5530,5531,5532,5533,5534,5535,5536,5537,5538,5539,5540,5541,5542,5543,5544,5545,5546,5547,5548,5549,5550,5551,5552,5553,5554,5555,5556,5557,5558,5559,5560,5561,5562,5563,5564,5565,5566,5567,5568,5569,5570,5571,5572,5573,5574,5575,5576,5577,5578,5579,5580,5581,5582,5583,5584,5585,5586,5587,5588,5589,5590,5591,5592,5593,5594,5595,5596,5597,5598,5599,5600,5601,5602,5603,5604,5605,5606,5607,5608,5609,5610,5611,5612,5613,5614,5615,5616,5617,5618,5619,5620,5621,5622,5623,5624,5625,5626,5627,5628,5629,5630,5631,5632,5633,5634,5635,5636,5637,5638,5639,5640,5641,5642,5643,5644,5645,5646,5647,5648,5649,5650,5651,5652,5653,5654,5655,5656,5657,5658,5659,5660,5661,5662,5663,5664,5665,5666,5667,5668,5669,5670,5671,5672,5673,5674,5675,5676,5677,5678]],[[5679,5680,5681,5682,5683,5684,5685,5686,5687,5688,5689,5690,5691,5692,5693,5694,5695,5696,5697,5698,5699,5700,5701,5702,5703,5704,5705,5706,5707,5708,5709,5710,5711,5712,5713,5714,5715,5716,5717,5718,5719,5720,5721,5722,5723,5724,5725,5726,5727,5728,5729,5730,5731,5732,5733,5734,5735,5736,5737,5738,5739,5740,5741,5742,5743,5744,5745,5746,5747,5748,5749,5750,5751,5752,5753,5754,5755,5756,5757,5758,5759,5760,5761,5762,5763,5764,5765,5766,5767,5768,5769,5770,5771,5772,5773,5774,5775,5776,5777,5778,5779,5780,5781,5782,5783,5784,5785,5786,5787,5788,5789,5790,5791,5792,5793,5794,5795,5796,5797,5798,5799,5800,5801,5802,5803,5804,5805,5806,5807,5808,5809,5810,5811,5812,5813,5814,5815,5816,5817,5818,5819,5820,5821,5822,5823,5824,5825,5826,5827,5828,5829,5830,5831,5832,5833,5834,5835,5836,5837,5838,5839,5840,5841,5842,5843,5844,5845,5846,5847,5848,5849,5850,5851,5852,5853,5854,5855,5856,5857,5858,5859,5860,5861,5862,5863,5864,5865,5866,5867,5868,5869,5870,5871,5872,5873,5874,5875,5876,5877,5878,5879,5880,5881,5882,5883,5884,5885,5886,5887,5888,5889,5890,5891,5892,5893,5894,5895,5896,5897,5898,5899,5900,5901,5902,5903,5904,5905,5906,5907,5908,5909,5910,5911,5912,5913,5914,5915,5916,5917,5918,5919,5920,5921,5922,5923,5924,5925,5926,5927,5928,5929,5930,5931,5932,5933,5934,5935,5936,5937,5938,5939,5940,5941,5942,5943,5944,5945,5946,5947,5948,5949,5950,5951,5952,5953,5954,5955,5956,5957,5958,5959,5960,5961,5962,5963,5964,5965,5966,5967,5968,5969,5970,5971,5972,5973,5974,5975,5976,5977,5978,5979,5980,5981,5982,5983,5984,5985,5986,5987,5988,5989,5990,5991,5992,5993,5994,5995,5996,5997,5998,5999,6000,6001,6002,6003,6004,6005,6006,6007,6008,6009,6010,6011,6012]],[[6013,6014,6015,6016,6017,6018,6019,6020,6021,6022,6023,6024,6025,6026,6027,6028,6029,6030,6031,6032,6033,6034,6035,6036,6037,6038,6039,6040,6041,6042,6043,6044,6045,6046,6047,6048,6049,6050,6051,6052,6053,6054,6055,6056,6057,6058,6059,6060,6061,6062,6063,6064,6065,6066,6067,6068,6069,6070,6071,6072,6073,6074,6075,6076,6077,6078,6079,6080,6081,6082,6083,6084,6085,6086,6087,6088,6089,6090,6091,6092,6093,6094,6095,6096,6097,6098,6099,6100,6101,6102,6103,6104,6105,6106,6107,6108,6109,6110,6111,6112,6113,6114,6115,6116,6117,6118,6119,6120,6121,6122,6123,6124,6125,6126,6127,6128,6129,6130,6131,6132,6133,6134,6135,6136,6137,6138,6139,6140,6141,6142,6143,6144,6145,6146,6147,6148,6149,6150,6151,6152,6153,6154,6155,6156,6157,6158,6159,6160,6161,6162,6163,6164,6165,6166,6167,6168,6169,6170,6171,6172,6173,6174,6175,6176,6177,6178,6179,6180,6181,6182,6183,6184,6185,6186,6187,6188,6189,6190,6191,6192,6193,6194,6195,6196,6197,6198,6199,6200,6201,6202,6203,6204,6205,6206,6207,6208,6209,6210,6211,6212,6213,6214,6215,6216,6217,6218,6219,6220,6221,6222,6223,6224,6225,6226,6227,6228,6229,6230,6231,6232,6233,6234,6235,6236,6237,6238,6239,6240,6241,6242,6243,6244,6245,6246,6247,6248,6249,6250,6251,6252,6253,6254,6255,6256,6257,6258,6259,6260,6261,6262,6263,6264,6265,6266,6267,6268,6269,6270,6271,6272,6273,6274,6275,6276,6277,6278,6279,6280,6281,6282,6283,6284,6285,6286,6287,6288,6289,6290,6291,6292,6293]]],"properties":{"country":"SWZ","title":"Dry middleveld","color":"#E67800","year":2026,"id":"2384","from":"Jun 2026","to":"Sep 2026"},"id":"feature_63"},{"type":"MultiPolygon","arcs":[[[6294,6295,6296,6297,6298,6299,6300,6301,6302,6303,6304,6305,6306,6307,6308]],[[6309,6310,6311,6312,6313]],[[6314,6315,6316,6317,6318]],[[6319,6320,6321,6322,6323,6324,6325,6326,6327,6328,6329,6330,6331]],[[6332,6333,6334,6335,6336,6337,6338,6339,6340,6341,6342,6343,6344,6345,6346,6347,6348,6349,6350,6351,6352,6353,6354,6355,6356,6357,6358,6359,6360,6361,6362,6363,6364,6365,6366,6367,6368,6369,6370,6371,6372,6373,6374,6375,6376,6377,6378,6379,6380,6381,6382,6383,6384,6385,6386,6387,6388,6389,6390,6391,6392,6393,6394,6395,6396,6397,6398,6399,6400,6401,6402,6403,6404,6405,6406,6407,6408,6409,6410,6411,6412,6413,6414,6415,6416,6417,6418,6419,6420,6421,6422,6423,6424,6425,6426,6427,6428,6429,6430,6431,6432,6433,6434,6435,6436,6437,6438,6439,6440,6441,6442,6443,6444,6445,6446]],[[6447,6448,6449,6450,6451]]],"properties":{"country":"SWZ","title":"Hhohho urban","color":"#FAE61E","year":2026,"id":"2385","from":"Jun 2026","to":"Sep 2026"},"id":"feature_64"},{"type":"MultiPolygon","arcs":[[[-5141,-5140,-5139,-5138,-5137,-5136,-5135,-5134,-5133,-5132,-5131,-5130,6452,6453,6454,6455,6456,6457,6458,6459,6460,6461,6462,6463,6464,6465,6466,6467,6468,6469,6470,6471,6472,6473,6474,6475,6476,6477,6478,6479,6480,6481,6482,6483,6484,6485,6486,6487,6488,6489,6490,6491,6492,6493,6494,6495,6496,6497,6498,6499,6500,6501,6502,6503,6504,6505,6506,6507,6508,6509,6510,6511,6512,6513,6514,6515,6516,6517,6518,6519,6520,6521,6522,6523,6524,6525,6526,6527,6528,6529,6530,6531,6532,6533,6534,6535,6536,6537,6538,6539,6540,6541,6542,6543,6544,6545,6546,6547,6548,6549,6550,6551,6552,6553,6554,6555,6556,6557,6558,6559,6560,6561,6562,6563,6564,6565,6566,6567,6568,6569,6570,6571,6572,6573,6574,6575,6576,6577,6578,6579,6580,6581,6582,6583,6584,6585,6586,6587,6588,6589,6590,6591,6592,6593,6594,6595,6596,6597,6598,6599,6600,6601,6602,6603,6604,6605,6606,6607,6608,6609,6610,6611,6612,6613,6614,6615,6616,6617,6618,6619,6620,6621,6622,6623,6624,6625,6626,6627,6628,6629,6630,6631,6632,6633,6634,6635,6636,6637,6638,6639,6640,6641,6642,6643,6644,6645,6646,6647,6648,6649,6650,6651,6652,6653,6654,6655,6656,6657,6658,6659,6660,6661,6662,6663,6664,6665,6666,6667,6668,6669,6670,6671,6672,6673,6674,6675,6676,6677,6678,6679,6680,6681,6682,6683,6684,6685,6686,6687,6688,6689,6690,6691,6692,6693,6694,6695,6696,6697,6698,6699,6700,6701,6702,6703,6704,6705,6706,6707,6708,6709,6710,-5551,-5550,-5549,-5548,-5547,-5546,-5545,-5544,-5543,-5542,-5541,-5540,-5539,-5538,-5537,-5536,-5535,-5534,-5533,-5532,-5531,-5530,-5529,-5528,-5527,-5526,-5525,-5524,-5523,-5522,-5521,-5520,-5519,-5518,-5517,-5516,6711,-5489,-5488,-5487,-5486,-5485,-5484,-5483,-5482,-5481,-5480,-5479,-5478,-5477,-5476,-5475,-5474,-5473,-5472,-5471,-5470,-5469,-5468,-5467,-5466,-5465,-5464,-5463,-5462,-5461,-5460,-5459,-5458,-5457,-5456,-5455,-5454,-5453,-5452,-5451,-5450,-5449,-5448,-5447,-5446,-5445,-5444,-5443,-5442,-5441,-5440,-5439,-5438,6712,6713,6714,6715,6716,6717,6718,6719,6720,-5294,-5293,-5292,-5291,-5290,-5289,-5288,6721,6722,6723,6724,6725,6726,6727,6728,6729,6730,6731,6732,6733,6734,6735,6736,6737,6738,6739,6740,6741,6742,6743,6744,6745,6746,-5170,-5169,-5168,-5167,-5166,-5165,6747,6748,6749,6750,6751,6752,6753,6754,6755,6756,6757,6758,6759,6760,6761,6762,6763,6764,6765,6766,6767,6768,6769,6770,6771,6772,6773,-5142],[6774,6775,6776,6777,6778,6779,6780,6781,6782,6783,6784,6785,6786,6787,6788,6789,6790,6791]],[[6792,6793,6794,6795,6796,6797,6798,6799,6800,6801,6802,6803,-6449,6804,6805,6806,6807,6808,6809,6810,6811,6812,6813,6814,6815,6816,6817,6818,6819,6820,6821,6822,6823,6824,6825,6826,6827,6828,6829,6830,6831,6832,6833,6834,6835,6836,6837,6838,6839,6840,6841,6842,6843,6844,6845,6846,6847,6848,6849,6850,6851,6852,6853,6854,6855,6856,6857,6858,6859,6860,6861,6862,6863,6864,6865,6866,6867,6868,6869,6870,6871,6872,6873,6874,6875,6876,6877,6878,-6000,-5999,6879,6880,6881,6882,6883,6884,6885,6886,6887,6888,6889,6890,6891,6892,6893,6894,6895,6896,6897,6898,6899,6900,6901,6902,6903,6904,6905,6906,6907,6908,6909,6910,6911,6912,6913,6914,6915,6916,6917,6918,6919,6920,6921,6922,6923,6924,6925,6926,6927,6928,6929,6930,6931,6932,-6389,-6388,-6387,-6386,-6385,-6384,-6383,-6382,-6381,-6380,-6379,-6378,-6377,-6376,-6375,-6374,-6373,-6372,-6371,-6370,-6369,-6368,-6367,-6366,-6365,-6364,-6363,-6362,-6361,-6360,-6359,-6358,-6357,-6356,-6355,-6354,-6353,-6352,-6351,-6350,-6349,-6348,-6347,-6346,-6345,-6344,-6343,-6342,-6341,-6340,-6339,-6338,-6337,-6336,-6335,-6334,-6333,-6447,-6446,-6445,-6444,-6443,-6442,-6441,-6440,-6439,-6438,-6437,6933,6934,6935,6936,6937,-6303,-6302,6938,-6311,-6310,-6314,6939,6940,6941,6942,6943,6944,6945]]],"properties":{"country":"SWZ","title":"Highveld cattle and maize","color":"#FAE61E","year":2026,"id":"2386","from":"Jun 2026","to":"Sep 2026"},"id":"feature_65"},{"type":"Polygon","arcs":[[-5040,-5039,-5038,-5037,-5036,-5035,-5034,-5033,-5032,-5031,-5030,-5029,-5028,-5027,-5026,-5025,-5024,-5023,-5022,-5021,-5020,-5019,-5018,-5017,-5016,-5015,-5014,-5013,-5012,-5011,-5010,-5009,-5008,-5007,-5006,-5005,-5004,-5003,-5002,-5001,-5000,-4999,-4998,-4997,-4996,-4995,-4994,-4993,-4992,-4991,-4990,-4989,-4988,-4987,-4986,-4985,-4984,-4983,-4982,-4981,-4980,-4979,-4978,-4977,-4976,-4975,-4974,-4973,-4972,-4971,-4970,-4969,-4968,-4967,-4966,-4965,-4964,-4963,-4962,-4961,-4960,-4959,-4958,-4957,-4956,-4955,-4954,-4953,-4952,-4951,-4950,-4949,-4948,-4947,-4946,-4945,-4944,-4943,-4942,-4941,-4940,-4939,-4938,-4937,-4936,-4935,-4934,-4933,-4932,-4931,-4930,-4929,-4928,-4927,-4926,-4925,-4924,-4923,-4922,-4921,-4920,-4919,-4918,-4917,-4916,-4915,-4914,-4913,-4912,-4911,-5307,-5306,-5305,-5304,-5303,-5302,-5301,6946,6947,6948,6949,6950,6951,6952,6953,6954,6955,6956,6957,6958,6959,6960,6961,6962,6963,6964,6965,6966,6967,6968,6969,6970,6971,6972,6973,6974,6975,6976,6977,6978,6979,6980,-5415,-5414,-5413,-5412,-5411,-5410,-5409,-5408,-5407,-5406,-5405,-5404,-5403,-5402,-5401,-5400,-5399,-5398,-5397,-5396,-5395,-5394,-5393,-5392,-5391,-5390,-5389,-5388,-5387,-5386,-5385,-5384,-5383,-5382,-5381,-5380,-5379,-5378,-5377,-5376,-5375,-5374,-5373,-5372,-5371,-5370,-5369,-5368,-5367,-5366,-5365,6981,6982,6983,6984,6985,-5857,-5856,-5855,-5854,-5853,-5852,-5851,-5850,-5849,-5848,-5847,-5846,-5845,-5844,-5843,-5842,-5841,-5840,-5839,-5838,-5837,-5836,-5835,-5834,-5833,6986,6987,6988,6989,6990,-5778,-5777,-5776,-5775,-5774,-5773,-5772,-5771,-5770,-5769,-5768,-5767,-5766,-5765,-5764,-5763,-5762,-5761,-5760,-5759,-5758,-5757,-5756,-5755,-5754,-5753,-5752,-5751,-5750,-5749,-5748,-5747,-5746,-5745,-5744,-5743,-5742,-5741,-5740,-5739,-5738,-5737,-5736,-5735,-5734,-5733,-5732,-5731,-5730,-5729,-5728,-5727,-5726,-5725,-5724,-5723,-5722,-5721,-5720,-5719,-5718,-5717,-5716,-5715,-5714,-5713,-5712,-5711,-5710,-5709,-5708,-5707,-5706,-5705,-5704,-5703,-5702,-5701,-5700,-5699,-5698,-5697,-5696,-5695,-5694,-5693,-5692,-5691,-5690,-5689,-5688,-5687,-5686,-5685,-5684,-5683,-5682,-5681,-5680,-6013,-6012,-6011,-6010,-6009,-6008,-6007,-6006,-6005,-6004,-6003,-6002,-6001,-6879,-6878,-6877,-6876,-6875,-6874,-6873,-6872,-6871,-6870,-6869,-6868,-6867,6991,6992,6993,6994,6995,6996,6997,6998,6999,7000,7001,7002,7003,7004,-6080,-6079,-6078,-6077,-6076,-6075,-6074,-6073,-6072,-6071,-6070,-6069,-6068,-6067,-6066,-6065,-6064,-6063,-6062,-6061,-6060,-6059,-6058,-6057,-6056,-6055,-6054,-6053,-6052,-6051,-6050,-6049,-6048,-6047,-6046,-6045,-6044,-6043,-6042,-6041,-6040,-6039,-6038,-6037,-6036,-6035,-6034,-6033,-6032,-6031,-6030,-6029,-6028,-6027,-6026,-6025,-6024,-6023,-6022,-6021,-6020,-6019,-6018,-6017,-6016,-6015,-6014,-6294,-6293,7005,7006,7007,7008,7009,7010,7011,7012,7013,7014,7015,7016,7017,7018,7019,7020,7021,7022,7023,7024,7025,7026,7027,7028,7029,7030,7031,7032,7033,7034,7035,7036,7037,7038,7039,7040,7041,7042,7043,7044,7045,7046,7047,7048,7049,7050,7051,7052,7053,7054,7055,7056,7057,7058,7059,7060,7061,7062,7063,7064,7065,7066,7067,7068,7069,7070,7071,7072,7073,7074,7075,7076,7077,7078,7079,7080],[7081],[7082,7083],[7084,7085]],"properties":{"country":"SWZ","title":"Lowveld cattle and maize","color":"#E67800","year":2026,"id":"2387","from":"Jun 2026","to":"Sep 2026"},"id":"feature_66"},{"type":"MultiPolygon","arcs":[[[7086,7087,7088,7089,7090,-7015,-7014,-7013,-7012,-7011,-7010,-7009,-7008,7091,7092,-7071,7093,-7069,-7068,-7067,-7066,-7065,-7064,-7063,-7062,-7061,-7060,-7059,-7058,-7057,-7056,-7055,-7054,-7053,-7052,-7051,-7050,-7049,-7048,-7047,-7046,-7045,-7044,-7043,-7042,-7041,-7040,-7039,-7038,-7037,-7036,-7035,-7034,-7033,-7032,-7031,-7030,-7029,-7028,-7027,7094,7095]],[[7096]]],"properties":{"country":"SWZ","title":"Lubombo plateau","color":"#FAE61E","year":2026,"id":"2388","from":"Jun 2026","to":"Sep 2026"},"id":"feature_67"},{"type":"MultiPolygon","arcs":[[[-7026,-7025,-7024,-7023,-7022,-7021,-7020,-7019,-7018,-7017,-7016,-7091,-7090,-7089,-7088,-7087,-7096,-7095]],[[7097]]],"properties":{"country":"SWZ","title":"Lubombo urban","color":"#FAE61E","year":2026,"id":"2389","from":"Jun 2026","to":"Sep 2026"},"id":"feature_68"},{"type":"MultiPolygon","arcs":[[[-6777,-6776,-6775,-6792,-6791,-6790,-6789,-6788,-6787,-6786,-6785,-6784,-6783,-6782,-6781,-6780,-6779,-6778]],[[7098,7099,7100,7101,7102,7103,7104,7105,7106,7107,7108,7109,7110,7111,7112,7113,7114,7115,7116,7117,7118,7119,7120,7121,7122,7123,7124,7125,7126,7127,7128,7129,7130,7131,7132,7133,7134,7135,7136,7137,7138,7139,7140,7141,7142,7143,7144,7145,7146,7147,7148,-6679,-6678,-6677,7149,7150,7151,7152,7153,7154,7155,7156,7157,7158]],[[7159,7160,7161]],[[7162,7163,7164]],[[7165,7166,7167]],[[7168,-5675,-5674]],[[7169,-5329,-5328,7170,-5666,-5665,-5664,-5663,-5662,-5661,-5660,-5659,-5658,-5657,-5656,-5655,-5654,-5653,-5652,-5651,-5650,-5649,7171,7172]],[[7173,7174,7175]],[[7176,7177,7178,7179,7180,7181,7182,7183,7184,7185,7186,7187,7188,7189,7190,7191,7192,7193,7194,7195,7196,7197,7198,7199,7200,7201,7202,7203,7204,7205,7206,7207,7208,7209,7210,7211,7212,-5333,-5332,7213]],[[7214,7215,7216]]],"properties":{"country":"SWZ","title":"Manzini urban","color":"#FAE61E","year":2026,"id":"2390","from":"Jun 2026","to":"Sep 2026"},"id":"feature_69"},{"type":"MultiPolygon","arcs":[[[-5125,-5124,-5123,-5122,-5121,-5120,-5119,-5118,-5117,-5116,-5115,-5114,-5113,-5112,-5111,-5110,-5109,-5108,-5107,-5106,-5105,-5104,-5103,-5102,-5101,-5100,-5099,-5098,-5097,-5096,-5095,-5094,-5093,-5092,-5091,-5090,-5089,-5088,-5087,-5086,-5085,-5084,-5083,-5082,-5081,-5080,-5079,-5078,-5077,-5076,-5075,-5074,-5073,-5072,-5071,-5070,-5069,-5068,-5067,-5066,-5065,-5064,-5063,-5062,-5061,-5060,-5059,-5058,-5057,-5056,-5055,-5054,-5053,-5052,-5051,-5050,-5049,-5048,-5047,-5046,-5045,-5044,-5043,-5042,7217,-6481,-6480,-6479,-6478,-6477,-6476,-6475,-6474,-6473,-6472,-6471,-6470,-6469,-6468,-6467,-6466,-6465,-6464,-6463,-6462,-6461,-6460,-6459,-6458,-6457,-6456,-6455,-6454,-6453,-5129,-5128,-5127,-5126]],[[-5283,-5282,-5281,-5280,-5279,-5278,-5277,-5276,-5275,-5274,-5273,-5272,-5271,-5270,-5269,-5268,-5267,-5266,-5265,-5264,-5263,-5262,-5261,-5260,-5259,-5258,-5257,-5256,-5255,-5254,-5253,-5252,-5251,-5250,-5249,-5248,-5247,-5246,-5245,-5244,-5243,-5242,-5241,-5240,-5239,-5238,-5237,-5236,-5235,-5234,-5233,-5232,-5231,-5230,-5229,-5228,-5227,-5226,-5225,-5224,-5223,-5222,-5221,-5220,-5219,-5218,-5217,-5216,-5215,-5214,-5213,-5212,-5211,-5210,-5209,-5208,-5207,-5206,-5205,-5204,-5203,-5202,-5201,-5200,-5199,-5198,-5197,-5196,-5195,-5194,-5193,-5192,-5191,-5190,-5189,-5188,-5187,-5186,-5185,-5184,-5183,-5182,-5181,-5180,-5179,-5178,-5177,-5176,-5175,-5174,-5173,-5172,-5171,-6747,-6746,-6745,-6744,-6743,-6742,-6741,-6740,-6739,-6738,-6737,-6736,-6735,-6734,-6733,-6732,-6731,-6730,-6729,-6728,-6727,-6726,-6725,-6724,-6723,-6722,-5287,-5286,-5285,-5284]],[[-5296,-5295,-6721,-6720,-6719,-6718,-6717,-6716,-6715,-6714,-6713,-5437,-5436,-5435,-5434,-5433,-5432,-5431,-5430,-5429,-5428,-5427,-5426,-5425,-5424,-5423,-5422,-5421,-5420,-5419,-5418,-5417,-5416,-6981,-6980,-6979,-6978,-6977,-6976,-6975,-6974,-6973,-6972,-6971,-6970,-6969,-6968,-6967,-6966,-6965,-6964,-6963,-6962,-6961,-6960,-6959,-6958,-6957,-6956,-6955,-6954,-6953,-6952,-6951,-6950,-6949,-6948,-6947,-5300,-5299,-5298,-5297]],[[-5828,-5827,-5826,-5825,-5824,-5823,-5822,-5821,-5820,-5819,-5818,-5817,-5816,-5815,-5814,-5813,-5812,-5811,-5810,-5809,-5808,-5807,-5806,-5805,-5804,-5803,-5802,-5801,-5800,-5799,-5798,-5797,-5796,-5795,-5794,-5793,-5792,-5791,-5790,-5789,-5788,-5787,-5786,-5785,-5784,-5783,-5782,-5781,-5780,-5779,-6991,-6990,-6989,-6988,-6987,-5832,-5831,-5830,-5829]],[[-5159,-5158,-5157,-5156,-5155,-5154,-5153,-5152,-5151,-5150,-5149,-5148,-5147,-5146,-5145,-5144,-5143,-6774,-6773,-6772,-6771,-6770,-6769,-6768,-6767,-6766,-6765,-6764,-6763,-6762,-6761,-6760,-6759,-6758,-6757,-6756,-6755,-6754,-6753,-6752,-6751,-6750,-6749,-6748,-5164,-5163,-5162,-5161,-5160]],[[7218,7219]],[[7220]],[[7221]],[[-6210,-6209,-6208,-6207,-6206,-6205,-6204,-6203,-6202,-6201,-6200,-6199,-6198,-6197,-6196,-6195,-6194,-6193,-6192,-6191,-6190,-6189,-6188,-6187,-6186,-6185,-6184,-6183,-6182,-6181,-6180,-6179,-6178,-6177,-6176,-6175,-6174,-6173,-6172,-6171,-6170,-6169,-6168,-6167,-6166,-6165,-6164,-6163,-6162,-6161,-6160,-6159,-6158,-6157,-6156,-6155,-6154,-6153,-6152,-6151,-6150,-6149,-6148,-6147,-6146,-6145,-6144,-6143,-6142,-6141,-6140,-6139,-6138,-6137,-6136,-6135,-6134,-6133,-6132,-6131,-6130,-6129,-6128,-6127,-6126,-6125,-6124,-6123,-6122,-6121,-6120,-6119,-6118,-6117,-6116,-6115,-6114,-6113,-6112,-6111,7222,7223,-6213,-6212,-6211]],[[-5511,-5510,-5509,-5508,-5507,-5506,-5505,-5504,-5503,-5502,-5501,-5500,-5499,-5498,-5497,-5496,-5495,-5494,-5493,-5492,-5491,-5490,-6712,-5515,-5514,-5513,-5512]],[[-5634,-5633,-5632,-5631,-5630,-5629,-5628,-5627,-5626,-5625,-5624,-5623,-5622,-5621,-5620,-5619,-5618,-5617,-5616,-5615,-5614,-5613,-5612,-5611,-5610,-5609,-5608,-5607,-5606,-5605,-5604,-5603,-5602,-5601,-5600,-5599,-5598,-5597,-5596,-5595,-5594,-5593,-5592,-5591,-5590,-5589,-5588,-5587,-5586,-5585,-5584,-5583,-5582,-5581,-5580,-5579,-5578,-5577,-5576,-5575,-5574,-5573,-5572,-5571,-5570,-5569,-5568,-5567,-5566,-5565,-5564,-5563,-5562,-5561,-5560,-5559,-5558,-5557,-5556,-5555,-5554,-5553,-5552,-6711,-6710,-6709,-6708,-6707,-6706,-6705,-6704,-6703,-6702,-6701,-6700,-6699,-6698,-6697,-6696,7224,7225,7226,7227,7228,7229,7230,7231,7232,7233,7234,7235,7236,7237,7238,7239,7240,7241,-7128,-7127,-7126,-7125,-7124,-7123,-7122,-7121,-7120,-7119,-7118,-7117,-7116,-7115,-7114,7242,7243,-7160,7244,7245,-7163,-7165,7246,-7166,-7168,7247,7248,-7174,7249,7250,7251,7252,7253,7254,-5638,-5637,-5636,-5635]],[[-5323,-5322,-5321,-5320,-5319,-5318,-5317,-5316,-5315,-5314,-5313,-5312,-5311,-5310,-5309,-5308,-5679,-5678,-5677,-5676,-7169,-5673,-5672,-5671,-5670,-5669,-5668,-5667,-7171,-5327,-5326,-5325,-5324]],[[7255]],[[7256,-7173,7257]],[[-6104,-6103,-6102,-6101,-6100,-6099,-6098,-6097,-6096,-6095,-6094,-6093,-6092,-6091,-6090,-6089,-6088,-6087,-6086,-6085,-6084,-6083,-6082,-6081,-7005,-7004,-7003,-7002,-7001,-7000,-6999,-6998,-6997,-6996,-6995,-6994,-6993,-6992,-6866,-6865,-6864,-6863,-6862,-6861,-6860,-6859,-6858,-6857,-6856,-6855,-6854,-6853,-6852,-6851,-6850,-6849,-6848,-6847,-6846,-6845,-6844,-6843,-6842,-6841,-6840,-6839,-6838,-6837,-6836,-6835,-6834,-6833,-6832,-6831,-6830,-6829,-6828,-6827,-6826,-6825,-6824,-6823,-6822,-6821,-6820,-6819,-6818,-6817,-6816,-6815,-6814,-6813,-6812,-6811,-6810,-6809,-6808,-6807,7258,7259,7260,7261,7262,7263,7264,7265,-6109,-6108,-6107,-6106,-6105]],[[-6235,-6234,-6233,-6232,-6231,-6230,-6229,-6228,-6227,-6226,-6225,-6224,-6223,-6222,-6221,-6220,-6219,-6218,-6217,-6216,-6215,7266,7267,7268,7269,7270,7271,7272,7273,7274,7275,7276,7277,7278,7279,7280,7281,7282,7283,7284,7285,7286,7287,7288,7289,7290,7291,7292,7293,7294,7295,7296,7297,7298,7299,7300,7301,7302,7303,7304,7305,7306,-6240,-6239,-6238,-6237,-6236]],[[-5994,-5993,-5992,-5991,-5990,-5989,-5988,-5987,-5986,-5985,-5984,-5983,-5982,-5981,-5980,-5979,-5978,-5977,-5976,-5975,-5974,-5973,-5972,-5971,-5970,-5969,-5968,-5967,-5966,-5965,-5964,-5963,-5962,-5961,-5960,-5959,-5958,-5957,-5956,-5955,-5954,-5953,-5952,-5951,-5950,-5949,-5948,-5947,-5946,-5945,-5944,-5943,-5942,-5941,-5940,-5939,-5938,-5937,-5936,-5935,-5934,-5933,-5932,-5931,-5930,-5929,-5928,-5927,-5926,-5925,-5924,-5923,-5922,-5921,-5920,-5919,-5918,-5917,-5916,7307,7308,7309,7310,7311,7312,7313,7314,7315,7316,7317,7318,7319,7320,7321,7322,7323,7324,7325,7326,7327,7328,7329,7330,7331,7332,7333,7334,7335,7336,7337,7338,7339,7340,7341,7342,7343,7344,7345,7346,7347,7348,7349,7350,7351,7352,7353,7354,7355,7356,7357,7358,7359,7360,7361,-6925,-6924,-6923,-6922,-6921,-6920,-6919,-6918,-6917,-6916,-6915,-6914,-6913,-6912,-6911,-6910,-6909,-6908,-6907,-6906,-6905,-6904,-6903,-6902,-6901,-6900,-6899,-6898,-6897,-6896,-6895,-6894,-6893,-6892,-6891,-6890,-6889,-6888,-6887,-6886,-6885,-6884,-6883,-6882,-6881,-6880,-5998,-5997,-5996,-5995]],[[-6279,-6278,-6277,-6276,-6275,-6274,-6273,-6272,-6271,-6270,-6269,-6268,-6267,-6266,-6265,-6264,-6263,-6262,-6261,-6260,-6259,-6258,-6257,-6256,-6255,-6254,-6253,-6252,-6251,-6250,-6249,-6248,-6247,-6246,-6245,-6244,7362,-6284,-6283,-6282,-6281,-6280]],[[-6286,7363,-6291,-6290,-6289,-6288,-6287]]],"properties":{"country":"SWZ","title":"Moist middleveld","color":"#FAE61E","year":2026,"id":"2391","from":"Jun 2026","to":"Sep 2026"},"id":"feature_70"},{"type":"MultiPolygon","arcs":[[[-6689,-6688,-6687,-6686,-6685,-6684,-6683,-6682,-6681,-6680,-7149,-7148,-7147,-7146,-7145,-7144,-7143,-7142,-7141,-7140,-7139,-7138,-7137,-7136,-7135,-7134,-7133,-7132,-7131,-7130,-7129,-7242,-7241,-7240,-7239,-7238,-7237,-7236,-7235,-7234,-7233,-7232,-7231,-7230,-7229,-7228,-7227,-7226,-7225,-6695,-6694,-6693,-6692,-6691,-6690]],[[7364]],[[7365]],[[7366,7367]],[[7368]],[[7369,-7181,-7180,-7179,-7178]],[[7370]],[[7371]],[[-6934,-6436,-6435,-6434,-6433,-6432,-6431,-6430,-6429,-6428,-6427,-6426,-6425,-6424,-6423,-6422,-6421,-6420,-6419,-6418,-6417,-6416,-6415,-6414,-6413,-6412,-6411,-6410,-6409,-6408,-6407,-6406,-6405,-6404,-6403,-6402,-6401,-6400,-6399,-6398,-6397,-6396,-6395,-6394,-6393,-6392,-6391,-6390,-6933,-6932,-6931,-6930,-6929,-6928,-6927,-6926,-7362,-7361,-7360,-7359,-7358,-7357,-7356,-7355,-7354,-7353,-7352,-7351,-7350,-7349,-7348,-7347,-7346,-7345,-7344,-7343,-7342,-7341,-7340,-7339,-7338,-7337,-7336,-7335,-7334,-7333,-7332,-7331,-7330,-7329,-7328,-7327,-7326,-7325,-7324,-7323,-7322,-7321,-7320,-7319,-7318,-7317,-7316,-7315,-7314,-7313,-7312,-7311,-7310,-7309,-7308,-5915,-5914,-5913,-5912,-5911,-5910,-5909,-5908,-5907,-5906,-5905,-5904,-5903,-5902,-5901,-5900,-5899,-5898,-5897,-5896,-5895,-5894,-5893,-5892,-5891,-5890,-5889,-5888,-5887,-5886,-5885,-5884,-5883,-5882,-5881,-5880,-5879,-5878,-5877,-5876,-5875,-5874,-5873,-5872,-5871,-5870,-5869,-5868,-5867,-5866,-5865,-5864,-5863,-5862,-5861,-5860,-5859,-5858,-6986,-6985,-6984,-6983,-6982,-5364,-5363,-5362,-5361,-5360,-5359,-5358,-5357,-5356,-5355,-5354,-5353,-5352,-5351,-5350,-5349,-5348,-5347,-5346,-5345,-5344,-5343,-5342,-5341,-5340,-5339,-5338,-5337,-5336,-5335,7372,-7212,-7211,-7210,-7209,-7208,-7207,-7206,-7205,-7204,-7203,-7202,-7201,-7200,-7199,-7198,-7197,-7196,-7195,-7194,-7193,-7192,-7191,-7190,-7189,-7188,-7187,-7186,-7185,-7184,-7183,7373,7374,-7216,-5647,-5646,-5645,-5644,-5643,-5642,-5641,-5640,-5639,-7255,-7254,-7253,-7252,-7251,-7250,-7176,-7175,-7249,-7248,-7167,-7247,-7164,-7246,-7245,-7162,-7161,-7244,-7243,-7113,-7112,-7111,-7110,-7109,-7108,-7107,-7106,-7105,-7104,-7103,-7102,-7101,-7100,7375,-6323,-6322,-6321,-6320,-6332,-6331,-6330,-6329,-6328,-6327,-6326,-6325,7376,7377,7378,7379,7380,7381,7382,7383,7384,7385,7386,7387,7388,7389,7390,7391,7392,7393,7394,7395,7396,7397,7398,7399,7400,7401,7402,7403,7404,7405,7406,7407,7408,7409,7410,7411,7412,7413,7414,7415,7416,7417,7418,7419,7420,7421,7422,7423,7424,7425,7426,7427,7428,7429,7430,7431,7432,7433,7434,7435,7436,7437,7438,7439,7440,7441,7442,7443,7444,7445,7446,7447,7448,7449,7450,7451,7452,-6318,-6317,-6316,7453,-6300,-6299,-6298,-6297,-6296,-6295,-6309,-6308,-6307,-6306,-6305,-6304,-6938,-6937,-6936,-6935]]],"properties":{"country":"SWZ","title":"Peri Urban","color":"#FAE61E","year":2026,"id":"2392","from":"Jun 2026","to":"Sep 2026"},"id":"feature_71"},{"type":"MultiPolygon","arcs":[[[-7073,7454,-7080,-7079,-7078,-7077,-7076,-7075,-7074]],[[7455,7456,7457,7458,7459,7460,7461,7462,7463,7464,7465,7466,7467,7468,7469,7470]],[[7471,7472,7473,7474,7475,7476,7477,7478,7479,7480,-6547,-6546]]],"properties":{"country":"SWZ","title":"Shiselweni urban","color":"#FAE61E","year":2026,"id":"2393","from":"Jun 2026","to":"Sep 2026"},"id":"feature_72"},{"type":"MultiPolygon","arcs":[[[-6544,-6543,-6542,-6541,-6540,-6539,-6538,-6537,-6536,-6535,-6534,-6533,-6532,-6531,-6530,-6529,-6528,-6527,-6526,-6525,-6524,-6523,-6522,-6521,-6520,-6519,-6518,-6517,-6516,-6515,-6514,-6513,-6512,-6511,-6510,-6509,-6508,-6507,-6506,-6505,-6504,-6503,-6502,-6501,-6500,-6499,-6498,-6497,-6496,-6495,-6494,-6493,-6492,-6491,-6490,-6489,-6488,-6487,-6486,-6485,-6484,-6483,7481,-6609,-6608,-6607,-6606,-6605,-6604,-6603,-6602,-6601,-6600,-6599,-6598,-6597,-6596,-6595,-6594,-6593,-6592,-6591,-6590,-6589,-6588,-6587,-6586,-6585,-6584,-6583,-6582,-6581,-6580,-6579,-6578,-6577,-6576,-6575,-6574,-6573,-6572,-6571,-6570,-6569,-6568,-6567,-6566,-6565,-6564,-6563,-6562,-6561,-6560,-6559,-6558,-6557,-6556,-6555,-6554,-6553,-6552,-6551,-6550,-6549,-6548,-7481,-7480,-7479,-7478,-7477,-7476,-7475,-7474,-7473,-7472,-6545],[-7468,-7467,-7466,-7465,-7464,-7463,-7462,-7461,-7460,-7459,-7458,-7457,-7456,-7471,-7470,-7469]],[[-7450,-7449,-7448,-7447,-7446,-7445,-7444,-7443,-7442,-7441,-7440,-7439,-7438,-7437,-7436,-7435,-7434,-7433,-7432,-7431,-7430,-7429,-7428,-7427,-7426,-7425,-7424,-7423,-7422,-7421,-7420,-7419,-7418,-7417,-7416,-7415,-7414,-7413,-7412,-7411,-7410,-7409,-7408,-7407,-7406,-7405,-7404,-7403,-7402,-7401,-7400,-7399,-7398,-7397,-7396,-7395,-7394,-7393,-7392,-7391,-7390,-7389,-7388,-7387,-7386,-7385,-7384,-7383,-7382,-7381,-7380,-7379,-7378,7482,-7158,-7157,-7156,-7155,-7154,-7153,-7152,-7151,-7150,-6676,-6675,-6674,-6673,-6672,-6671,-6670,-6669,-6668,-6667,-6666,-6665,-6664,-6663,-6662,-6661,-6660,-6659,-6658,-6657,-6656,-6655,-6654,-6653,-6652,-6651,-6650,-6649,-6648,-6647,-6646,-6645,-6644,-6643,-6642,-6641,-6640,-6639,-6638,-6637,-6636,-6635,-6634,-6633,-6632,-6631,-6630,-6629,-6628,-6627,-6626,-6625,-6624,-6623,-6622,-6621,-6620,-6619,-6618,-6617,-6616,-6615,-6614,-6613,-6612,7483,-7452,-7451]],[[-6802,-6801,-6800,-6799,-6798,-6797,-6796,-6795,-6794,-6793,-6946,-6945,-6944,-6943,-6942,-6941,7484,-6242,-6241,-7307,-7306,-7305,-7304,-7303,-7302,-7301,-7300,-7299,-7298,-7297,-7296,-7295,-7294,-7293,-7292,-7291,-7290,-7289,-7288,-7287,-7286,-7285,-7284,-7283,-7282,-7281,-7280,-7279,-7278,-7277,-7276,-7275,-7274,-7273,-7272,-7271,-7270,-7269,-7268,-7267,-6214,-7224,-7223,-6110,-7266,-7265,-7264,-7263,-7262,-7261,-7260,-7259,-6806,7485,-6452,-6451,-6450,-6804,-6803]]],"properties":{"country":"SWZ","title":"Timber highlands","color":"#FAE61E","year":2026,"id":"2394","from":"Jun 2026","to":"Sep 2026"},"id":"feature_73"}]}},"arcs":[[[31.765,-25.936],[31.416,-25.719],[31.316,-25.743],[31.264,-25.81],[31.127,-25.921],[31.113,-25.983],[31.09,-26.026],[31.071,-26.067],[30.961,-26.262]],[[30.961,-26.262],[30.898,-26.316]],[[30.898,-26.316],[30.904,-26.326]],[[30.904,-26.326],[30.921,-26.336]],[[30.921,-26.336],[30.961,-26.353]],[[30.961,-26.353],[31.044,-26.394]],[[31.044,-26.394],[31.07,-26.44]],[[31.07,-26.44],[31.1,-26.446]],[[31.1,-26.446],[31.106,-26.446]],[[31.106,-26.446],[31.119,-26.441]],[[31.119,-26.441],[31.156,-26.452]],[[31.156,-26.452],[31.193,-26.455]],[[31.193,-26.455],[31.23,-26.467]],[[31.23,-26.467],[31.249,-26.47]],[[31.249,-26.47],[31.258,-26.438]],[[31.258,-26.438],[31.257,-26.426]],[[31.257,-26.426],[31.263,-26.387]],[[31.263,-26.387],[31.279,-26.334]],[[31.279,-26.334],[31.284,-26.328]],[[31.284,-26.328],[31.295,-26.322]],[[31.295,-26.322],[31.325,-26.313]],[[31.325,-26.313],[31.352,-26.308]],[[31.352,-26.308],[31.363,-26.294]],[[31.363,-26.294],[31.362,-26.29]],[[31.362,-26.29],[31.365,-26.284]],[[31.365,-26.284],[31.372,-26.278]],[[31.372,-26.278],[31.404,-26.291]],[[31.404,-26.291],[31.424,-26.287]],[[31.424,-26.287],[31.436,-26.272]],[[31.436,-26.272],[31.479,-26.248]],[[31.479,-26.248],[31.485,-26.248]],[[31.485,-26.248],[31.486,-26.253]],[[31.486,-26.253],[31.49,-26.256]],[[31.49,-26.256],[31.51,-26.253]],[[31.51,-26.253],[31.55,-26.206]],[[31.55,-26.206],[31.55,-26.191]],[[31.55,-26.191],[31.544,-26.184]],[[31.544,-26.184],[31.545,-26.18]],[[31.545,-26.18],[31.58,-26.169]],[[31.58,-26.169],[31.602,-26.169]],[[31.602,-26.169],[31.613,-26.173]],[[31.613,-26.173],[31.63,-26.173]],[[31.63,-26.173],[31.678,-26.163]],[[31.678,-26.163],[31.681,-26.129]],[[31.681,-26.129],[31.67,-26.056]],[[31.67,-26.056],[31.667,-26.02]],[[31.667,-26.02],[31.666,-25.948]],[[31.666,-25.948],[31.672,-25.944]],[[31.672,-25.944],[31.694,-25.953]],[[31.694,-25.953],[31.751,-25.956]],[[31.751,-25.956],[31.755,-25.952]],[[31.755,-25.952],[31.761,-25.939]],[[31.761,-25.939],[31.765,-25.936]],[[31.975,-27.165],[31.974,-27.148],[31.977,-27.131],[31.977,-27.122],[31.975,-27.116],[31.98,-27.091],[31.987,-27.006],[31.984,-27.001],[32.0,-26.938],[31.996,-26.924],[32.016,-26.82],[32.011,-26.81],[32.018,-26.807],[32.03,-26.806],[32.035,-26.807],[32.045,-26.817]],[[32.045,-26.817],[32.054,-26.818],[32.06,-26.817],[32.065,-26.812],[32.071,-26.81],[32.098,-26.805],[32.105,-26.809],[32.108,-26.821],[32.12,-26.838],[32.124,-26.84]],[[32.124,-26.84],[32.133,-26.84]],[[32.133,-26.84],[32.137,-26.536],[32.089,-26.432],[32.08,-26.409],[32.077,-26.364],[32.075,-26.312],[32.097,-26.218],[32.096,-26.211],[32.108,-26.166],[32.097,-26.072],[32.088,-26.011],[32.029,-25.998],[32.004,-25.99],[31.981,-25.95],[31.868,-26.0]],[[31.868,-26.0],[31.765,-25.936]],[[31.678,-26.163],[31.697,-26.244]],[[31.697,-26.244],[31.688,-26.265]],[[31.688,-26.265],[31.684,-26.323]],[[31.684,-26.323],[31.672,-26.347],[31.67,-26.349]],[[31.67,-26.349],[31.663,-26.356]],[[31.663,-26.356],[31.647,-26.365]],[[31.647,-26.365],[31.601,-26.415]],[[31.601,-26.415],[31.599,-26.421]],[[31.599,-26.421],[31.609,-26.447]],[[31.609,-26.447],[31.613,-26.518]],[[31.613,-26.518],[31.607,-26.521]],[[31.607,-26.521],[31.573,-26.53]],[[31.573,-26.53],[31.589,-26.566]],[[31.589,-26.566],[31.597,-26.634]],[[31.597,-26.634],[31.534,-26.666]],[[31.534,-26.666],[31.513,-26.67]],[[31.513,-26.67],[31.512,-26.681]],[[31.512,-26.681],[31.508,-26.696]],[[31.508,-26.696],[31.502,-26.708]],[[31.502,-26.708],[31.486,-26.73]],[[31.486,-26.73],[31.482,-26.746],[31.481,-26.771]],[[31.481,-26.771],[31.489,-26.78]],[[31.489,-26.78],[31.556,-26.768]],[[31.556,-26.768],[31.553,-26.78]],[[31.553,-26.78],[31.54,-26.812]],[[31.54,-26.812],[31.529,-26.845]],[[31.529,-26.845],[31.515,-26.874]],[[31.515,-26.874],[31.503,-26.892]],[[31.503,-26.892],[31.486,-26.908]],[[31.486,-26.908],[31.51,-26.927]],[[31.51,-26.927],[31.511,-26.946]],[[31.511,-26.946],[31.54,-26.97]],[[31.54,-26.97],[31.582,-26.978]],[[31.582,-26.978],[31.59,-26.976]],[[31.59,-26.976],[31.601,-26.977]],[[31.601,-26.977],[31.617,-27.012]],[[31.617,-27.012],[31.693,-27.041]],[[31.693,-27.041],[31.701,-27.046]],[[31.701,-27.046],[31.765,-27.037]],[[31.765,-27.037],[31.774,-27.056]],[[31.774,-27.056],[31.774,-27.06]],[[31.774,-27.06],[31.814,-27.091]],[[31.814,-27.091],[31.817,-27.09]],[[31.817,-27.09],[31.862,-27.108]],[[31.862,-27.108],[31.861,-27.144]],[[31.861,-27.144],[31.909,-27.146]],[[31.909,-27.146],[31.903,-27.164]],[[31.903,-27.164],[31.975,-27.165]],[[30.898,-26.316],[30.892,-26.321],[30.858,-26.384],[30.831,-26.411],[30.805,-26.467],[30.792,-26.569],[30.791,-26.712],[30.803,-26.824],[30.813,-26.844],[30.825,-26.84]],[[30.825,-26.84],[30.887,-26.804],[30.889,-26.802],[30.888,-26.799],[30.89,-26.788],[30.896,-26.781]],[[30.896,-26.781],[30.905,-26.787]],[[30.905,-26.787],[30.921,-26.785]],[[30.921,-26.785],[30.925,-26.782]],[[30.925,-26.782],[30.927,-26.777]],[[30.927,-26.777],[30.932,-26.774]],[[30.932,-26.774],[30.943,-26.775]],[[30.943,-26.775],[30.94,-26.785]],[[30.94,-26.785],[30.945,-26.794]],[[30.945,-26.794],[31.049,-26.776]],[[31.049,-26.776],[31.053,-26.814]],[[31.053,-26.814],[31.048,-26.828]],[[31.048,-26.828],[31.044,-26.83]],[[31.044,-26.83],[31.05,-26.842]],[[31.05,-26.842],[31.071,-26.86]],[[31.071,-26.86],[31.07,-26.883]],[[31.07,-26.883],[31.062,-26.893]],[[31.062,-26.893],[31.065,-26.903]],[[31.065,-26.903],[31.077,-26.9]],[[31.077,-26.9],[31.08,-26.89]],[[31.08,-26.89],[31.086,-26.881]],[[31.086,-26.881],[31.11,-26.867]],[[31.11,-26.867],[31.13,-26.861]],[[31.13,-26.861],[31.166,-26.835]],[[31.166,-26.835],[31.215,-26.808]],[[31.215,-26.808],[31.222,-26.809]],[[31.222,-26.809],[31.242,-26.821]],[[31.242,-26.821],[31.27,-26.846]],[[31.27,-26.846],[31.288,-26.858]],[[31.288,-26.858],[31.297,-26.854]],[[31.297,-26.854],[31.317,-26.833]],[[31.317,-26.833],[31.313,-26.815]],[[31.313,-26.815],[31.32,-26.806]],[[31.32,-26.806],[31.339,-26.796]],[[31.339,-26.796],[31.385,-26.799]],[[31.385,-26.799],[31.393,-26.776]],[[31.393,-26.776],[31.442,-26.754]],[[31.442,-26.754],[31.452,-26.756]],[[31.452,-26.756],[31.481,-26.771]],[[31.481,-26.771],[31.482,-26.743],[31.486,-26.73]],[[31.67,-26.349],[31.684,-26.323]],[[30.943,-26.775],[30.939,-26.774],[30.932,-26.774]],[[30.896,-26.781],[30.893,-26.786],[30.892,-26.785],[30.893,-26.805],[30.902,-26.852]],[[30.902,-26.852],[30.907,-26.855],[30.907,-26.86],[30.925,-26.872],[30.937,-26.883],[30.941,-26.884],[30.943,-26.888],[30.974,-26.908],[30.977,-26.922],[30.977,-26.953],[30.974,-26.965],[30.958,-26.992],[30.985,-27.037],[31.022,-27.068],[31.061,-27.096],[31.151,-27.202],[31.494,-27.315],[31.978,-27.318],[31.976,-27.311],[31.977,-27.223],[31.975,-27.165]],[[31.178,-26.401],[31.182,-26.397]],[[31.182,-26.397],[31.176,-26.391]],[[31.176,-26.391],[31.173,-26.392]],[[31.173,-26.392],[31.169,-26.39]],[[31.169,-26.39],[31.163,-26.394]],[[31.163,-26.394],[31.171,-26.401]],[[31.171,-26.401],[31.167,-26.406]],[[31.167,-26.406],[31.16,-26.409]],[[31.16,-26.409],[31.156,-26.417]],[[31.156,-26.417],[31.166,-26.423]],[[31.166,-26.423],[31.161,-26.424]],[[31.161,-26.424],[31.158,-26.442]],[[31.158,-26.442],[31.161,-26.444]],[[31.161,-26.444],[31.163,-26.448]],[[31.163,-26.448],[31.171,-26.445]],[[31.171,-26.445],[31.182,-26.448]],[[31.182,-26.448],[31.188,-26.445]],[[31.188,-26.445],[31.194,-26.445]],[[31.194,-26.445],[31.196,-26.437]],[[31.196,-26.437],[31.193,-26.435]],[[31.193,-26.435],[31.195,-26.43]],[[31.195,-26.43],[31.195,-26.413]],[[31.195,-26.413],[31.178,-26.401]],[[31.123,-26.269],[31.126,-26.271]],[[31.126,-26.271],[31.126,-26.274]],[[31.126,-26.274],[31.129,-26.275]],[[31.129,-26.275],[31.128,-26.278]],[[31.128,-26.278],[31.129,-26.278]],[[31.129,-26.278],[31.122,-26.288]],[[31.122,-26.288],[31.121,-26.287]],[[31.121,-26.287],[31.114,-26.29]],[[31.114,-26.29],[31.111,-26.287]],[[31.111,-26.287],[31.112,-26.282]],[[31.112,-26.282],[31.109,-26.276]],[[31.109,-26.276],[31.108,-26.276]],[[31.108,-26.276],[31.104,-26.276]],[[31.104,-26.276],[31.101,-26.273]],[[31.101,-26.273],[31.097,-26.277]],[[31.097,-26.277],[31.085,-26.27]],[[31.085,-26.27],[31.084,-26.288]],[[31.084,-26.288],[31.092,-26.303]],[[31.092,-26.303],[31.1,-26.31]],[[31.1,-26.31],[31.079,-26.324]],[[31.079,-26.324],[31.1,-26.33]],[[31.1,-26.33],[31.099,-26.34]],[[31.099,-26.34],[31.107,-26.339]],[[31.107,-26.339],[31.104,-26.354]],[[31.104,-26.354],[31.106,-26.357]],[[31.106,-26.357],[31.123,-26.365]],[[31.123,-26.365],[31.126,-26.359]],[[31.126,-26.359],[31.13,-26.356]],[[31.13,-26.356],[31.128,-26.352]],[[31.128,-26.352],[31.131,-26.345]],[[31.131,-26.345],[31.151,-26.353]],[[31.151,-26.353],[31.153,-26.36]],[[31.153,-26.36],[31.15,-26.36]],[[31.15,-26.36],[31.151,-26.363]],[[31.151,-26.363],[31.154,-26.362]],[[31.154,-26.362],[31.155,-26.374]],[[31.155,-26.374],[31.159,-26.38]],[[31.159,-26.38],[31.163,-26.379]],[[31.163,-26.379],[31.159,-26.373]],[[31.159,-26.373],[31.159,-26.369]],[[31.159,-26.369],[31.163,-26.362]],[[31.163,-26.362],[31.156,-26.354]],[[31.156,-26.354],[31.161,-26.344]],[[31.161,-26.344],[31.165,-26.345]],[[31.165,-26.345],[31.17,-26.352]],[[31.17,-26.352],[31.178,-26.313]],[[31.178,-26.313],[31.164,-26.306]],[[31.164,-26.306],[31.166,-26.288]],[[31.166,-26.288],[31.16,-26.275]],[[31.16,-26.275],[31.166,-26.261]],[[31.166,-26.261],[31.165,-26.26]],[[31.165,-26.26],[31.161,-26.262]],[[31.161,-26.262],[31.16,-26.265]],[[31.16,-26.265],[31.161,-26.268]],[[31.161,-26.268],[31.158,-26.269]],[[31.158,-26.269],[31.157,-26.273]],[[31.157,-26.273],[31.145,-26.28]],[[31.145,-26.28],[31.137,-26.27]],[[31.137,-26.27],[31.132,-26.271]],[[31.132,-26.271],[31.13,-26.27]],[[31.13,-26.27],[31.125,-26.254]],[[31.125,-26.254],[31.121,-26.255]],[[31.121,-26.255],[31.122,-26.26]],[[31.122,-26.26],[31.118,-26.263]],[[31.118,-26.263],[31.119,-26.265]],[[31.119,-26.265],[31.121,-26.264]],[[31.121,-26.264],[31.123,-26.269]],[[30.991,-26.249],[30.998,-26.25]],[[30.998,-26.25],[30.999,-26.254]],[[30.999,-26.254],[31.005,-26.253]],[[31.005,-26.253],[31.01,-26.25]],[[31.01,-26.25],[31.007,-26.247]],[[31.007,-26.247],[31.009,-26.245]],[[31.009,-26.245],[31.009,-26.229]],[[31.009,-26.229],[31.062,-26.232]],[[31.062,-26.232],[31.065,-26.228]],[[31.065,-26.228],[31.064,-26.224]],[[31.064,-26.224],[31.056,-26.224]],[[31.056,-26.224],[31.048,-26.212]],[[31.048,-26.212],[31.038,-26.21]],[[31.038,-26.21],[31.04,-26.223]],[[31.04,-26.223],[31.037,-26.223]],[[31.037,-26.223],[31.032,-26.22]],[[31.032,-26.22],[31.03,-26.216]],[[31.03,-26.216],[31.026,-26.215]],[[31.026,-26.215],[31.016,-26.216]],[[31.016,-26.216],[31.016,-26.212]],[[31.016,-26.212],[31.023,-26.204]],[[31.023,-26.204],[31.023,-26.195]],[[31.023,-26.195],[30.994,-26.204]],[[30.994,-26.204],[30.976,-26.236]],[[30.976,-26.236],[30.981,-26.245]],[[30.981,-26.245],[30.984,-26.243]],[[30.984,-26.243],[30.991,-26.249]],[[31.238,-25.98],[31.262,-25.978]],[[31.262,-25.978],[31.273,-25.947]],[[31.273,-25.947],[31.247,-25.949]],[[31.247,-25.949],[31.237,-25.979]],[[31.237,-25.979],[31.238,-25.98]],[[31.95,-26.437],[31.945,-26.435]],[[31.945,-26.435],[31.939,-26.436]],[[31.939,-26.436],[31.939,-26.442]],[[31.939,-26.442],[31.933,-26.445]],[[31.933,-26.445],[31.935,-26.453]],[[31.935,-26.453],[31.943,-26.467]],[[31.943,-26.467],[31.951,-26.469]],[[31.951,-26.469],[31.96,-26.468]],[[31.96,-26.468],[31.965,-26.455]],[[31.965,-26.455],[31.95,-26.437]],[[31.874,-26.068],[31.875,-26.07]],[[31.875,-26.07],[31.867,-26.077]],[[31.867,-26.077],[31.875,-26.079]],[[31.875,-26.079],[31.876,-26.078]],[[31.876,-26.078],[31.877,-26.081]],[[31.877,-26.081],[31.883,-26.081]],[[31.883,-26.081],[31.881,-26.072]],[[31.881,-26.072],[31.874,-26.068]],[[31.043,-26.688],[31.039,-26.691]],[[31.039,-26.691],[31.045,-26.696]],[[31.045,-26.696],[31.057,-26.692]],[[31.057,-26.692],[31.082,-26.672]],[[31.082,-26.672],[31.058,-26.661]],[[31.058,-26.661],[31.052,-26.666]],[[31.052,-26.666],[31.048,-26.672]],[[31.048,-26.672],[31.047,-26.68]],[[31.047,-26.68],[31.043,-26.685]],[[31.043,-26.685],[31.043,-26.688]],[[31.203,-26.587],[31.21,-26.596]],[[31.21,-26.596],[31.225,-26.589]],[[31.225,-26.589],[31.226,-26.586]],[[31.226,-26.586],[31.231,-26.588]],[[31.231,-26.588],[31.234,-26.587]],[[31.234,-26.587],[31.236,-26.577]],[[31.236,-26.577],[31.239,-26.574]],[[31.239,-26.574],[31.24,-26.576]],[[31.24,-26.576],[31.243,-26.575]],[[31.243,-26.575],[31.242,-26.568]],[[31.242,-26.568],[31.244,-26.564]],[[31.244,-26.564],[31.258,-26.557]],[[31.258,-26.557],[31.258,-26.546]],[[31.258,-26.546],[31.255,-26.538]],[[31.255,-26.538],[31.243,-26.53]],[[31.243,-26.53],[31.258,-26.524]],[[31.258,-26.524],[31.258,-26.521]],[[31.258,-26.521],[31.246,-26.518]],[[31.246,-26.518],[31.25,-26.507]],[[31.25,-26.507],[31.252,-26.508]],[[31.252,-26.508],[31.252,-26.504]],[[31.252,-26.504],[31.259,-26.502]],[[31.259,-26.502],[31.258,-26.497]],[[31.258,-26.497],[31.221,-26.495]],[[31.221,-26.495],[31.201,-26.488]],[[31.201,-26.488],[31.199,-26.485]],[[31.199,-26.485],[31.197,-26.486]],[[31.197,-26.486],[31.199,-26.488]],[[31.199,-26.488],[31.198,-26.491]],[[31.198,-26.491],[31.194,-26.489]],[[31.194,-26.489],[31.193,-26.491]],[[31.193,-26.491],[31.189,-26.491]],[[31.189,-26.491],[31.191,-26.495]],[[31.191,-26.495],[31.189,-26.503]],[[31.189,-26.503],[31.184,-26.505]],[[31.184,-26.505],[31.172,-26.485]],[[31.172,-26.485],[31.171,-26.491]],[[31.171,-26.491],[31.164,-26.498]],[[31.164,-26.498],[31.168,-26.499]],[[31.168,-26.499],[31.167,-26.502]],[[31.167,-26.502],[31.16,-26.504]],[[31.16,-26.504],[31.157,-26.513]],[[31.157,-26.513],[31.16,-26.516]],[[31.16,-26.516],[31.161,-26.522]],[[31.161,-26.522],[31.159,-26.525]],[[31.159,-26.525],[31.164,-26.53]],[[31.164,-26.53],[31.155,-26.529]],[[31.155,-26.529],[31.127,-26.535]],[[31.127,-26.535],[31.15,-26.573]],[[31.15,-26.573],[31.178,-26.56]],[[31.178,-26.56],[31.179,-26.563]],[[31.179,-26.563],[31.181,-26.564]],[[31.181,-26.564],[31.183,-26.563]],[[31.183,-26.563],[31.185,-26.567]],[[31.185,-26.567],[31.189,-26.569]],[[31.189,-26.569],[31.187,-26.575]],[[31.187,-26.575],[31.196,-26.578]],[[31.196,-26.578],[31.196,-26.582]],[[31.196,-26.582],[31.199,-26.587]],[[31.199,-26.587],[31.203,-26.587]],[[31.307,-26.548],[31.31,-26.551]],[[31.31,-26.551],[31.308,-26.555]],[[31.308,-26.555],[31.31,-26.558]],[[31.31,-26.558],[31.314,-26.558]],[[31.314,-26.558],[31.314,-26.548]],[[31.314,-26.548],[31.333,-26.546]],[[31.333,-26.546],[31.32,-26.497]],[[31.32,-26.497],[31.321,-26.496]],[[31.321,-26.496],[31.32,-26.494]],[[31.32,-26.494],[31.316,-26.493]],[[31.316,-26.493],[31.319,-26.49]],[[31.319,-26.49],[31.318,-26.49]],[[31.318,-26.49],[31.306,-26.49]],[[31.306,-26.49],[31.3,-26.494]],[[31.3,-26.494],[31.297,-26.49]],[[31.297,-26.49],[31.292,-26.489]],[[31.292,-26.489],[31.291,-26.492]],[[31.291,-26.492],[31.294,-26.497]],[[31.294,-26.497],[31.288,-26.5]],[[31.288,-26.5],[31.291,-26.503]],[[31.291,-26.503],[31.297,-26.499]],[[31.297,-26.499],[31.3,-26.5]],[[31.3,-26.5],[31.293,-26.503]],[[31.293,-26.503],[31.284,-26.515]],[[31.284,-26.515],[31.282,-26.514]],[[31.282,-26.514],[31.265,-26.521]],[[31.265,-26.521],[31.27,-26.532]],[[31.27,-26.532],[31.272,-26.532]],[[31.272,-26.532],[31.275,-26.536]],[[31.275,-26.536],[31.275,-26.54]],[[31.275,-26.54],[31.284,-26.541]],[[31.284,-26.541],[31.288,-26.54]],[[31.288,-26.54],[31.291,-26.542]],[[31.291,-26.542],[31.292,-26.551]],[[31.292,-26.551],[31.297,-26.554]],[[31.297,-26.554],[31.302,-26.553]],[[31.302,-26.553],[31.302,-26.548]],[[31.302,-26.548],[31.307,-26.548]],[[31.383,-26.52],[31.386,-26.516]],[[31.386,-26.516],[31.393,-26.517]],[[31.393,-26.517],[31.399,-26.516]],[[31.399,-26.516],[31.401,-26.514]],[[31.401,-26.514],[31.406,-26.514]],[[31.406,-26.514],[31.406,-26.511]],[[31.406,-26.511],[31.409,-26.506]],[[31.409,-26.506],[31.415,-26.509]],[[31.415,-26.509],[31.423,-26.491]],[[31.423,-26.491],[31.422,-26.486]],[[31.422,-26.486],[31.417,-26.488]],[[31.417,-26.488],[31.421,-26.479]],[[31.421,-26.479],[31.417,-26.475]],[[31.417,-26.475],[31.416,-26.469]],[[31.416,-26.469],[31.413,-26.466]],[[31.413,-26.466],[31.412,-26.465]],[[31.412,-26.465],[31.406,-26.466]],[[31.406,-26.466],[31.406,-26.48]],[[31.406,-26.48],[31.403,-26.48]],[[31.403,-26.48],[31.403,-26.485]],[[31.403,-26.485],[31.396,-26.481]],[[31.396,-26.481],[31.387,-26.482]],[[31.387,-26.482],[31.387,-26.48]],[[31.387,-26.48],[31.384,-26.478]],[[31.384,-26.478],[31.376,-26.486]],[[31.376,-26.486],[31.372,-26.479]],[[31.372,-26.479],[31.369,-26.477]],[[31.369,-26.477],[31.363,-26.477]],[[31.363,-26.477],[31.358,-26.501]],[[31.358,-26.501],[31.348,-26.504]],[[31.348,-26.504],[31.35,-26.51]],[[31.35,-26.51],[31.365,-26.533]],[[31.365,-26.533],[31.377,-26.53]],[[31.377,-26.53],[31.381,-26.525]],[[31.381,-26.525],[31.38,-26.52]],[[31.38,-26.52],[31.383,-26.52]],[[31.916,-27.317],[31.916,-27.293]],[[31.916,-27.293],[31.884,-27.294]],[[31.884,-27.294],[31.887,-27.308]],[[31.887,-27.308],[31.866,-27.296]],[[31.866,-27.296],[31.873,-27.317]],[[31.873,-27.317],[31.901,-27.317]],[[31.901,-27.317],[31.916,-27.317]],[[31.178,-27.124],[31.196,-27.118]],[[31.196,-27.118],[31.21,-27.131]],[[31.21,-27.131],[31.211,-27.129]],[[31.211,-27.129],[31.217,-27.135]],[[31.217,-27.135],[31.224,-27.129]],[[31.224,-27.129],[31.225,-27.13]],[[31.225,-27.13],[31.228,-27.125]],[[31.228,-27.125],[31.217,-27.119]],[[31.217,-27.119],[31.204,-27.108]],[[31.204,-27.108],[31.186,-27.089]],[[31.186,-27.089],[31.175,-27.098]],[[31.175,-27.098],[31.172,-27.095]],[[31.172,-27.095],[31.164,-27.112]],[[31.164,-27.112],[31.167,-27.116]],[[31.167,-27.116],[31.178,-27.124]],[[31.307,-26.981],[31.324,-26.981]],[[31.324,-26.981],[31.337,-26.981]],[[31.337,-26.981],[31.338,-26.981]],[[31.338,-26.981],[31.338,-26.954]],[[31.338,-26.954],[31.337,-26.954]],[[31.337,-26.954],[31.296,-26.954]],[[31.296,-26.954],[31.297,-26.963]],[[31.297,-26.963],[31.302,-26.968]],[[31.302,-26.968],[31.304,-26.968]],[[31.304,-26.968],[31.305,-26.968]],[[31.305,-26.968],[31.305,-26.973]],[[31.305,-26.973],[31.307,-26.974]],[[31.307,-26.974],[31.307,-26.981]],[[31.307,-26.981],[31.306,-26.981]],[[31.306,-26.981],[31.306,-26.974]],[[31.306,-26.974],[31.304,-26.973]],[[31.304,-26.973],[31.304,-26.968]],[[31.304,-26.968],[31.296,-26.963]],[[31.296,-26.963],[31.295,-26.956]],[[31.295,-26.956],[31.296,-26.954]],[[31.337,-26.954],[31.34,-26.947]],[[31.34,-26.947],[31.346,-26.945]],[[31.346,-26.945],[31.345,-26.941]],[[31.345,-26.941],[31.338,-26.939]],[[31.338,-26.939],[31.334,-26.926]],[[31.334,-26.926],[31.208,-26.945]],[[31.208,-26.945],[31.206,-26.947]],[[31.206,-26.947],[31.218,-26.968]],[[31.218,-26.968],[31.172,-26.995]],[[31.172,-26.995],[31.164,-26.991]],[[31.164,-26.991],[31.164,-26.993]],[[31.164,-26.993],[31.166,-26.994]],[[31.166,-26.994],[31.166,-26.999]],[[31.166,-26.999],[31.163,-27.001]],[[31.163,-27.001],[31.154,-27.0]],[[31.154,-27.0],[31.151,-27.003]],[[31.151,-27.003],[31.152,-27.007]],[[31.152,-27.007],[31.148,-27.01]],[[31.148,-27.01],[31.144,-27.008]],[[31.144,-27.008],[31.141,-27.01]],[[31.141,-27.01],[31.136,-27.01]],[[31.136,-27.01],[31.123,-26.998]],[[31.123,-26.998],[31.122,-26.986]],[[31.122,-26.986],[31.119,-26.986]],[[31.119,-26.986],[31.117,-26.982]],[[31.117,-26.982],[31.113,-26.981]],[[31.113,-26.981],[31.112,-26.976]],[[31.112,-26.976],[31.107,-26.979]],[[31.107,-26.979],[31.1,-26.974]],[[31.1,-26.974],[31.097,-26.974]],[[31.097,-26.974],[31.095,-26.967]],[[31.095,-26.967],[31.092,-26.966]],[[31.092,-26.966],[31.09,-26.958]],[[31.09,-26.958],[31.084,-26.96]],[[31.084,-26.96],[31.079,-26.958]],[[31.079,-26.958],[31.077,-26.955]],[[31.077,-26.955],[31.072,-26.956]],[[31.072,-26.956],[31.062,-26.963]],[[31.062,-26.963],[31.057,-26.963]],[[31.057,-26.963],[31.053,-26.965]],[[31.053,-26.965],[31.036,-26.963]],[[31.036,-26.963],[31.023,-26.97]],[[31.023,-26.97],[31.02,-26.968]],[[31.02,-26.968],[31.016,-26.959]],[[31.016,-26.959],[30.973,-26.964]],[[30.973,-26.964],[30.957,-26.992]],[[30.957,-26.992],[30.984,-27.037]],[[30.984,-27.037],[31.021,-27.067]],[[31.021,-27.067],[31.06,-27.096]],[[31.06,-27.096],[31.15,-27.202]],[[31.15,-27.202],[31.196,-27.217]],[[31.196,-27.217],[31.197,-27.214]],[[31.197,-27.214],[31.195,-27.214]],[[31.195,-27.214],[31.197,-27.211]],[[31.197,-27.211],[31.195,-27.206]],[[31.195,-27.206],[31.211,-27.198]],[[31.211,-27.198],[31.22,-27.186]],[[31.22,-27.186],[31.228,-27.181]],[[31.228,-27.181],[31.225,-27.173]],[[31.225,-27.173],[31.22,-27.167]],[[31.22,-27.167],[31.223,-27.164]],[[31.223,-27.164],[31.22,-27.16]],[[31.22,-27.16],[31.226,-27.149]],[[31.226,-27.149],[31.221,-27.14]],[[31.221,-27.14],[31.222,-27.137]],[[31.222,-27.137],[31.24,-27.132]],[[31.24,-27.132],[31.263,-27.152]],[[31.263,-27.152],[31.272,-27.152]],[[31.272,-27.152],[31.274,-27.16]],[[31.274,-27.16],[31.289,-27.159]],[[31.289,-27.159],[31.284,-27.154]],[[31.284,-27.154],[31.287,-27.141]],[[31.287,-27.141],[31.29,-27.136]],[[31.29,-27.136],[31.3,-27.141]],[[31.3,-27.141],[31.317,-27.11]],[[31.317,-27.11],[31.275,-27.099]],[[31.275,-27.099],[31.272,-27.08]],[[31.272,-27.08],[31.279,-27.069]],[[31.279,-27.069],[31.285,-27.054]],[[31.285,-27.054],[31.239,-27.012]],[[31.239,-27.012],[31.239,-27.009]],[[31.239,-27.009],[31.25,-27.004]],[[31.25,-27.004],[31.263,-27.01]],[[31.263,-27.01],[31.272,-27.021]],[[31.272,-27.021],[31.281,-27.021]],[[31.281,-27.021],[31.284,-27.029]],[[31.284,-27.029],[31.3,-27.012]],[[31.3,-27.012],[31.297,-27.01]],[[31.297,-27.01],[31.301,-27.004]],[[31.301,-27.004],[31.309,-26.999]],[[31.309,-26.999],[31.313,-26.991]],[[31.313,-26.991],[31.318,-26.991]],[[31.318,-26.991],[31.324,-26.981]],[[31.169,-27.118],[31.184,-27.107]],[[31.184,-27.107],[31.174,-27.098]],[[31.174,-27.098],[31.185,-27.089]],[[31.185,-27.089],[31.208,-27.112]],[[31.208,-27.112],[31.216,-27.118]],[[31.216,-27.118],[31.206,-27.128]],[[31.206,-27.128],[31.195,-27.118]],[[31.195,-27.118],[31.177,-27.124]],[[31.177,-27.124],[31.169,-27.118]],[[31.074,-26.342],[31.063,-26.341]],[[31.063,-26.341],[31.053,-26.331]],[[31.053,-26.331],[31.058,-26.333]],[[31.058,-26.333],[31.06,-26.33]],[[31.06,-26.33],[31.066,-26.334]],[[31.066,-26.334],[31.067,-26.333]],[[31.067,-26.333],[31.066,-26.33]],[[31.066,-26.33],[31.076,-26.325]],[[31.076,-26.325],[31.071,-26.318]],[[31.071,-26.318],[31.074,-26.314]],[[31.074,-26.314],[31.069,-26.304]],[[31.069,-26.304],[31.07,-26.298]],[[31.07,-26.298],[31.066,-26.302]],[[31.066,-26.302],[31.063,-26.302]],[[31.063,-26.302],[31.051,-26.309]],[[31.051,-26.309],[31.049,-26.288]],[[31.049,-26.288],[31.037,-26.292]],[[31.037,-26.292],[31.037,-26.286]],[[31.037,-26.286],[31.032,-26.271]],[[31.032,-26.271],[31.017,-26.258]],[[31.017,-26.258],[31.016,-26.252]],[[31.016,-26.252],[31.012,-26.254]],[[31.012,-26.254],[31.004,-26.265]],[[31.004,-26.265],[31.003,-26.279]],[[31.003,-26.279],[31.001,-26.269]],[[31.001,-26.269],[31.005,-26.261]],[[31.005,-26.261],[30.961,-26.262]],[[30.961,-26.262],[30.891,-26.321]],[[30.891,-26.321],[30.857,-26.384]],[[30.857,-26.384],[30.83,-26.411]],[[30.83,-26.411],[30.804,-26.467]],[[30.804,-26.467],[30.791,-26.569]],[[30.791,-26.569],[30.791,-26.63]],[[30.791,-26.63],[30.813,-26.66]],[[30.813,-26.66],[30.863,-26.687]],[[30.863,-26.687],[30.907,-26.685]],[[30.907,-26.685],[30.906,-26.676]],[[30.906,-26.676],[30.914,-26.666]],[[30.914,-26.666],[30.922,-26.659]],[[30.922,-26.659],[30.93,-26.655]],[[30.93,-26.655],[30.934,-26.656]],[[30.934,-26.656],[30.939,-26.653]],[[30.939,-26.653],[30.948,-26.653]],[[30.948,-26.653],[30.952,-26.65]],[[30.952,-26.65],[30.982,-26.674]],[[30.982,-26.674],[30.999,-26.623]],[[30.999,-26.623],[30.992,-26.622]],[[30.992,-26.622],[30.992,-26.62]],[[30.992,-26.62],[31.003,-26.62]],[[31.003,-26.62],[31.007,-26.618]],[[31.007,-26.618],[31.013,-26.622]],[[31.013,-26.622],[31.028,-26.617]],[[31.028,-26.617],[31.084,-26.618]],[[31.084,-26.618],[31.082,-26.595]],[[31.082,-26.595],[31.074,-26.599]],[[31.074,-26.599],[31.065,-26.591]],[[31.065,-26.591],[31.057,-26.589]],[[31.057,-26.589],[31.059,-26.582]],[[31.059,-26.582],[31.061,-26.581]],[[31.061,-26.581],[31.047,-26.577]],[[31.047,-26.577],[31.044,-26.577]],[[31.044,-26.577],[31.043,-26.581]],[[31.043,-26.581],[31.037,-26.576]],[[31.037,-26.576],[31.034,-26.566]],[[31.034,-26.566],[31.036,-26.563]],[[31.036,-26.563],[31.037,-26.554]],[[31.037,-26.554],[31.047,-26.553]],[[31.047,-26.553],[31.057,-26.546]],[[31.057,-26.546],[31.068,-26.557]],[[31.068,-26.557],[31.073,-26.56]],[[31.073,-26.56],[31.071,-26.563]],[[31.071,-26.563],[31.076,-26.57]],[[31.076,-26.57],[31.08,-26.569]],[[31.08,-26.569],[31.078,-26.563]],[[31.078,-26.563],[31.081,-26.552]],[[31.081,-26.552],[31.085,-26.549]],[[31.085,-26.549],[31.089,-26.549]],[[31.089,-26.549],[31.096,-26.537]],[[31.096,-26.537],[31.099,-26.536]],[[31.099,-26.536],[31.102,-26.543]],[[31.102,-26.543],[31.106,-26.546]],[[31.106,-26.546],[31.105,-26.539]],[[31.105,-26.539],[31.154,-26.528]],[[31.154,-26.528],[31.163,-26.529]],[[31.163,-26.529],[31.158,-26.525]],[[31.158,-26.525],[31.16,-26.522]],[[31.16,-26.522],[31.159,-26.516]],[[31.159,-26.516],[31.156,-26.513]],[[31.156,-26.513],[31.159,-26.505]],[[31.159,-26.505],[31.166,-26.502]],[[31.166,-26.502],[31.167,-26.499]],[[31.167,-26.499],[31.163,-26.498]],[[31.163,-26.498],[31.17,-26.491]],[[31.17,-26.491],[31.171,-26.484]],[[31.171,-26.484],[31.174,-26.483]],[[31.174,-26.483],[31.159,-26.476]],[[31.159,-26.476],[31.157,-26.442]],[[31.157,-26.442],[31.154,-26.449]],[[31.154,-26.449],[31.15,-26.449]],[[31.15,-26.449],[31.148,-26.453]],[[31.148,-26.453],[31.143,-26.452]],[[31.143,-26.452],[31.138,-26.454]],[[31.138,-26.454],[31.135,-26.447]],[[31.135,-26.447],[31.137,-26.445]],[[31.137,-26.445],[31.136,-26.443]],[[31.136,-26.443],[31.127,-26.446]],[[31.127,-26.446],[31.121,-26.445]],[[31.121,-26.445],[31.121,-26.438]],[[31.121,-26.438],[31.124,-26.437]],[[31.124,-26.437],[31.125,-26.434]],[[31.125,-26.434],[31.125,-26.42]],[[31.125,-26.42],[31.12,-26.414]],[[31.12,-26.414],[31.121,-26.408]],[[31.121,-26.408],[31.111,-26.396]],[[31.111,-26.396],[31.126,-26.383]],[[31.126,-26.383],[31.12,-26.374]],[[31.12,-26.374],[31.108,-26.363]],[[31.108,-26.363],[31.101,-26.37]],[[31.101,-26.37],[31.101,-26.372]],[[31.101,-26.372],[31.096,-26.37]],[[31.096,-26.37],[31.093,-26.375]],[[31.093,-26.375],[31.09,-26.376]],[[31.09,-26.376],[31.088,-26.372]],[[31.088,-26.372],[31.084,-26.37]],[[31.084,-26.37],[31.074,-26.342]],[[31.282,-25.855],[31.288,-25.85]],[[31.288,-25.85],[31.263,-25.836]],[[31.263,-25.836],[31.259,-25.832]],[[31.259,-25.832],[31.245,-25.836]],[[31.245,-25.836],[31.239,-25.829]],[[31.239,-25.829],[31.126,-25.921]],[[31.126,-25.921],[31.115,-25.967]],[[31.115,-25.967],[31.131,-25.967]],[[31.131,-25.967],[31.129,-25.962]],[[31.129,-25.962],[31.132,-25.959]],[[31.132,-25.959],[31.151,-25.956]],[[31.151,-25.956],[31.159,-25.957]],[[31.159,-25.957],[31.16,-25.964]],[[31.16,-25.964],[31.157,-25.967]],[[31.157,-25.967],[31.157,-25.972]],[[31.157,-25.972],[31.154,-25.976]],[[31.154,-25.976],[31.151,-25.975]],[[31.151,-25.975],[31.149,-25.977]],[[31.149,-25.977],[31.16,-25.987]],[[31.16,-25.987],[31.238,-25.98]],[[31.237,-25.979],[31.236,-25.978]],[[31.236,-25.978],[31.247,-25.949]],[[31.247,-25.949],[31.272,-25.947]],[[31.272,-25.947],[31.251,-26.006]],[[31.251,-26.006],[31.356,-26.023]],[[31.356,-26.023],[31.361,-26.018]],[[31.361,-26.018],[31.355,-26.009]],[[31.355,-26.009],[31.386,-25.976]],[[31.386,-25.976],[31.343,-25.946]],[[31.343,-25.946],[31.364,-25.927]],[[31.364,-25.927],[31.417,-25.956]],[[31.417,-25.956],[31.436,-25.878]],[[31.436,-25.878],[31.33,-25.908]],[[31.33,-25.908],[31.31,-25.909]],[[31.31,-25.909],[31.309,-25.911]],[[31.309,-25.911],[31.305,-25.909]],[[31.305,-25.909],[31.307,-25.915]],[[31.307,-25.915],[31.303,-25.92]],[[31.303,-25.92],[31.304,-25.922]],[[31.304,-25.922],[31.301,-25.923]],[[31.301,-25.923],[31.298,-25.917]],[[31.298,-25.917],[31.297,-25.917]],[[31.297,-25.917],[31.296,-25.917]],[[31.296,-25.917],[31.293,-25.92]],[[31.293,-25.92],[31.286,-25.914]],[[31.286,-25.914],[31.285,-25.915]],[[31.285,-25.915],[31.287,-25.91]],[[31.287,-25.91],[31.285,-25.909]],[[31.285,-25.909],[31.287,-25.907]],[[31.287,-25.907],[31.284,-25.899]],[[31.284,-25.899],[31.278,-25.896]],[[31.278,-25.896],[31.28,-25.89]],[[31.28,-25.89],[31.265,-25.868]],[[31.265,-25.868],[31.27,-25.868]],[[31.27,-25.868],[31.274,-25.872]],[[31.274,-25.872],[31.275,-25.869]],[[31.275,-25.869],[31.272,-25.861]],[[31.272,-25.861],[31.278,-25.855]],[[31.278,-25.855],[31.282,-25.855]],[[31.554,-26.843],[31.551,-26.836]],[[31.551,-26.836],[31.552,-26.833]],[[31.552,-26.833],[31.544,-26.83]],[[31.544,-26.83],[31.545,-26.835]],[[31.545,-26.835],[31.53,-26.844]],[[31.53,-26.844],[31.515,-26.859]],[[31.515,-26.859],[31.466,-26.851]],[[31.466,-26.851],[31.431,-26.864]],[[31.431,-26.864],[31.418,-26.88]],[[31.418,-26.88],[31.43,-26.896]],[[31.43,-26.896],[31.423,-26.906]],[[31.423,-26.906],[31.437,-26.908]],[[31.437,-26.908],[31.433,-26.917]],[[31.433,-26.917],[31.445,-26.917]],[[31.445,-26.917],[31.458,-26.892]],[[31.458,-26.892],[31.511,-26.926]],[[31.511,-26.926],[31.512,-26.944]],[[31.512,-26.944],[31.538,-26.97]],[[31.538,-26.97],[31.543,-26.972]],[[31.543,-26.972],[31.548,-26.968]],[[31.548,-26.968],[31.551,-26.968]],[[31.551,-26.968],[31.553,-26.97]],[[31.553,-26.97],[31.553,-26.973]],[[31.553,-26.973],[31.556,-26.974]],[[31.556,-26.974],[31.556,-26.971]],[[31.556,-26.971],[31.561,-26.965]],[[31.561,-26.965],[31.563,-26.966]],[[31.563,-26.966],[31.563,-26.968]],[[31.563,-26.968],[31.566,-26.969]],[[31.566,-26.969],[31.563,-26.973]],[[31.563,-26.973],[31.565,-26.974]],[[31.565,-26.974],[31.572,-26.973]],[[31.572,-26.973],[31.57,-26.968]],[[31.57,-26.968],[31.585,-26.969]],[[31.585,-26.969],[31.582,-26.973]],[[31.582,-26.973],[31.577,-26.974]],[[31.577,-26.974],[31.58,-26.977]],[[31.58,-26.977],[31.585,-26.977]],[[31.585,-26.977],[31.576,-26.982]],[[31.576,-26.982],[31.576,-26.984]],[[31.576,-26.984],[31.579,-26.987]],[[31.579,-26.987],[31.572,-26.992]],[[31.572,-26.992],[31.569,-27.0]],[[31.569,-27.0],[31.57,-27.005]],[[31.57,-27.005],[31.575,-27.016]],[[31.575,-27.016],[31.584,-27.022]],[[31.584,-27.022],[31.587,-27.029]],[[31.587,-27.029],[31.597,-27.014]],[[31.597,-27.014],[31.604,-27.014]],[[31.604,-27.014],[31.61,-27.023]],[[31.61,-27.023],[31.606,-27.029]],[[31.606,-27.029],[31.604,-27.041]],[[31.604,-27.041],[31.601,-27.045]],[[31.601,-27.045],[31.608,-27.045]],[[31.608,-27.045],[31.608,-27.054]],[[31.608,-27.054],[31.613,-27.058]],[[31.613,-27.058],[31.616,-27.064]],[[31.616,-27.064],[31.607,-27.066]],[[31.607,-27.066],[31.604,-27.073]],[[31.604,-27.073],[31.59,-27.071]],[[31.59,-27.071],[31.588,-27.072]],[[31.588,-27.072],[31.589,-27.075]],[[31.589,-27.075],[31.584,-27.072]],[[31.584,-27.072],[31.582,-27.074]],[[31.582,-27.074],[31.582,-27.072]],[[31.582,-27.072],[31.575,-27.074]],[[31.575,-27.074],[31.57,-27.072]],[[31.57,-27.072],[31.563,-27.066]],[[31.563,-27.066],[31.553,-27.066]],[[31.553,-27.066],[31.545,-27.057]],[[31.545,-27.057],[31.523,-27.067]],[[31.523,-27.067],[31.508,-27.067]],[[31.508,-27.067],[31.508,-27.07]],[[31.508,-27.07],[31.506,-27.071]],[[31.506,-27.071],[31.504,-27.076]],[[31.504,-27.076],[31.509,-27.079]],[[31.509,-27.079],[31.512,-27.079]],[[31.512,-27.079],[31.522,-27.089]],[[31.522,-27.089],[31.52,-27.114]],[[31.52,-27.114],[31.508,-27.119]],[[31.508,-27.119],[31.498,-27.114]],[[31.498,-27.114],[31.497,-27.111]],[[31.497,-27.111],[31.489,-27.112]],[[31.489,-27.112],[31.475,-27.107]],[[31.475,-27.107],[31.453,-27.109]],[[31.453,-27.109],[31.44,-27.102]],[[31.44,-27.102],[31.447,-27.1]],[[31.447,-27.1],[31.452,-27.095]],[[31.452,-27.095],[31.454,-27.085]],[[31.454,-27.085],[31.441,-27.055]],[[31.441,-27.055],[31.443,-27.044]],[[31.443,-27.044],[31.44,-27.036]],[[31.44,-27.036],[31.445,-27.032]],[[31.445,-27.032],[31.443,-27.032]],[[31.443,-27.032],[31.433,-27.041]],[[31.433,-27.041],[31.432,-27.045]],[[31.432,-27.045],[31.433,-27.05]],[[31.433,-27.05],[31.432,-27.053]],[[31.432,-27.053],[31.44,-27.073]],[[31.44,-27.073],[31.438,-27.091]],[[31.438,-27.091],[31.441,-27.097]],[[31.441,-27.097],[31.436,-27.103]],[[31.436,-27.103],[31.437,-27.105]],[[31.437,-27.105],[31.432,-27.108]],[[31.432,-27.108],[31.427,-27.105]],[[31.427,-27.105],[31.426,-27.1]],[[31.426,-27.1],[31.43,-27.081]],[[31.43,-27.081],[31.412,-27.08]],[[31.412,-27.08],[31.406,-27.078]],[[31.406,-27.078],[31.401,-27.082]],[[31.401,-27.082],[31.4,-27.095]],[[31.4,-27.095],[31.397,-27.094]],[[31.397,-27.094],[31.39,-27.112]],[[31.39,-27.112],[31.391,-27.119]],[[31.391,-27.119],[31.389,-27.126]],[[31.389,-27.126],[31.39,-27.13]],[[31.39,-27.13],[31.392,-27.131]],[[31.392,-27.131],[31.397,-27.165]],[[31.397,-27.165],[31.407,-27.164]],[[31.407,-27.164],[31.41,-27.16]],[[31.41,-27.16],[31.411,-27.155]],[[31.411,-27.155],[31.415,-27.151]],[[31.415,-27.151],[31.419,-27.15]],[[31.419,-27.15],[31.422,-27.153]],[[31.422,-27.153],[31.42,-27.154]],[[31.42,-27.154],[31.42,-27.157]],[[31.42,-27.157],[31.424,-27.165]],[[31.424,-27.165],[31.423,-27.168]],[[31.423,-27.168],[31.435,-27.175]],[[31.435,-27.175],[31.44,-27.182]],[[31.44,-27.182],[31.467,-27.182]],[[31.467,-27.182],[31.484,-27.221]],[[31.484,-27.221],[31.477,-27.235]],[[31.477,-27.235],[31.525,-27.208]],[[31.525,-27.208],[31.537,-27.212]],[[31.537,-27.212],[31.532,-27.153]],[[31.532,-27.153],[31.553,-27.162]],[[31.553,-27.162],[31.557,-27.188]],[[31.557,-27.188],[31.576,-27.166]],[[31.576,-27.166],[31.581,-27.157]],[[31.581,-27.157],[31.586,-27.154]],[[31.586,-27.154],[31.587,-27.15]],[[31.587,-27.15],[31.59,-27.148]],[[31.59,-27.148],[31.601,-27.148]],[[31.601,-27.148],[31.607,-27.141]],[[31.607,-27.141],[31.615,-27.145]],[[31.615,-27.145],[31.61,-27.149]],[[31.61,-27.149],[31.611,-27.155]],[[31.611,-27.155],[31.609,-27.163]],[[31.609,-27.163],[31.613,-27.163]],[[31.613,-27.163],[31.619,-27.193]],[[31.619,-27.193],[31.619,-27.21]],[[31.619,-27.21],[31.617,-27.21]],[[31.617,-27.21],[31.617,-27.212]],[[31.617,-27.212],[31.58,-27.218]],[[31.58,-27.218],[31.575,-27.225]],[[31.575,-27.225],[31.571,-27.239]],[[31.571,-27.239],[31.561,-27.239]],[[31.561,-27.239],[31.559,-27.243]],[[31.559,-27.243],[31.558,-27.253]],[[31.558,-27.253],[31.553,-27.257]],[[31.553,-27.257],[31.551,-27.261]],[[31.551,-27.261],[31.555,-27.265]],[[31.555,-27.265],[31.553,-27.268]],[[31.553,-27.268],[31.516,-27.255]],[[31.516,-27.255],[31.507,-27.271]],[[31.507,-27.271],[31.51,-27.276]],[[31.51,-27.276],[31.515,-27.277]],[[31.515,-27.277],[31.517,-27.281]],[[31.517,-27.281],[31.519,-27.28]],[[31.519,-27.28],[31.531,-27.284]],[[31.531,-27.284],[31.532,-27.29]],[[31.532,-27.29],[31.533,-27.289]],[[31.533,-27.289],[31.546,-27.296]],[[31.546,-27.296],[31.552,-27.297]],[[31.552,-27.297],[31.556,-27.304]],[[31.556,-27.304],[31.563,-27.302]],[[31.563,-27.302],[31.561,-27.305]],[[31.561,-27.305],[31.564,-27.308]],[[31.564,-27.308],[31.563,-27.312]],[[31.563,-27.312],[31.566,-27.313]],[[31.566,-27.313],[31.565,-27.316]],[[31.565,-27.316],[31.608,-27.316]],[[31.608,-27.316],[31.608,-27.312]],[[31.608,-27.312],[31.607,-27.312]],[[31.607,-27.312],[31.601,-27.312]],[[31.601,-27.312],[31.602,-27.304]],[[31.602,-27.304],[31.606,-27.302]],[[31.606,-27.302],[31.605,-27.298]],[[31.605,-27.298],[31.603,-27.298]],[[31.603,-27.298],[31.605,-27.293]],[[31.605,-27.293],[31.604,-27.292]],[[31.604,-27.292],[31.606,-27.291]],[[31.606,-27.291],[31.605,-27.29]],[[31.605,-27.29],[31.607,-27.29]],[[31.607,-27.29],[31.604,-27.288]],[[31.604,-27.288],[31.606,-27.286]],[[31.606,-27.286],[31.605,-27.285]],[[31.605,-27.285],[31.609,-27.282]],[[31.609,-27.282],[31.606,-27.279]],[[31.606,-27.279],[31.609,-27.274]],[[31.609,-27.274],[31.608,-27.27]],[[31.608,-27.27],[31.61,-27.265]],[[31.61,-27.265],[31.608,-27.263]],[[31.608,-27.263],[31.611,-27.262]],[[31.611,-27.262],[31.611,-27.256]],[[31.611,-27.256],[31.628,-27.247]],[[31.628,-27.247],[31.635,-27.247]],[[31.635,-27.247],[31.631,-27.238]],[[31.631,-27.238],[31.632,-27.231]],[[31.632,-27.231],[31.63,-27.221]],[[31.63,-27.221],[31.632,-27.215]],[[31.632,-27.215],[31.636,-27.213]],[[31.636,-27.213],[31.639,-27.192]],[[31.639,-27.192],[31.641,-27.188]],[[31.641,-27.188],[31.645,-27.186]],[[31.645,-27.186],[31.644,-27.184]],[[31.644,-27.184],[31.645,-27.182]],[[31.645,-27.182],[31.642,-27.181]],[[31.642,-27.181],[31.643,-27.179]],[[31.643,-27.179],[31.638,-27.172]],[[31.638,-27.172],[31.639,-27.162]],[[31.639,-27.162],[31.643,-27.156]],[[31.643,-27.156],[31.644,-27.15]],[[31.644,-27.15],[31.642,-27.146]],[[31.642,-27.146],[31.642,-27.136]],[[31.642,-27.136],[31.643,-27.134]],[[31.643,-27.134],[31.653,-27.132]],[[31.653,-27.132],[31.659,-27.128]],[[31.659,-27.128],[31.663,-27.133]],[[31.663,-27.133],[31.665,-27.134]],[[31.665,-27.134],[31.666,-27.132]],[[31.666,-27.132],[31.661,-27.124]],[[31.661,-27.124],[31.654,-27.122]],[[31.654,-27.122],[31.646,-27.115]],[[31.646,-27.115],[31.638,-27.097]],[[31.638,-27.097],[31.638,-27.091]],[[31.638,-27.091],[31.632,-27.082]],[[31.632,-27.082],[31.634,-27.073]],[[31.634,-27.073],[31.628,-27.049]],[[31.628,-27.049],[31.63,-27.047]],[[31.63,-27.047],[31.631,-27.039]],[[31.631,-27.039],[31.646,-27.023]],[[31.646,-27.023],[31.614,-27.01]],[[31.614,-27.01],[31.599,-26.979]],[[31.599,-26.979],[31.603,-26.977]],[[31.603,-26.977],[31.601,-26.969]],[[31.601,-26.969],[31.603,-26.964]],[[31.603,-26.964],[31.612,-26.962]],[[31.612,-26.962],[31.608,-26.959]],[[31.608,-26.959],[31.608,-26.955]],[[31.608,-26.955],[31.612,-26.954]],[[31.612,-26.954],[31.615,-26.95]],[[31.615,-26.95],[31.609,-26.948]],[[31.609,-26.948],[31.604,-26.949]],[[31.604,-26.949],[31.595,-26.946]],[[31.595,-26.946],[31.585,-26.937]],[[31.585,-26.937],[31.586,-26.934]],[[31.586,-26.934],[31.576,-26.93]],[[31.576,-26.93],[31.575,-26.924]],[[31.575,-26.924],[31.572,-26.92]],[[31.572,-26.92],[31.574,-26.917]],[[31.574,-26.917],[31.573,-26.912]],[[31.573,-26.912],[31.577,-26.908]],[[31.577,-26.908],[31.575,-26.904]],[[31.575,-26.904],[31.579,-26.9]],[[31.579,-26.9],[31.579,-26.897]],[[31.579,-26.897],[31.57,-26.897]],[[31.57,-26.897],[31.567,-26.894]],[[31.567,-26.894],[31.56,-26.893]],[[31.56,-26.893],[31.556,-26.889]],[[31.556,-26.889],[31.538,-26.896]],[[31.538,-26.896],[31.534,-26.891]],[[31.534,-26.891],[31.535,-26.887]],[[31.535,-26.887],[31.539,-26.885]],[[31.539,-26.885],[31.54,-26.88]],[[31.54,-26.88],[31.543,-26.879]],[[31.543,-26.879],[31.546,-26.873]],[[31.546,-26.873],[31.538,-26.859]],[[31.538,-26.859],[31.542,-26.851]],[[31.542,-26.851],[31.55,-26.849]],[[31.55,-26.849],[31.551,-26.845]],[[31.551,-26.845],[31.554,-26.843]],[[31.634,-25.855],[31.414,-25.718]],[[31.414,-25.718],[31.438,-25.757]],[[31.438,-25.757],[31.432,-25.757]],[[31.432,-25.757],[31.43,-25.752]],[[31.43,-25.752],[31.419,-25.757]],[[31.419,-25.757],[31.415,-25.755]],[[31.415,-25.755],[31.36,-25.756]],[[31.36,-25.756],[31.362,-25.76]],[[31.362,-25.76],[31.368,-25.763]],[[31.368,-25.763],[31.373,-25.768]],[[31.373,-25.768],[31.376,-25.768]],[[31.376,-25.768],[31.377,-25.774]],[[31.377,-25.774],[31.384,-25.774]],[[31.384,-25.774],[31.386,-25.777]],[[31.386,-25.777],[31.374,-25.781]],[[31.374,-25.781],[31.369,-25.788]],[[31.369,-25.788],[31.356,-25.795]],[[31.356,-25.795],[31.352,-25.802]],[[31.352,-25.802],[31.352,-25.806]],[[31.352,-25.806],[31.349,-25.802]],[[31.349,-25.802],[31.343,-25.799]],[[31.343,-25.799],[31.337,-25.8]],[[31.337,-25.8],[31.334,-25.795]],[[31.334,-25.795],[31.332,-25.795]],[[31.332,-25.795],[31.335,-25.806]],[[31.335,-25.806],[31.343,-25.811]],[[31.343,-25.811],[31.34,-25.813]],[[31.34,-25.813],[31.332,-25.812]],[[31.332,-25.812],[31.324,-25.815]],[[31.324,-25.815],[31.319,-25.813]],[[31.319,-25.813],[31.314,-25.814]],[[31.314,-25.814],[31.307,-25.822]],[[31.307,-25.822],[31.299,-25.825]],[[31.299,-25.825],[31.292,-25.822]],[[31.292,-25.822],[31.29,-25.817]],[[31.29,-25.817],[31.288,-25.816]],[[31.288,-25.816],[31.285,-25.82]],[[31.285,-25.82],[31.277,-25.821]],[[31.277,-25.821],[31.272,-25.828]],[[31.272,-25.828],[31.268,-25.829]],[[31.268,-25.829],[31.265,-25.836]],[[31.265,-25.836],[31.326,-25.873]],[[31.326,-25.873],[31.324,-25.877]],[[31.324,-25.877],[31.327,-25.878]],[[31.327,-25.878],[31.329,-25.903]],[[31.329,-25.903],[31.331,-25.897]],[[31.331,-25.897],[31.334,-25.894]],[[31.334,-25.894],[31.338,-25.885]],[[31.338,-25.885],[31.34,-25.884]],[[31.34,-25.884],[31.343,-25.878]],[[31.343,-25.878],[31.349,-25.866]],[[31.349,-25.866],[31.354,-25.87]],[[31.354,-25.87],[31.352,-25.871]],[[31.352,-25.871],[31.351,-25.875]],[[31.351,-25.875],[31.358,-25.88]],[[31.358,-25.88],[31.357,-25.882]],[[31.357,-25.882],[31.361,-25.884]],[[31.361,-25.884],[31.364,-25.889]],[[31.364,-25.889],[31.361,-25.893]],[[31.361,-25.893],[31.366,-25.896]],[[31.366,-25.896],[31.369,-25.895]],[[31.369,-25.895],[31.371,-25.896]],[[31.371,-25.896],[31.397,-25.889]],[[31.397,-25.889],[31.397,-25.887]],[[31.397,-25.887],[31.392,-25.886]],[[31.392,-25.886],[31.391,-25.883]],[[31.391,-25.883],[31.385,-25.88]],[[31.385,-25.88],[31.381,-25.874]],[[31.381,-25.874],[31.374,-25.868]],[[31.374,-25.868],[31.366,-25.859]],[[31.366,-25.859],[31.367,-25.856]],[[31.367,-25.856],[31.365,-25.854]],[[31.365,-25.854],[31.367,-25.853]],[[31.367,-25.853],[31.367,-25.85]],[[31.367,-25.85],[31.37,-25.849]],[[31.37,-25.849],[31.375,-25.857]],[[31.375,-25.857],[31.387,-25.858]],[[31.387,-25.858],[31.388,-25.85]],[[31.388,-25.85],[31.386,-25.85]],[[31.386,-25.85],[31.386,-25.848]],[[31.386,-25.848],[31.391,-25.849]],[[31.391,-25.849],[31.395,-25.845]],[[31.395,-25.845],[31.399,-25.845]],[[31.399,-25.845],[31.398,-25.84]],[[31.398,-25.84],[31.391,-25.837]],[[31.391,-25.837],[31.39,-25.835]],[[31.39,-25.835],[31.395,-25.831]],[[31.395,-25.831],[31.398,-25.821]],[[31.398,-25.821],[31.43,-25.845]],[[31.43,-25.845],[31.45,-25.82]],[[31.45,-25.82],[31.45,-25.818]],[[31.45,-25.818],[31.453,-25.817]],[[31.453,-25.817],[31.452,-25.824]],[[31.452,-25.824],[31.451,-25.823]],[[31.451,-25.823],[31.448,-25.828]],[[31.448,-25.828],[31.447,-25.826]],[[31.447,-25.826],[31.445,-25.832]],[[31.445,-25.832],[31.453,-25.838]],[[31.453,-25.838],[31.453,-25.843]],[[31.453,-25.843],[31.457,-25.85]],[[31.457,-25.85],[31.456,-25.854]],[[31.456,-25.854],[31.459,-25.856]],[[31.459,-25.856],[31.453,-25.862]],[[31.453,-25.862],[31.458,-25.866]],[[31.458,-25.866],[31.459,-25.872]],[[31.459,-25.872],[31.45,-25.874]],[[31.45,-25.874],[31.449,-25.883]],[[31.449,-25.883],[31.451,-25.887]],[[31.451,-25.887],[31.456,-25.889]],[[31.456,-25.889],[31.462,-25.887]],[[31.462,-25.887],[31.464,-25.889]],[[31.464,-25.889],[31.467,-25.888]],[[31.467,-25.888],[31.469,-25.885]],[[31.469,-25.885],[31.472,-25.889]],[[31.472,-25.889],[31.474,-25.889]],[[31.474,-25.889],[31.476,-25.893]],[[31.476,-25.893],[31.475,-25.896]],[[31.475,-25.896],[31.484,-25.901]],[[31.484,-25.901],[31.477,-25.901]],[[31.477,-25.901],[31.474,-25.904]],[[31.474,-25.904],[31.469,-25.905]],[[31.469,-25.905],[31.468,-25.912]],[[31.468,-25.912],[31.46,-25.907]],[[31.46,-25.907],[31.455,-25.91]],[[31.455,-25.91],[31.452,-25.907]],[[31.452,-25.907],[31.45,-25.909]],[[31.45,-25.909],[31.448,-25.908]],[[31.448,-25.908],[31.44,-25.92]],[[31.44,-25.92],[31.447,-25.924]],[[31.447,-25.924],[31.459,-25.922]],[[31.459,-25.922],[31.46,-25.918]],[[31.46,-25.918],[31.463,-25.921]],[[31.463,-25.921],[31.463,-25.925]],[[31.463,-25.925],[31.458,-25.932]],[[31.458,-25.932],[31.458,-25.942]],[[31.458,-25.942],[31.462,-25.947]],[[31.462,-25.947],[31.463,-25.95]],[[31.463,-25.95],[31.462,-25.954]],[[31.462,-25.954],[31.464,-25.956]],[[31.464,-25.956],[31.462,-25.957]],[[31.462,-25.957],[31.459,-25.958]],[[31.459,-25.958],[31.45,-25.952]],[[31.45,-25.952],[31.441,-25.951]],[[31.441,-25.951],[31.436,-25.948]],[[31.436,-25.948],[31.436,-25.946]],[[31.436,-25.946],[31.431,-25.944]],[[31.431,-25.944],[31.424,-25.928]],[[31.424,-25.928],[31.418,-25.952]],[[31.418,-25.952],[31.42,-25.952]],[[31.42,-25.952],[31.424,-25.958]],[[31.424,-25.958],[31.428,-25.96]],[[31.428,-25.96],[31.426,-25.962]],[[31.426,-25.962],[31.428,-25.97]],[[31.428,-25.97],[31.42,-25.978]],[[31.42,-25.978],[31.422,-25.981]],[[31.422,-25.981],[31.419,-25.986]],[[31.419,-25.986],[31.427,-25.996]],[[31.427,-25.996],[31.418,-26.002]],[[31.418,-26.002],[31.416,-26.01]],[[31.416,-26.01],[31.421,-26.018]],[[31.421,-26.018],[31.423,-26.017]],[[31.423,-26.017],[31.434,-26.025]],[[31.434,-26.025],[31.429,-26.031]],[[31.429,-26.031],[31.43,-26.033]],[[31.43,-26.033],[31.466,-26.031]],[[31.466,-26.031],[31.466,-26.034]],[[31.466,-26.034],[31.452,-26.051]],[[31.452,-26.051],[31.453,-26.066]],[[31.453,-26.066],[31.469,-26.081]],[[31.469,-26.081],[31.478,-26.085]],[[31.478,-26.085],[31.494,-26.037]],[[31.494,-26.037],[31.451,-26.009]],[[31.451,-26.009],[31.453,-26.007]],[[31.453,-26.007],[31.449,-26.006]],[[31.449,-26.006],[31.464,-25.986]],[[31.464,-25.986],[31.475,-25.994]],[[31.475,-25.994],[31.476,-25.982]],[[31.476,-25.982],[31.471,-25.959]],[[31.471,-25.959],[31.485,-25.939]],[[31.485,-25.939],[31.495,-25.936]],[[31.495,-25.936],[31.499,-25.941]],[[31.499,-25.941],[31.503,-25.942]],[[31.503,-25.942],[31.507,-25.935]],[[31.507,-25.935],[31.509,-25.935]],[[31.509,-25.935],[31.51,-25.905]],[[31.51,-25.905],[31.509,-25.883]],[[31.509,-25.883],[31.502,-25.87]],[[31.502,-25.87],[31.533,-25.859]],[[31.533,-25.859],[31.539,-25.87]],[[31.539,-25.87],[31.538,-25.873]],[[31.538,-25.873],[31.546,-25.876]],[[31.546,-25.876],[31.552,-25.883]],[[31.552,-25.883],[31.56,-25.886]],[[31.56,-25.886],[31.567,-25.882]],[[31.567,-25.882],[31.575,-25.883]],[[31.575,-25.883],[31.581,-25.876]],[[31.581,-25.876],[31.589,-25.879]],[[31.589,-25.879],[31.587,-25.869]],[[31.587,-25.869],[31.594,-25.871]],[[31.594,-25.871],[31.602,-25.869]],[[31.602,-25.869],[31.604,-25.863]],[[31.604,-25.863],[31.599,-25.859]],[[31.599,-25.859],[31.599,-25.85]],[[31.599,-25.85],[31.596,-25.846]],[[31.596,-25.846],[31.601,-25.842]],[[31.601,-25.842],[31.608,-25.846]],[[31.608,-25.846],[31.614,-25.873]],[[31.614,-25.873],[31.612,-25.879]],[[31.612,-25.879],[31.617,-25.883]],[[31.617,-25.883],[31.617,-25.885]],[[31.617,-25.885],[31.62,-25.886]],[[31.62,-25.886],[31.622,-25.884]],[[31.622,-25.884],[31.621,-25.891]],[[31.621,-25.891],[31.625,-25.888]],[[31.625,-25.888],[31.632,-25.878]],[[31.632,-25.878],[31.642,-25.874]],[[31.642,-25.874],[31.638,-25.874]],[[31.638,-25.874],[31.631,-25.869]],[[31.631,-25.869],[31.635,-25.864]],[[31.635,-25.864],[31.634,-25.855]],[[31.432,-25.966],[31.432,-25.966]],[[31.302,-26.548],[31.299,-26.554]],[[31.299,-26.554],[31.293,-26.553]],[[31.293,-26.553],[31.29,-26.547]],[[31.29,-26.547],[31.289,-26.532]],[[31.289,-26.532],[31.292,-26.529]],[[31.292,-26.529],[31.285,-26.518]],[[31.285,-26.518],[31.28,-26.515]],[[31.28,-26.515],[31.29,-26.503]],[[31.29,-26.503],[31.303,-26.497]],[[31.303,-26.497],[31.297,-26.49]],[[31.297,-26.49],[31.291,-26.489]],[[31.291,-26.489],[31.288,-26.49]],[[31.288,-26.49],[31.284,-26.499]],[[31.284,-26.499],[31.279,-26.502]],[[31.279,-26.502],[31.281,-26.504]],[[31.281,-26.504],[31.267,-26.511]],[[31.267,-26.511],[31.268,-26.519]],[[31.268,-26.519],[31.265,-26.52]],[[31.265,-26.52],[31.272,-26.534]],[[31.272,-26.534],[31.27,-26.545]],[[31.27,-26.545],[31.281,-26.556]],[[31.281,-26.556],[31.282,-26.56]],[[31.282,-26.56],[31.286,-26.565]],[[31.286,-26.565],[31.286,-26.574]],[[31.286,-26.574],[31.289,-26.58]],[[31.289,-26.58],[31.29,-26.588]],[[31.29,-26.588],[31.296,-26.589]],[[31.296,-26.589],[31.302,-26.587]],[[31.302,-26.587],[31.312,-26.59]],[[31.312,-26.59],[31.312,-26.601]],[[31.312,-26.601],[31.314,-26.606]],[[31.314,-26.606],[31.314,-26.61]],[[31.314,-26.61],[31.312,-26.611]],[[31.312,-26.611],[31.314,-26.615]],[[31.314,-26.615],[31.312,-26.62]],[[31.312,-26.62],[31.314,-26.625]],[[31.314,-26.625],[31.326,-26.635]],[[31.326,-26.635],[31.335,-26.634]],[[31.335,-26.634],[31.34,-26.637]],[[31.34,-26.637],[31.342,-26.642]],[[31.342,-26.642],[31.339,-26.641]],[[31.339,-26.641],[31.337,-26.638]],[[31.337,-26.638],[31.328,-26.639]],[[31.328,-26.639],[31.327,-26.641]],[[31.327,-26.641],[31.326,-26.641]],[[31.326,-26.641],[31.324,-26.641]],[[31.324,-26.641],[31.323,-26.639]],[[31.323,-26.639],[31.311,-26.636]],[[31.311,-26.636],[31.307,-26.633]],[[31.307,-26.633],[31.305,-26.627]],[[31.305,-26.627],[31.306,-26.625]],[[31.306,-26.625],[31.302,-26.62]],[[31.302,-26.62],[31.301,-26.615]],[[31.301,-26.615],[31.297,-26.613]],[[31.297,-26.613],[31.293,-26.607]],[[31.293,-26.607],[31.294,-26.603]],[[31.294,-26.603],[31.291,-26.601]],[[31.291,-26.601],[31.282,-26.599]],[[31.282,-26.599],[31.272,-26.604]],[[31.272,-26.604],[31.269,-26.608]],[[31.269,-26.608],[31.266,-26.606]],[[31.266,-26.606],[31.271,-26.613]],[[31.271,-26.613],[31.269,-26.618]],[[31.269,-26.618],[31.273,-26.617]],[[31.273,-26.617],[31.268,-26.624]],[[31.268,-26.624],[31.276,-26.644]],[[31.276,-26.644],[31.278,-26.654]],[[31.278,-26.654],[31.278,-26.657]],[[31.278,-26.657],[31.273,-26.661]],[[31.273,-26.661],[31.274,-26.664]],[[31.274,-26.664],[31.272,-26.668]],[[31.272,-26.668],[31.274,-26.671]],[[31.274,-26.671],[31.273,-26.674]],[[31.273,-26.674],[31.274,-26.677]],[[31.274,-26.677],[31.282,-26.675]],[[31.282,-26.675],[31.28,-26.689]],[[31.28,-26.689],[31.29,-26.691]],[[31.29,-26.691],[31.291,-26.695]],[[31.291,-26.695],[31.293,-26.696]],[[31.293,-26.696],[31.293,-26.7]],[[31.293,-26.7],[31.283,-26.699]],[[31.283,-26.699],[31.269,-26.722]],[[31.269,-26.722],[31.284,-26.732]],[[31.284,-26.732],[31.29,-26.733]],[[31.29,-26.733],[31.291,-26.741]],[[31.291,-26.741],[31.281,-26.748]],[[31.281,-26.748],[31.28,-26.752]],[[31.28,-26.752],[31.285,-26.752]],[[31.285,-26.752],[31.289,-26.747]],[[31.289,-26.747],[31.297,-26.745]],[[31.297,-26.745],[31.305,-26.739]],[[31.305,-26.739],[31.308,-26.742]],[[31.308,-26.742],[31.306,-26.746]],[[31.306,-26.746],[31.307,-26.751]],[[31.307,-26.751],[31.32,-26.755]],[[31.32,-26.755],[31.321,-26.759]],[[31.321,-26.759],[31.324,-26.76]],[[31.324,-26.76],[31.327,-26.754]],[[31.327,-26.754],[31.324,-26.751]],[[31.324,-26.751],[31.323,-26.735]],[[31.323,-26.735],[31.325,-26.729]],[[31.325,-26.729],[31.339,-26.733]],[[31.339,-26.733],[31.361,-26.763]],[[31.361,-26.763],[31.355,-26.763]],[[31.355,-26.763],[31.352,-26.766]],[[31.352,-26.766],[31.357,-26.774]],[[31.357,-26.774],[31.356,-26.792]],[[31.356,-26.792],[31.345,-26.787]],[[31.345,-26.787],[31.335,-26.794]],[[31.335,-26.794],[31.336,-26.795]],[[31.336,-26.795],[31.341,-26.794]],[[31.341,-26.794],[31.341,-26.797]],[[31.341,-26.797],[31.333,-26.799]],[[31.333,-26.799],[31.321,-26.807]],[[31.321,-26.807],[31.307,-26.803]],[[31.307,-26.803],[31.305,-26.806]],[[31.305,-26.806],[31.297,-26.805]],[[31.297,-26.805],[31.285,-26.813]],[[31.285,-26.813],[31.278,-26.814]],[[31.278,-26.814],[31.276,-26.825]],[[31.276,-26.825],[31.279,-26.834]],[[31.279,-26.834],[31.274,-26.837]],[[31.274,-26.837],[31.268,-26.836]],[[31.268,-26.836],[31.263,-26.84]],[[31.263,-26.84],[31.29,-26.861]],[[31.29,-26.861],[31.29,-26.866]],[[31.29,-26.866],[31.284,-26.878]],[[31.284,-26.878],[31.294,-26.882]],[[31.294,-26.882],[31.296,-26.885]],[[31.296,-26.885],[31.294,-26.887]],[[31.294,-26.887],[31.283,-26.886]],[[31.283,-26.886],[31.279,-26.891]],[[31.279,-26.891],[31.273,-26.892]],[[31.273,-26.892],[31.262,-26.902]],[[31.262,-26.902],[31.271,-26.91]],[[31.271,-26.91],[31.276,-26.909]],[[31.276,-26.909],[31.302,-26.918]],[[31.302,-26.918],[31.319,-26.922]],[[31.319,-26.922],[31.329,-26.92]],[[31.329,-26.92],[31.333,-26.913]],[[31.333,-26.913],[31.331,-26.908]],[[31.331,-26.908],[31.338,-26.897]],[[31.338,-26.897],[31.334,-26.891]],[[31.334,-26.891],[31.335,-26.887]],[[31.335,-26.887],[31.331,-26.883]],[[31.331,-26.883],[31.331,-26.878]],[[31.331,-26.878],[31.326,-26.873]],[[31.326,-26.873],[31.327,-26.864]],[[31.327,-26.864],[31.325,-26.856]],[[31.325,-26.856],[31.317,-26.839]],[[31.317,-26.839],[31.322,-26.825]],[[31.322,-26.825],[31.36,-26.832]],[[31.36,-26.832],[31.36,-26.828]],[[31.36,-26.828],[31.351,-26.805]],[[31.351,-26.805],[31.348,-26.802]],[[31.348,-26.802],[31.348,-26.799]],[[31.348,-26.799],[31.383,-26.799]],[[31.383,-26.799],[31.391,-26.778]],[[31.391,-26.778],[31.439,-26.753]],[[31.439,-26.753],[31.458,-26.757]],[[31.458,-26.757],[31.481,-26.768]],[[31.481,-26.768],[31.479,-26.761]],[[31.479,-26.761],[31.482,-26.757]],[[31.482,-26.757],[31.479,-26.753]],[[31.479,-26.753],[31.48,-26.744]],[[31.48,-26.744],[31.481,-26.741]],[[31.481,-26.741],[31.487,-26.736]],[[31.487,-26.736],[31.484,-26.727]],[[31.484,-26.727],[31.479,-26.725]],[[31.479,-26.725],[31.476,-26.72]],[[31.476,-26.72],[31.471,-26.717]],[[31.471,-26.717],[31.471,-26.712]],[[31.471,-26.712],[31.468,-26.708]],[[31.468,-26.708],[31.469,-26.702]],[[31.469,-26.702],[31.462,-26.7]],[[31.462,-26.7],[31.463,-26.698]],[[31.463,-26.698],[31.462,-26.691]],[[31.462,-26.691],[31.446,-26.693]],[[31.446,-26.693],[31.438,-26.691]],[[31.438,-26.691],[31.436,-26.698]],[[31.436,-26.698],[31.425,-26.701]],[[31.425,-26.701],[31.41,-26.709]],[[31.41,-26.709],[31.407,-26.714]],[[31.407,-26.714],[31.409,-26.721]],[[31.409,-26.721],[31.392,-26.728]],[[31.392,-26.728],[31.391,-26.733]],[[31.391,-26.733],[31.396,-26.737]],[[31.396,-26.737],[31.389,-26.739]],[[31.389,-26.739],[31.37,-26.696]],[[31.37,-26.696],[31.379,-26.694]],[[31.379,-26.694],[31.385,-26.695]],[[31.385,-26.695],[31.388,-26.688]],[[31.388,-26.688],[31.397,-26.686]],[[31.397,-26.686],[31.396,-26.68]],[[31.396,-26.68],[31.392,-26.682]],[[31.392,-26.682],[31.383,-26.679]],[[31.383,-26.679],[31.377,-26.668]],[[31.377,-26.668],[31.372,-26.664]],[[31.372,-26.664],[31.371,-26.662]],[[31.371,-26.662],[31.375,-26.657]],[[31.375,-26.657],[31.374,-26.651]],[[31.374,-26.651],[31.368,-26.644]],[[31.368,-26.644],[31.367,-26.634]],[[31.367,-26.634],[31.36,-26.628]],[[31.36,-26.628],[31.362,-26.625]],[[31.362,-26.625],[31.376,-26.618]],[[31.376,-26.618],[31.375,-26.611]],[[31.375,-26.611],[31.379,-26.607]],[[31.379,-26.607],[31.377,-26.6]],[[31.377,-26.6],[31.37,-26.598]],[[31.37,-26.598],[31.367,-26.599]],[[31.367,-26.599],[31.363,-26.597]],[[31.363,-26.597],[31.364,-26.591]],[[31.364,-26.591],[31.362,-26.587]],[[31.362,-26.587],[31.364,-26.586]],[[31.364,-26.586],[31.364,-26.584]],[[31.364,-26.584],[31.37,-26.584]],[[31.37,-26.584],[31.373,-26.58]],[[31.373,-26.58],[31.376,-26.58]],[[31.376,-26.58],[31.376,-26.577]],[[31.376,-26.577],[31.38,-26.571]],[[31.38,-26.571],[31.374,-26.567]],[[31.374,-26.567],[31.376,-26.565]],[[31.376,-26.565],[31.375,-26.561]],[[31.375,-26.561],[31.376,-26.559]],[[31.376,-26.559],[31.373,-26.554]],[[31.373,-26.554],[31.373,-26.551]],[[31.373,-26.551],[31.364,-26.543]],[[31.364,-26.543],[31.364,-26.535]],[[31.364,-26.535],[31.359,-26.528]],[[31.359,-26.528],[31.355,-26.514]],[[31.355,-26.514],[31.351,-26.512]],[[31.351,-26.512],[31.348,-26.503]],[[31.348,-26.503],[31.323,-26.51]],[[31.323,-26.51],[31.325,-26.519]],[[31.325,-26.519],[31.342,-26.526]],[[31.342,-26.526],[31.357,-26.535]],[[31.357,-26.535],[31.343,-26.538]],[[31.343,-26.538],[31.338,-26.549]],[[31.338,-26.549],[31.328,-26.552]],[[31.328,-26.552],[31.327,-26.557]],[[31.327,-26.557],[31.33,-26.565]],[[31.33,-26.565],[31.317,-26.565]],[[31.317,-26.565],[31.315,-26.559]],[[31.315,-26.559],[31.308,-26.557]],[[31.308,-26.557],[31.309,-26.551]],[[31.309,-26.551],[31.307,-26.548]],[[31.533,-26.148],[31.529,-26.147]],[[31.529,-26.147],[31.533,-26.137]],[[31.533,-26.137],[31.525,-26.135]],[[31.525,-26.135],[31.517,-26.136]],[[31.517,-26.136],[31.467,-26.153]],[[31.467,-26.153],[31.465,-26.14]],[[31.465,-26.14],[31.441,-26.143]],[[31.441,-26.143],[31.443,-26.267]],[[31.443,-26.267],[31.44,-26.27]],[[31.44,-26.27],[31.436,-26.269]],[[31.436,-26.269],[31.432,-26.281]],[[31.432,-26.281],[31.423,-26.284]],[[31.423,-26.284],[31.42,-26.287]],[[31.42,-26.287],[31.431,-26.298]],[[31.431,-26.298],[31.444,-26.304]],[[31.444,-26.304],[31.448,-26.314]],[[31.448,-26.314],[31.461,-26.328]],[[31.461,-26.328],[31.466,-26.339]],[[31.466,-26.339],[31.464,-26.348]],[[31.464,-26.348],[31.464,-26.345]],[[31.464,-26.345],[31.462,-26.345]],[[31.462,-26.345],[31.461,-26.341]],[[31.461,-26.341],[31.459,-26.341]],[[31.459,-26.341],[31.456,-26.338]],[[31.456,-26.338],[31.443,-26.337]],[[31.443,-26.337],[31.44,-26.34]],[[31.44,-26.34],[31.439,-26.338]],[[31.439,-26.338],[31.439,-26.341]],[[31.439,-26.341],[31.434,-26.342]],[[31.434,-26.342],[31.431,-26.339]],[[31.431,-26.339],[31.426,-26.34]],[[31.426,-26.34],[31.426,-26.343]],[[31.426,-26.343],[31.429,-26.346]],[[31.429,-26.346],[31.429,-26.353]],[[31.429,-26.353],[31.429,-26.355]],[[31.429,-26.355],[31.434,-26.359]],[[31.434,-26.359],[31.434,-26.363]],[[31.434,-26.363],[31.438,-26.363]],[[31.438,-26.363],[31.436,-26.367]],[[31.436,-26.367],[31.443,-26.371]],[[31.443,-26.371],[31.446,-26.379]],[[31.446,-26.379],[31.45,-26.378]],[[31.45,-26.378],[31.45,-26.38]],[[31.45,-26.38],[31.448,-26.388]],[[31.448,-26.388],[31.444,-26.39]],[[31.444,-26.39],[31.446,-26.396]],[[31.446,-26.396],[31.444,-26.399]],[[31.444,-26.399],[31.439,-26.402]],[[31.439,-26.402],[31.423,-26.403]],[[31.423,-26.403],[31.421,-26.416]],[[31.421,-26.416],[31.427,-26.418]],[[31.427,-26.418],[31.428,-26.411]],[[31.428,-26.411],[31.424,-26.409]],[[31.424,-26.409],[31.428,-26.407]],[[31.428,-26.407],[31.433,-26.41]],[[31.433,-26.41],[31.44,-26.411]],[[31.44,-26.411],[31.443,-26.417]],[[31.443,-26.417],[31.445,-26.417]],[[31.445,-26.417],[31.445,-26.415]],[[31.445,-26.415],[31.448,-26.418]],[[31.448,-26.418],[31.454,-26.419]],[[31.454,-26.419],[31.453,-26.421]],[[31.453,-26.421],[31.455,-26.421]],[[31.455,-26.421],[31.456,-26.423]],[[31.456,-26.423],[31.446,-26.427]],[[31.446,-26.427],[31.443,-26.434]],[[31.443,-26.434],[31.438,-26.44]],[[31.438,-26.44],[31.432,-26.44]],[[31.432,-26.44],[31.429,-26.443]],[[31.429,-26.443],[31.436,-26.46]],[[31.436,-26.46],[31.439,-26.459]],[[31.439,-26.459],[31.442,-26.463]],[[31.442,-26.463],[31.444,-26.458]],[[31.444,-26.458],[31.447,-26.458]],[[31.447,-26.458],[31.451,-26.45]],[[31.451,-26.45],[31.453,-26.453]],[[31.453,-26.453],[31.452,-26.465]],[[31.452,-26.465],[31.45,-26.468]],[[31.45,-26.468],[31.453,-26.473]],[[31.453,-26.473],[31.459,-26.476]],[[31.459,-26.476],[31.459,-26.483]],[[31.459,-26.483],[31.454,-26.489]],[[31.454,-26.489],[31.461,-26.496]],[[31.461,-26.496],[31.476,-26.5]],[[31.476,-26.5],[31.49,-26.507]],[[31.49,-26.507],[31.493,-26.511]],[[31.493,-26.511],[31.492,-26.519]],[[31.492,-26.519],[31.5,-26.525]],[[31.5,-26.525],[31.5,-26.528]],[[31.5,-26.528],[31.496,-26.532]],[[31.496,-26.532],[31.492,-26.533]],[[31.492,-26.533],[31.489,-26.539]],[[31.489,-26.539],[31.489,-26.55]],[[31.489,-26.55],[31.459,-26.537]],[[31.459,-26.537],[31.457,-26.544]],[[31.457,-26.544],[31.465,-26.562]],[[31.465,-26.562],[31.461,-26.577]],[[31.461,-26.577],[31.465,-26.582]],[[31.465,-26.582],[31.466,-26.588]],[[31.466,-26.588],[31.454,-26.596]],[[31.454,-26.596],[31.445,-26.599]],[[31.445,-26.599],[31.444,-26.603]],[[31.444,-26.603],[31.449,-26.605]],[[31.449,-26.605],[31.449,-26.608]],[[31.449,-26.608],[31.5,-26.616]],[[31.5,-26.616],[31.5,-26.621]],[[31.5,-26.621],[31.504,-26.625]],[[31.504,-26.625],[31.501,-26.628]],[[31.501,-26.628],[31.501,-26.631]],[[31.501,-26.631],[31.506,-26.637]],[[31.506,-26.637],[31.506,-26.642]],[[31.506,-26.642],[31.51,-26.648]],[[31.51,-26.648],[31.504,-26.653]],[[31.504,-26.653],[31.506,-26.655]],[[31.506,-26.655],[31.504,-26.659]],[[31.504,-26.659],[31.511,-26.66]],[[31.511,-26.66],[31.508,-26.663]],[[31.508,-26.663],[31.51,-26.67]],[[31.51,-26.67],[31.514,-26.669]],[[31.514,-26.669],[31.525,-26.673]],[[31.525,-26.673],[31.529,-26.671]],[[31.529,-26.671],[31.537,-26.661]],[[31.537,-26.661],[31.535,-26.657]],[[31.535,-26.657],[31.537,-26.655]],[[31.537,-26.655],[31.536,-26.652]],[[31.536,-26.652],[31.538,-26.65]],[[31.538,-26.65],[31.537,-26.649]],[[31.537,-26.649],[31.538,-26.644]],[[31.538,-26.644],[31.545,-26.638]],[[31.545,-26.638],[31.551,-26.627]],[[31.551,-26.627],[31.547,-26.617]],[[31.547,-26.617],[31.541,-26.615]],[[31.541,-26.615],[31.538,-26.608]],[[31.538,-26.608],[31.531,-26.607]],[[31.531,-26.607],[31.518,-26.617]],[[31.518,-26.617],[31.508,-26.613]],[[31.508,-26.613],[31.502,-26.613]],[[31.502,-26.613],[31.502,-26.609]],[[31.502,-26.609],[31.507,-26.606]],[[31.507,-26.606],[31.506,-26.599]],[[31.506,-26.599],[31.508,-26.597]],[[31.508,-26.597],[31.509,-26.596]],[[31.509,-26.596],[31.508,-26.59]],[[31.508,-26.59],[31.537,-26.588]],[[31.537,-26.588],[31.54,-26.583]],[[31.54,-26.583],[31.538,-26.579]],[[31.538,-26.579],[31.546,-26.576]],[[31.546,-26.576],[31.547,-26.574]],[[31.547,-26.574],[31.553,-26.572]],[[31.553,-26.572],[31.554,-26.569]],[[31.554,-26.569],[31.558,-26.568]],[[31.558,-26.568],[31.557,-26.543]],[[31.557,-26.543],[31.555,-26.542]],[[31.555,-26.542],[31.556,-26.536]],[[31.556,-26.536],[31.56,-26.535]],[[31.56,-26.535],[31.572,-26.526]],[[31.572,-26.526],[31.579,-26.523]],[[31.579,-26.523],[31.586,-26.523]],[[31.586,-26.523],[31.587,-26.52]],[[31.587,-26.52],[31.59,-26.519]],[[31.59,-26.519],[31.595,-26.52]],[[31.595,-26.52],[31.598,-26.518]],[[31.598,-26.518],[31.606,-26.52]],[[31.606,-26.52],[31.61,-26.518]],[[31.61,-26.518],[31.61,-26.512]],[[31.61,-26.512],[31.604,-26.503]],[[31.604,-26.503],[31.603,-26.498]],[[31.603,-26.498],[31.607,-26.487]],[[31.607,-26.487],[31.603,-26.483]],[[31.603,-26.483],[31.6,-26.484]],[[31.6,-26.484],[31.598,-26.481]],[[31.598,-26.481],[31.597,-26.482]],[[31.597,-26.482],[31.591,-26.474]],[[31.591,-26.474],[31.591,-26.478]],[[31.591,-26.478],[31.589,-26.48]],[[31.589,-26.48],[31.583,-26.478]],[[31.583,-26.478],[31.579,-26.472]],[[31.579,-26.472],[31.569,-26.471]],[[31.569,-26.471],[31.566,-26.468]],[[31.566,-26.468],[31.554,-26.47]],[[31.554,-26.47],[31.549,-26.468]],[[31.549,-26.468],[31.542,-26.469]],[[31.542,-26.469],[31.539,-26.464]],[[31.539,-26.464],[31.539,-26.461]],[[31.539,-26.461],[31.544,-26.456]],[[31.544,-26.456],[31.54,-26.452]],[[31.54,-26.452],[31.534,-26.45]],[[31.534,-26.45],[31.52,-26.449]],[[31.52,-26.449],[31.515,-26.446]],[[31.515,-26.446],[31.515,-26.441]],[[31.515,-26.441],[31.526,-26.435]],[[31.526,-26.435],[31.535,-26.434]],[[31.535,-26.434],[31.525,-26.388]],[[31.525,-26.388],[31.523,-26.385]],[[31.523,-26.385],[31.521,-26.386]],[[31.521,-26.386],[31.521,-26.394]],[[31.521,-26.394],[31.519,-26.396]],[[31.519,-26.396],[31.512,-26.398]],[[31.512,-26.398],[31.507,-26.395]],[[31.507,-26.395],[31.496,-26.395]],[[31.496,-26.395],[31.493,-26.393]],[[31.493,-26.393],[31.486,-26.377]],[[31.486,-26.377],[31.58,-26.351]],[[31.58,-26.351],[31.579,-26.308]],[[31.579,-26.308],[31.585,-26.298]],[[31.585,-26.298],[31.593,-26.289]],[[31.593,-26.289],[31.595,-26.291]],[[31.595,-26.291],[31.598,-26.289]],[[31.598,-26.289],[31.584,-26.269]],[[31.584,-26.269],[31.587,-26.243]],[[31.587,-26.243],[31.586,-26.241]],[[31.586,-26.241],[31.581,-26.239]],[[31.581,-26.239],[31.581,-26.226]],[[31.581,-26.226],[31.571,-26.205]],[[31.571,-26.205],[31.547,-26.205]],[[31.547,-26.205],[31.548,-26.204]],[[31.548,-26.204],[31.544,-26.197]],[[31.544,-26.197],[31.546,-26.189]],[[31.546,-26.189],[31.542,-26.181]],[[31.542,-26.181],[31.543,-26.179]],[[31.543,-26.179],[31.553,-26.178]],[[31.553,-26.178],[31.557,-26.174]],[[31.557,-26.174],[31.554,-26.174]],[[31.554,-26.174],[31.551,-26.169]],[[31.551,-26.169],[31.543,-26.168]],[[31.543,-26.168],[31.537,-26.163]],[[31.537,-26.163],[31.539,-26.156]],[[31.539,-26.156],[31.533,-26.148]],[[31.156,-26.591],[31.154,-26.588]],[[31.154,-26.588],[31.148,-26.589]],[[31.148,-26.589],[31.146,-26.586]],[[31.146,-26.586],[31.146,-26.578]],[[31.146,-26.578],[31.15,-26.573]],[[31.15,-26.573],[31.126,-26.535]],[[31.126,-26.535],[31.105,-26.539]],[[31.044,-26.577],[31.061,-26.581]],[[30.791,-26.63],[30.79,-26.715]],[[30.79,-26.715],[30.802,-26.825]],[[30.802,-26.825],[30.812,-26.844]],[[30.812,-26.844],[30.825,-26.84]],[[30.825,-26.84],[30.835,-26.827]],[[30.835,-26.827],[30.844,-26.825]],[[30.844,-26.825],[30.847,-26.82]],[[30.847,-26.82],[30.852,-26.818]],[[30.852,-26.818],[30.861,-26.819]],[[30.861,-26.819],[30.871,-26.81]],[[30.871,-26.81],[30.891,-26.802]],[[30.891,-26.802],[30.902,-26.852]],[[30.902,-26.852],[30.906,-26.855]],[[30.906,-26.855],[30.906,-26.86]],[[30.906,-26.86],[30.917,-26.866]],[[30.917,-26.866],[30.936,-26.883]],[[30.936,-26.883],[30.94,-26.884]],[[30.94,-26.884],[30.942,-26.889]],[[30.942,-26.889],[30.948,-26.89]],[[30.948,-26.89],[30.973,-26.908]],[[30.973,-26.908],[30.976,-26.921]],[[30.976,-26.921],[30.976,-26.951]],[[30.976,-26.951],[30.973,-26.964]],[[31.036,-26.963],[31.05,-26.965]],[[31.05,-26.965],[31.062,-26.963]],[[31.141,-27.01],[31.143,-27.008]],[[31.143,-27.008],[31.147,-27.01]],[[31.147,-27.01],[31.15,-27.009]],[[31.15,-27.009],[31.152,-27.006]],[[31.152,-27.006],[31.151,-27.003]],[[31.337,-26.954],[31.337,-26.981]],[[31.297,-27.01],[31.299,-27.012]],[[31.299,-27.012],[31.287,-27.027]],[[31.287,-27.027],[31.284,-27.029]],[[31.275,-27.099],[31.317,-27.109]],[[31.317,-27.109],[31.317,-27.11]],[[31.317,-27.11],[31.317,-27.111]],[[31.317,-27.111],[31.3,-27.141]],[[31.211,-27.198],[31.207,-27.201]],[[31.207,-27.201],[31.197,-27.204]],[[31.197,-27.204],[31.195,-27.206]],[[31.196,-27.217],[31.306,-27.254]],[[31.306,-27.254],[31.314,-27.24]],[[31.314,-27.24],[31.321,-27.239]],[[31.321,-27.239],[31.326,-27.24]],[[31.326,-27.24],[31.327,-27.242]],[[31.327,-27.242],[31.33,-27.241]],[[31.33,-27.241],[31.334,-27.243]],[[31.334,-27.243],[31.342,-27.242]],[[31.342,-27.242],[31.345,-27.244]],[[31.345,-27.244],[31.356,-27.242]],[[31.356,-27.242],[31.359,-27.24]],[[31.359,-27.24],[31.361,-27.241]],[[31.361,-27.241],[31.364,-27.24]],[[31.364,-27.24],[31.36,-27.2]],[[31.36,-27.2],[31.371,-27.209]],[[31.371,-27.209],[31.377,-27.192]],[[31.377,-27.192],[31.377,-27.175]],[[31.377,-27.175],[31.397,-27.175]],[[31.397,-27.175],[31.392,-27.131]],[[31.401,-27.082],[31.405,-27.079]],[[31.405,-27.079],[31.406,-27.076]],[[31.406,-27.076],[31.405,-27.074]],[[31.405,-27.074],[31.399,-27.075]],[[31.399,-27.075],[31.396,-27.073]],[[31.396,-27.073],[31.401,-27.067]],[[31.401,-27.067],[31.4,-27.064]],[[31.4,-27.064],[31.396,-27.062]],[[31.396,-27.062],[31.396,-27.06]],[[31.396,-27.06],[31.4,-27.056]],[[31.4,-27.056],[31.402,-27.056]],[[31.402,-27.056],[31.403,-27.051]],[[31.403,-27.051],[31.401,-27.048]],[[31.401,-27.048],[31.401,-27.041]],[[31.401,-27.041],[31.397,-27.036]],[[31.397,-27.036],[31.4,-27.034]],[[31.4,-27.034],[31.405,-27.043]],[[31.405,-27.043],[31.428,-27.041]],[[31.428,-27.041],[31.432,-27.044]],[[31.432,-27.044],[31.44,-27.033]],[[31.44,-27.033],[31.448,-27.031]],[[31.448,-27.031],[31.448,-27.01]],[[31.448,-27.01],[31.442,-27.005]],[[31.442,-27.005],[31.435,-27.005]],[[31.435,-27.005],[31.426,-27.0]],[[31.426,-27.0],[31.442,-26.983]],[[31.442,-26.983],[31.483,-26.979]],[[31.483,-26.979],[31.48,-26.978]],[[31.48,-26.978],[31.481,-26.977]],[[31.481,-26.977],[31.463,-26.948]],[[31.463,-26.948],[31.471,-26.94]],[[31.471,-26.94],[31.463,-26.933]],[[31.463,-26.933],[31.47,-26.933]],[[31.47,-26.933],[31.463,-26.928]],[[31.463,-26.928],[31.465,-26.926]],[[31.465,-26.926],[31.481,-26.928]],[[31.481,-26.928],[31.487,-26.937]],[[31.487,-26.937],[31.489,-26.937]],[[31.489,-26.937],[31.491,-26.937]],[[31.491,-26.937],[31.494,-26.934]],[[31.494,-26.934],[31.502,-26.931]],[[31.502,-26.931],[31.503,-26.921]],[[31.503,-26.921],[31.458,-26.892]],[[31.418,-26.88],[31.41,-26.895]],[[31.41,-26.895],[31.392,-26.887]],[[31.392,-26.887],[31.365,-26.886]],[[31.365,-26.886],[31.364,-26.875]],[[31.364,-26.875],[31.371,-26.874]],[[31.371,-26.874],[31.381,-26.862]],[[31.381,-26.862],[31.4,-26.858]],[[31.4,-26.858],[31.385,-26.837]],[[31.385,-26.837],[31.322,-26.825]],[[31.334,-26.891],[31.338,-26.896]],[[31.338,-26.896],[31.336,-26.902]],[[31.336,-26.902],[31.331,-26.908]],[[31.271,-26.91],[31.262,-26.903]],[[31.262,-26.903],[31.264,-26.899]],[[31.264,-26.899],[31.273,-26.892]],[[31.285,-26.813],[31.296,-26.805]],[[31.296,-26.805],[31.305,-26.806]],[[31.305,-26.806],[31.305,-26.804]],[[31.305,-26.804],[31.309,-26.803]],[[31.309,-26.803],[31.324,-26.76]],[[31.274,-26.677],[31.272,-26.666]],[[31.272,-26.666],[31.274,-26.664]],[[31.274,-26.664],[31.274,-26.66]],[[31.274,-26.66],[31.278,-26.657]],[[31.278,-26.654],[31.269,-26.624]],[[31.269,-26.624],[31.261,-26.634]],[[31.261,-26.634],[31.261,-26.64]],[[31.261,-26.64],[31.247,-26.64]],[[31.247,-26.64],[31.239,-26.646]],[[31.239,-26.646],[31.227,-26.634]],[[31.227,-26.634],[31.212,-26.635]],[[31.212,-26.635],[31.205,-26.642]],[[31.205,-26.642],[31.196,-26.643]],[[31.196,-26.643],[31.194,-26.645]],[[31.194,-26.645],[31.187,-26.644]],[[31.187,-26.644],[31.183,-26.638]],[[31.183,-26.638],[31.179,-26.64]],[[31.179,-26.64],[31.173,-26.628]],[[31.173,-26.628],[31.168,-26.628]],[[31.168,-26.628],[31.163,-26.613]],[[31.163,-26.613],[31.137,-26.619]],[[31.137,-26.619],[31.137,-26.614]],[[31.137,-26.614],[31.14,-26.611]],[[31.14,-26.611],[31.142,-26.605]],[[31.142,-26.605],[31.15,-26.6]],[[31.15,-26.6],[31.149,-26.598]],[[31.149,-26.598],[31.156,-26.591]],[[31.042,-26.685],[31.046,-26.68]],[[31.046,-26.68],[31.047,-26.672]],[[31.047,-26.672],[31.051,-26.666]],[[31.051,-26.666],[31.057,-26.661]],[[31.057,-26.661],[31.082,-26.672]],[[31.082,-26.672],[31.056,-26.692]],[[31.056,-26.692],[31.044,-26.696]],[[31.044,-26.696],[31.041,-26.694]],[[31.041,-26.694],[31.043,-26.69]],[[31.043,-26.69],[31.041,-26.689]],[[31.041,-26.689],[31.043,-26.688]],[[31.043,-26.688],[31.042,-26.685]],[[31.159,-25.957],[31.132,-25.959]],[[31.131,-25.967],[31.117,-25.968]],[[31.117,-25.968],[31.123,-25.971]],[[31.123,-25.971],[31.131,-25.979]],[[31.131,-25.979],[31.132,-25.982]],[[31.132,-25.982],[31.141,-25.992]],[[31.141,-25.992],[31.141,-25.995]],[[31.141,-25.995],[31.152,-25.993]],[[31.152,-25.993],[31.15,-25.995]],[[31.15,-25.995],[31.153,-25.998]],[[31.153,-25.998],[31.149,-26.01]],[[31.149,-26.01],[31.141,-26.019]],[[31.141,-26.019],[31.138,-26.029]],[[31.138,-26.029],[31.139,-26.034]],[[31.139,-26.034],[31.144,-26.041]],[[31.144,-26.041],[31.142,-26.054]],[[31.142,-26.054],[31.135,-26.054]],[[31.135,-26.054],[31.135,-26.063]],[[31.135,-26.063],[31.14,-26.075]],[[31.14,-26.075],[31.134,-26.08]],[[31.134,-26.08],[31.133,-26.087]],[[31.133,-26.087],[31.135,-26.131]],[[31.135,-26.131],[31.141,-26.147]],[[31.141,-26.147],[31.132,-26.15]],[[31.132,-26.15],[31.123,-26.142]],[[31.123,-26.142],[31.118,-26.142]],[[31.118,-26.142],[31.106,-26.147]],[[31.106,-26.147],[31.105,-26.152]],[[31.105,-26.152],[31.097,-26.159]],[[31.097,-26.159],[31.088,-26.162]],[[31.088,-26.162],[31.079,-26.162]],[[31.079,-26.162],[31.077,-26.167]],[[31.077,-26.167],[31.07,-26.168]],[[31.07,-26.168],[31.065,-26.178]],[[31.065,-26.178],[31.065,-26.181]],[[31.065,-26.181],[31.058,-26.189]],[[31.058,-26.189],[31.057,-26.193]],[[31.057,-26.193],[31.05,-26.193]],[[31.05,-26.193],[31.051,-26.195]],[[31.051,-26.195],[31.047,-26.197]],[[31.047,-26.197],[31.048,-26.205]],[[31.048,-26.205],[31.046,-26.208]],[[31.046,-26.208],[31.048,-26.209]],[[31.048,-26.209],[31.047,-26.214]],[[31.047,-26.214],[31.043,-26.218]],[[31.043,-26.218],[31.034,-26.223]],[[31.034,-26.223],[31.04,-26.231]],[[31.04,-26.231],[31.07,-26.232]],[[31.07,-26.232],[31.081,-26.243]],[[31.081,-26.243],[31.084,-26.27]],[[31.084,-26.27],[31.096,-26.277]],[[31.096,-26.277],[31.1,-26.273]],[[31.1,-26.273],[31.103,-26.276]],[[31.103,-26.276],[31.104,-26.276]],[[31.108,-26.276],[31.112,-26.281]],[[31.112,-26.281],[31.11,-26.287]],[[31.11,-26.287],[31.113,-26.29]],[[31.113,-26.29],[31.12,-26.287]],[[31.12,-26.287],[31.121,-26.288]],[[31.121,-26.288],[31.128,-26.278]],[[31.128,-26.278],[31.127,-26.277]],[[31.127,-26.277],[31.128,-26.275]],[[31.128,-26.275],[31.125,-26.274]],[[31.125,-26.274],[31.125,-26.271]],[[31.125,-26.271],[31.122,-26.269]],[[31.122,-26.269],[31.12,-26.264]],[[31.12,-26.264],[31.117,-26.263]],[[31.117,-26.263],[31.121,-26.26]],[[31.121,-26.26],[31.12,-26.255]],[[31.12,-26.255],[31.124,-26.254]],[[31.124,-26.254],[31.129,-26.27]],[[31.129,-26.27],[31.131,-26.271]],[[31.131,-26.271],[31.136,-26.269]],[[31.136,-26.269],[31.144,-26.28]],[[31.144,-26.28],[31.156,-26.273]],[[31.156,-26.273],[31.16,-26.267]],[[31.16,-26.267],[31.159,-26.265]],[[31.159,-26.265],[31.16,-26.262]],[[31.16,-26.262],[31.164,-26.26]],[[31.164,-26.26],[31.165,-26.261]],[[31.165,-26.261],[31.159,-26.275]],[[31.159,-26.275],[31.165,-26.288]],[[31.165,-26.288],[31.163,-26.306]],[[31.163,-26.306],[31.177,-26.313]],[[31.177,-26.313],[31.17,-26.352]],[[31.17,-26.352],[31.19,-26.375]],[[31.19,-26.375],[31.2,-26.38]],[[31.2,-26.38],[31.222,-26.397]],[[31.222,-26.397],[31.258,-26.444]],[[31.258,-26.444],[31.257,-26.425]],[[31.257,-26.425],[31.263,-26.417]],[[31.263,-26.417],[31.262,-26.412]],[[31.262,-26.412],[31.266,-26.405]],[[31.266,-26.405],[31.262,-26.388]],[[31.262,-26.388],[31.284,-26.362]],[[31.284,-26.362],[31.277,-26.344]],[[31.277,-26.344],[31.278,-26.332]],[[31.278,-26.332],[31.297,-26.32]],[[31.297,-26.32],[31.296,-26.316]],[[31.296,-26.316],[31.316,-26.314]],[[31.316,-26.314],[31.314,-26.301]],[[31.314,-26.301],[31.306,-26.29]],[[31.306,-26.29],[31.309,-26.284]],[[31.309,-26.284],[31.308,-26.282]],[[31.308,-26.282],[31.304,-26.282]],[[31.304,-26.282],[31.305,-26.279]],[[31.305,-26.279],[31.303,-26.275]],[[31.303,-26.275],[31.309,-26.275]],[[31.309,-26.275],[31.314,-26.278]],[[31.314,-26.278],[31.321,-26.277]],[[31.321,-26.277],[31.317,-26.273]],[[31.317,-26.273],[31.317,-26.262]],[[31.317,-26.262],[31.319,-26.259]],[[31.319,-26.259],[31.32,-26.251]],[[31.32,-26.251],[31.327,-26.249]],[[31.327,-26.249],[31.328,-26.239]],[[31.328,-26.239],[31.332,-26.235]],[[31.332,-26.235],[31.334,-26.226]],[[31.334,-26.226],[31.34,-26.225]],[[31.34,-26.225],[31.347,-26.231]],[[31.347,-26.231],[31.356,-26.232]],[[31.356,-26.232],[31.369,-26.218]],[[31.369,-26.218],[31.376,-26.222]],[[31.376,-26.222],[31.38,-26.221]],[[31.38,-26.221],[31.377,-26.215]],[[31.377,-26.215],[31.374,-26.213]],[[31.374,-26.213],[31.393,-26.205]],[[31.393,-26.205],[31.441,-26.198]],[[31.441,-26.198],[31.441,-26.143]],[[31.441,-26.143],[31.454,-26.141]],[[31.454,-26.141],[31.456,-26.127]],[[31.456,-26.127],[31.46,-26.121]],[[31.46,-26.121],[31.465,-26.119]],[[31.465,-26.119],[31.465,-26.116]],[[31.465,-26.116],[31.458,-26.117]],[[31.458,-26.117],[31.453,-26.115]],[[31.453,-26.115],[31.449,-26.107]],[[31.449,-26.107],[31.449,-26.101]],[[31.449,-26.101],[31.439,-26.09]],[[31.439,-26.09],[31.42,-26.096]],[[31.42,-26.096],[31.408,-26.105]],[[31.408,-26.105],[31.394,-26.096]],[[31.394,-26.096],[31.387,-26.083]],[[31.387,-26.083],[31.369,-26.088]],[[31.369,-26.088],[31.367,-26.092]],[[31.367,-26.092],[31.364,-26.093]],[[31.364,-26.093],[31.357,-26.082]],[[31.357,-26.082],[31.336,-26.081]],[[31.336,-26.081],[31.33,-26.084]],[[31.33,-26.084],[31.321,-26.073]],[[31.321,-26.073],[31.308,-26.082]],[[31.308,-26.082],[31.321,-26.086]],[[31.321,-26.086],[31.325,-26.096]],[[31.325,-26.096],[31.322,-26.102]],[[31.322,-26.102],[31.325,-26.11]],[[31.325,-26.11],[31.321,-26.126]],[[31.321,-26.126],[31.325,-26.135]],[[31.325,-26.135],[31.32,-26.144]],[[31.32,-26.144],[31.319,-26.15]],[[31.319,-26.15],[31.311,-26.151]],[[31.311,-26.151],[31.308,-26.147]],[[31.308,-26.147],[31.301,-26.147]],[[31.301,-26.147],[31.296,-26.15]],[[31.296,-26.15],[31.297,-26.153]],[[31.297,-26.153],[31.295,-26.155]],[[31.295,-26.155],[31.282,-26.151]],[[31.282,-26.151],[31.271,-26.158]],[[31.271,-26.158],[31.268,-26.157]],[[31.268,-26.157],[31.268,-26.118]],[[31.268,-26.118],[31.232,-26.119]],[[31.232,-26.119],[31.232,-26.117]],[[31.232,-26.117],[31.207,-26.095]],[[31.207,-26.095],[31.207,-26.089]],[[31.207,-26.089],[31.179,-26.077]],[[31.179,-26.077],[31.175,-26.084]],[[31.175,-26.084],[31.166,-26.086]],[[31.166,-26.086],[31.158,-26.047]],[[31.158,-26.047],[31.163,-26.039]],[[31.163,-26.039],[31.165,-26.039]],[[31.165,-26.039],[31.165,-26.037]],[[31.165,-26.037],[31.206,-26.027]],[[31.206,-26.027],[31.251,-26.006]],[[31.251,-26.006],[31.261,-25.978]],[[31.261,-25.978],[31.16,-25.987]],[[32.011,-26.643],[32.011,-26.655]],[[32.011,-26.655],[32.017,-26.682]],[[32.017,-26.682],[32.009,-26.777]],[[32.009,-26.777],[32.004,-26.797]],[[32.004,-26.797],[32.005,-26.803]],[[32.005,-26.803],[32.008,-26.808]],[[32.008,-26.808],[32.007,-26.809]],[[32.007,-26.809],[32.01,-26.81]],[[32.01,-26.81],[32.017,-26.807]],[[32.017,-26.807],[32.029,-26.806]],[[32.029,-26.806],[32.035,-26.808]],[[32.035,-26.808],[32.045,-26.817]],[[32.045,-26.817],[32.053,-26.818]],[[32.053,-26.818],[32.059,-26.817]],[[32.059,-26.817],[32.07,-26.81]],[[32.07,-26.81],[32.097,-26.804]],[[32.097,-26.804],[32.105,-26.81]],[[32.105,-26.81],[32.107,-26.822]],[[32.107,-26.822],[32.113,-26.828]],[[32.113,-26.828],[32.119,-26.838]],[[32.119,-26.838],[32.123,-26.84]],[[32.123,-26.84],[32.124,-26.84]],[[32.133,-26.84],[32.133,-26.527]],[[32.133,-26.527],[32.076,-26.405]],[[32.076,-26.405],[32.072,-26.306]],[[32.072,-26.306],[32.088,-26.233]],[[32.088,-26.233],[32.082,-26.236]],[[32.082,-26.236],[32.084,-26.24]],[[32.084,-26.24],[32.081,-26.239]],[[32.081,-26.239],[32.077,-26.242]],[[32.077,-26.242],[32.075,-26.246]],[[32.075,-26.246],[32.077,-26.249]],[[32.077,-26.249],[32.07,-26.254]],[[32.07,-26.254],[32.069,-26.253]],[[32.069,-26.253],[32.066,-26.254]],[[32.066,-26.254],[32.067,-26.256]],[[32.067,-26.256],[32.061,-26.258]],[[32.061,-26.258],[32.06,-26.261]],[[32.06,-26.261],[32.056,-26.259]],[[32.056,-26.259],[32.055,-26.261]],[[32.055,-26.261],[32.051,-26.26]],[[32.051,-26.26],[32.029,-26.223]],[[32.029,-26.223],[32.028,-26.228]],[[32.028,-26.228],[32.021,-26.238]],[[32.021,-26.238],[32.02,-26.256]],[[32.02,-26.256],[32.009,-26.275]],[[32.009,-26.275],[32.008,-26.288]],[[32.008,-26.288],[32.012,-26.291]],[[32.012,-26.291],[32.016,-26.3]],[[32.016,-26.3],[32.015,-26.303]],[[32.015,-26.303],[32.03,-26.304]],[[32.03,-26.304],[32.05,-26.285]],[[32.05,-26.285],[32.002,-26.344]],[[32.002,-26.344],[31.972,-26.338]],[[31.972,-26.338],[31.973,-26.337]],[[31.973,-26.337],[31.952,-26.296]],[[31.952,-26.296],[31.943,-26.295]],[[31.943,-26.295],[31.917,-26.357]],[[31.917,-26.357],[31.92,-26.36]],[[31.92,-26.36],[31.922,-26.366]],[[31.922,-26.366],[31.925,-26.366]],[[31.925,-26.366],[31.923,-26.37]],[[31.923,-26.37],[31.925,-26.372]],[[31.925,-26.372],[31.923,-26.387]],[[31.923,-26.387],[31.952,-26.389]],[[31.952,-26.389],[31.952,-26.399]],[[31.952,-26.399],[31.949,-26.404]],[[31.949,-26.404],[31.947,-26.414]],[[31.947,-26.414],[31.939,-26.425]],[[31.939,-26.425],[31.937,-26.431]],[[31.937,-26.431],[31.938,-26.436]],[[31.938,-26.436],[31.945,-26.435]],[[31.945,-26.435],[31.949,-26.436]],[[31.949,-26.436],[31.964,-26.455]],[[31.964,-26.455],[31.958,-26.473]],[[31.958,-26.473],[31.96,-26.479]],[[31.96,-26.479],[31.977,-26.476]],[[31.977,-26.476],[31.975,-26.468]],[[31.975,-26.468],[31.982,-26.473]],[[31.982,-26.473],[32.021,-26.493]],[[32.021,-26.493],[31.975,-26.518]],[[31.975,-26.518],[31.981,-26.529]],[[31.981,-26.529],[31.987,-26.526]],[[31.987,-26.526],[31.991,-26.529]],[[31.991,-26.529],[31.998,-26.531]],[[31.998,-26.531],[32.012,-26.531]],[[32.012,-26.531],[32.015,-26.536]],[[32.015,-26.536],[32.012,-26.543]],[[32.012,-26.543],[32.015,-26.551]],[[32.015,-26.551],[32.014,-26.567]],[[32.014,-26.567],[32.01,-26.576]],[[32.01,-26.576],[32.006,-26.579]],[[32.006,-26.579],[32.005,-26.584]],[[32.005,-26.584],[31.998,-26.59]],[[31.998,-26.59],[31.997,-26.589]],[[31.997,-26.589],[31.995,-26.592]],[[31.995,-26.592],[32.004,-26.595]],[[32.004,-26.595],[32.005,-26.598]],[[32.005,-26.598],[32.004,-26.598]],[[32.004,-26.598],[32.006,-26.6]],[[32.006,-26.6],[32.004,-26.602]],[[32.004,-26.602],[32.009,-26.616]],[[32.009,-26.616],[32.009,-26.62]],[[32.009,-26.62],[32.009,-26.625]],[[32.009,-26.625],[32.007,-26.627]],[[32.007,-26.627],[32.007,-26.63]],[[32.007,-26.63],[32.01,-26.631]],[[32.01,-26.631],[32.008,-26.635]],[[32.008,-26.635],[32.011,-26.643]],[[32.015,-26.132],[32.019,-26.144]],[[32.019,-26.144],[32.031,-26.152]],[[32.031,-26.152],[32.03,-26.162]],[[32.03,-26.162],[32.025,-26.168]],[[32.025,-26.168],[32.025,-26.172]],[[32.025,-26.172],[32.036,-26.176]],[[32.036,-26.176],[32.041,-26.176]],[[32.041,-26.176],[32.049,-26.18]],[[32.049,-26.18],[32.054,-26.18]],[[32.054,-26.18],[32.062,-26.175]],[[32.062,-26.175],[32.066,-26.168]],[[32.066,-26.168],[32.078,-26.167]],[[32.078,-26.167],[32.089,-26.173]],[[32.089,-26.173],[32.092,-26.19]],[[32.092,-26.19],[32.096,-26.194]],[[32.096,-26.194],[32.103,-26.161]],[[32.103,-26.161],[32.084,-26.029]],[[32.084,-26.029],[32.085,-26.009]],[[32.085,-26.009],[32.029,-26.001]],[[32.029,-26.001],[32.009,-25.994]],[[32.009,-25.994],[32.001,-25.997]],[[32.001,-25.997],[31.974,-25.953]],[[31.974,-25.953],[31.868,-26.0]],[[31.868,-26.0],[31.97,-26.13]],[[31.97,-26.13],[31.969,-26.134]],[[31.969,-26.134],[31.972,-26.134]],[[31.972,-26.134],[31.971,-26.14]],[[31.971,-26.14],[31.975,-26.144]],[[31.975,-26.144],[31.986,-26.15]],[[31.986,-26.15],[31.991,-26.145]],[[31.991,-26.145],[31.99,-26.138]],[[31.99,-26.138],[31.992,-26.134]],[[31.992,-26.134],[32.004,-26.133]],[[32.004,-26.133],[32.007,-26.134]],[[32.007,-26.134],[32.009,-26.138]],[[32.009,-26.138],[32.011,-26.137]],[[32.011,-26.137],[32.011,-26.131]],[[32.011,-26.131],[32.003,-26.121]],[[32.003,-26.121],[32.002,-26.113]],[[32.002,-26.113],[32.011,-26.107]],[[32.011,-26.107],[32.022,-26.105]],[[32.022,-26.105],[32.026,-26.119]],[[32.026,-26.119],[32.015,-26.132]],[[31.415,-27.151],[31.41,-27.156]],[[31.41,-27.156],[31.41,-27.16]],[[31.397,-27.165],[31.397,-27.175]],[[31.364,-27.24],[31.347,-27.244]],[[31.347,-27.244],[31.344,-27.244]],[[31.344,-27.244],[31.342,-27.242]],[[31.334,-27.243],[31.331,-27.241]],[[31.331,-27.241],[31.327,-27.242]],[[31.306,-27.254],[31.492,-27.315]],[[31.492,-27.315],[31.565,-27.316]],[[31.428,-27.041],[31.406,-27.043]],[[31.406,-27.043],[31.403,-27.041]],[[31.403,-27.041],[31.4,-27.034]],[[31.399,-27.075],[31.406,-27.074]],[[31.406,-27.074],[31.407,-27.079]],[[31.407,-27.079],[31.43,-27.081]],[[31.427,-27.105],[31.433,-27.108]],[[31.433,-27.108],[31.441,-27.097]],[[31.433,-27.05],[31.432,-27.044]],[[31.575,-27.016],[31.569,-27.0]],[[31.548,-26.968],[31.541,-26.972]],[[31.541,-26.972],[31.512,-26.944]],[[31.511,-26.926],[31.503,-26.921]],[[31.502,-26.931],[31.489,-26.937]],[[31.487,-26.937],[31.481,-26.929]],[[31.481,-26.929],[31.465,-26.926]],[[31.448,-27.031],[31.44,-27.036]],[[31.443,-27.044],[31.441,-27.054]],[[31.441,-27.054],[31.449,-27.071]],[[31.449,-27.071],[31.45,-27.078]],[[31.45,-27.078],[31.454,-27.084]],[[31.454,-27.084],[31.454,-27.085]],[[31.454,-27.085],[31.454,-27.088]],[[31.454,-27.088],[31.452,-27.095]],[[31.452,-27.095],[31.448,-27.1]],[[31.448,-27.1],[31.44,-27.102]],[[31.508,-27.119],[31.516,-27.116]],[[31.516,-27.116],[31.521,-27.112]],[[31.521,-27.112],[31.522,-27.091]],[[31.522,-27.091],[31.519,-27.085]],[[31.519,-27.085],[31.512,-27.079]],[[31.586,-26.541],[31.575,-26.54]],[[31.575,-26.54],[31.565,-26.532]],[[31.565,-26.532],[31.56,-26.535]],[[31.56,-26.535],[31.557,-26.535]],[[31.557,-26.535],[31.556,-26.537]],[[31.556,-26.537],[31.559,-26.566]],[[31.559,-26.566],[31.558,-26.568]],[[31.54,-26.583],[31.538,-26.588]],[[31.538,-26.588],[31.509,-26.59]],[[31.509,-26.59],[31.507,-26.593]],[[31.507,-26.593],[31.508,-26.597]],[[31.508,-26.613],[31.517,-26.617]],[[31.517,-26.617],[31.531,-26.607]],[[31.547,-26.617],[31.551,-26.629]],[[31.551,-26.629],[31.545,-26.638]],[[31.537,-26.661],[31.599,-26.639]],[[31.599,-26.639],[31.586,-26.541]],[[31.346,-26.499],[31.342,-26.5]],[[31.342,-26.5],[31.344,-26.504]],[[31.344,-26.504],[31.348,-26.503]],[[31.348,-26.503],[31.346,-26.499]],[[31.267,-26.511],[31.244,-26.507]],[[31.244,-26.507],[31.237,-26.518]],[[31.237,-26.518],[31.216,-26.521]],[[31.216,-26.521],[31.212,-26.52]],[[31.212,-26.52],[31.204,-26.524]],[[31.204,-26.524],[31.21,-26.528]],[[31.21,-26.528],[31.201,-26.536]],[[31.201,-26.536],[31.235,-26.583]],[[31.235,-26.583],[31.231,-26.588]],[[31.231,-26.588],[31.225,-26.586]],[[31.225,-26.586],[31.224,-26.589]],[[31.224,-26.589],[31.211,-26.594]],[[31.211,-26.594],[31.211,-26.597]],[[31.211,-26.597],[31.208,-26.596]],[[31.208,-26.596],[31.205,-26.591]],[[31.205,-26.591],[31.196,-26.596]],[[31.196,-26.596],[31.19,-26.585]],[[31.19,-26.585],[31.188,-26.585]],[[31.188,-26.585],[31.181,-26.592]],[[31.181,-26.592],[31.182,-26.597]],[[31.182,-26.597],[31.184,-26.597]],[[31.184,-26.597],[31.183,-26.599]],[[31.183,-26.599],[31.184,-26.604]],[[31.184,-26.604],[31.182,-26.608]],[[31.182,-26.608],[31.174,-26.611]],[[31.174,-26.611],[31.172,-26.611]],[[31.172,-26.611],[31.162,-26.611]],[[31.162,-26.611],[31.168,-26.628]],[[31.261,-26.634],[31.273,-26.617]],[[31.282,-26.599],[31.294,-26.603]],[[31.294,-26.603],[31.293,-26.606]],[[31.293,-26.606],[31.297,-26.613]],[[31.306,-26.625],[31.306,-26.632]],[[31.306,-26.632],[31.31,-26.636]],[[31.31,-26.636],[31.323,-26.639]],[[31.323,-26.639],[31.323,-26.641]],[[31.323,-26.641],[31.337,-26.638]],[[31.337,-26.638],[31.342,-26.643]],[[31.342,-26.643],[31.342,-26.638]],[[31.342,-26.638],[31.335,-26.634]],[[31.326,-26.635],[31.32,-26.631]],[[31.32,-26.631],[31.312,-26.622]],[[31.312,-26.622],[31.314,-26.615]],[[31.314,-26.61],[31.312,-26.601]],[[31.312,-26.59],[31.305,-26.588]],[[31.305,-26.588],[31.292,-26.589]],[[31.292,-26.589],[31.29,-26.587]],[[31.29,-26.587],[31.289,-26.58]],[[31.325,-26.519],[31.29,-26.543]],[[31.29,-26.543],[31.291,-26.551]],[[31.291,-26.551],[31.294,-26.553]],[[31.294,-26.553],[31.299,-26.554]],[[31.299,-26.554],[31.301,-26.552]],[[31.301,-26.552],[31.301,-26.548]],[[31.301,-26.548],[31.302,-26.548]],[[31.567,-26.733],[31.565,-26.718]],[[31.565,-26.718],[31.561,-26.705]],[[31.561,-26.705],[31.554,-26.7]],[[31.554,-26.7],[31.549,-26.7]],[[31.549,-26.7],[31.547,-26.7]],[[31.547,-26.7],[31.543,-26.695]],[[31.543,-26.695],[31.54,-26.686]],[[31.54,-26.686],[31.527,-26.705]],[[31.527,-26.705],[31.505,-26.728]],[[31.505,-26.728],[31.503,-26.726]],[[31.503,-26.726],[31.496,-26.725]],[[31.496,-26.725],[31.492,-26.72]],[[31.492,-26.72],[31.487,-26.723]],[[31.487,-26.723],[31.484,-26.728]],[[31.484,-26.728],[31.487,-26.736]],[[31.36,-26.832],[31.385,-26.837]],[[31.545,-26.835],[31.538,-26.813]],[[31.538,-26.813],[31.542,-26.808]],[[31.542,-26.808],[31.556,-26.769]],[[31.556,-26.769],[31.561,-26.76]],[[31.561,-26.76],[31.561,-26.755]],[[31.561,-26.755],[31.564,-26.751]],[[31.564,-26.751],[31.567,-26.75]],[[31.567,-26.75],[31.571,-26.739]],[[31.571,-26.739],[31.568,-26.738]],[[31.568,-26.738],[31.569,-26.737]],[[31.569,-26.737],[31.567,-26.733]],[[31.327,-26.754],[31.309,-26.803]],[[31.309,-26.803],[31.318,-26.807]],[[31.318,-26.807],[31.322,-26.807]],[[31.322,-26.807],[31.333,-26.799]],[[31.345,-26.787],[31.356,-26.791]],[[31.356,-26.791],[31.357,-26.774]],[[31.443,-26.267],[31.441,-26.198]],[[31.257,-26.425],[31.257,-26.434]],[[31.257,-26.434],[31.267,-26.44]],[[31.267,-26.44],[31.28,-26.439]],[[31.28,-26.439],[31.28,-26.42]],[[31.28,-26.42],[31.273,-26.414]],[[31.273,-26.414],[31.285,-26.415]],[[31.285,-26.415],[31.293,-26.422]],[[31.293,-26.422],[31.295,-26.42]],[[31.295,-26.42],[31.299,-26.42]],[[31.299,-26.42],[31.301,-26.415]],[[31.301,-26.415],[31.303,-26.414]],[[31.303,-26.414],[31.298,-26.407]],[[31.298,-26.407],[31.299,-26.405]],[[31.299,-26.405],[31.298,-26.402]],[[31.298,-26.402],[31.338,-26.421]],[[31.338,-26.421],[31.342,-26.421]],[[31.342,-26.421],[31.342,-26.423]],[[31.342,-26.423],[31.348,-26.425]],[[31.348,-26.425],[31.384,-26.407]],[[31.384,-26.407],[31.386,-26.412]],[[31.386,-26.412],[31.39,-26.415]],[[31.39,-26.415],[31.381,-26.426]],[[31.381,-26.426],[31.381,-26.429]],[[31.381,-26.429],[31.379,-26.43]],[[31.379,-26.43],[31.386,-26.436]],[[31.386,-26.436],[31.389,-26.436]],[[31.389,-26.436],[31.399,-26.43]],[[31.399,-26.43],[31.405,-26.429]],[[31.405,-26.429],[31.405,-26.426]],[[31.405,-26.426],[31.409,-26.423]],[[31.409,-26.423],[31.41,-26.433]],[[31.41,-26.433],[31.408,-26.441]],[[31.408,-26.441],[31.409,-26.444]],[[31.409,-26.444],[31.419,-26.45]],[[31.419,-26.45],[31.427,-26.458]],[[31.427,-26.458],[31.436,-26.46]],[[31.464,-26.348],[31.466,-26.343]],[[31.466,-26.343],[31.465,-26.336]],[[31.465,-26.336],[31.461,-26.328]],[[31.418,-25.952],[31.417,-25.956]],[[31.206,-26.027],[31.163,-26.039]],[[31.268,-26.157],[31.27,-26.158]],[[31.27,-26.158],[31.282,-26.151]],[[31.42,-26.096],[31.436,-26.091]],[[31.436,-26.091],[31.436,-26.088]],[[31.436,-26.088],[31.434,-26.087]],[[31.434,-26.087],[31.429,-26.078]],[[31.429,-26.078],[31.43,-26.074]],[[31.43,-26.074],[31.435,-26.067]],[[31.435,-26.067],[31.436,-26.061]],[[31.436,-26.061],[31.44,-26.059]],[[31.44,-26.059],[31.439,-26.053]],[[31.439,-26.053],[31.444,-26.062]],[[31.444,-26.062],[31.455,-26.067]],[[31.455,-26.067],[31.453,-26.066]],[[31.453,-26.066],[31.451,-26.056]],[[31.451,-26.056],[31.452,-26.051]],[[31.452,-26.051],[31.457,-26.046]],[[31.457,-26.046],[31.466,-26.032]],[[31.466,-26.032],[31.43,-26.032]],[[31.43,-26.032],[31.429,-26.031]],[[31.448,-25.828],[31.453,-25.822]],[[31.453,-25.822],[31.452,-25.817]],[[31.452,-25.817],[31.43,-25.845]],[[31.397,-25.889],[31.436,-25.878]],[[31.436,-25.878],[31.424,-25.928]],[[31.459,-25.958],[31.464,-25.956]],[[31.462,-25.954],[31.462,-25.948]],[[31.462,-25.948],[31.46,-25.943]],[[31.46,-25.943],[31.458,-25.942]],[[31.458,-25.932],[31.458,-25.93]],[[31.458,-25.93],[31.463,-25.925]],[[31.445,-25.832],[31.447,-25.827]],[[31.447,-25.827],[31.448,-25.828]],[[31.326,-25.873],[31.288,-25.85]],[[31.286,-25.914],[31.294,-25.92]],[[31.294,-25.92],[31.297,-25.917]],[[31.297,-25.917],[31.302,-25.923]],[[31.302,-25.923],[31.304,-25.922]],[[31.33,-25.908],[31.371,-25.896]],[[31.361,-25.893],[31.364,-25.888]],[[31.364,-25.888],[31.361,-25.883]],[[31.361,-25.883],[31.357,-25.882]],[[31.36,-25.756],[31.341,-25.757]],[[31.341,-25.757],[31.291,-25.82]],[[31.291,-25.82],[31.292,-25.822]],[[31.292,-25.822],[31.3,-25.824]],[[31.3,-25.824],[31.307,-25.822]],[[31.324,-25.815],[31.33,-25.812]],[[31.33,-25.812],[31.338,-25.813]],[[31.338,-25.813],[31.343,-25.811]],[[31.332,-25.795],[31.333,-25.796]],[[31.333,-25.796],[31.337,-25.8]],[[31.438,-25.757],[31.42,-25.727]],[[31.42,-25.727],[31.366,-25.756]],[[31.366,-25.756],[31.415,-25.755]],[[31.335,-26.499],[31.339,-26.499]],[[31.339,-26.499],[31.342,-26.5]],[[31.342,-26.5],[31.336,-26.495]],[[31.336,-26.495],[31.335,-26.499]],[[31.328,-26.501],[31.333,-26.498]],[[31.333,-26.498],[31.331,-26.503]],[[31.331,-26.503],[31.334,-26.507]],[[31.334,-26.507],[31.341,-26.505]],[[31.341,-26.505],[31.341,-26.502]],[[31.341,-26.502],[31.337,-26.502]],[[31.337,-26.502],[31.337,-26.5]],[[31.337,-26.5],[31.335,-26.499]],[[31.335,-26.499],[31.33,-26.493]],[[31.33,-26.493],[31.324,-26.497]],[[31.324,-26.497],[31.328,-26.501]],[[31.318,-26.49],[31.322,-26.493]],[[31.322,-26.493],[31.321,-26.49]],[[31.321,-26.49],[31.319,-26.49]],[[31.344,-26.496],[31.345,-26.492]],[[31.345,-26.492],[31.343,-26.489]],[[31.343,-26.489],[31.344,-26.488]],[[31.344,-26.488],[31.339,-26.489]],[[31.339,-26.489],[31.344,-26.496]],[[31.494,-26.037],[31.494,-26.041]],[[31.494,-26.041],[31.478,-26.085]],[[31.469,-26.081],[31.455,-26.067]],[[31.436,-26.091],[31.44,-26.091]],[[31.44,-26.091],[31.441,-26.094]],[[31.441,-26.094],[31.449,-26.101]],[[31.454,-26.141],[31.465,-26.14]],[[31.539,-26.461],[31.541,-26.469]],[[31.541,-26.469],[31.549,-26.468]],[[31.572,-26.526],[31.565,-26.532]],[[31.565,-26.532],[31.574,-26.54]],[[31.574,-26.54],[31.586,-26.541]],[[31.529,-26.671],[31.524,-26.673]],[[31.524,-26.673],[31.515,-26.669]],[[31.515,-26.669],[31.51,-26.67]],[[31.449,-26.605],[31.445,-26.604]],[[31.445,-26.604],[31.412,-26.617]],[[31.412,-26.617],[31.376,-26.628]],[[31.376,-26.628],[31.367,-26.622]],[[31.367,-26.622],[31.361,-26.625]],[[31.361,-26.625],[31.36,-26.628]],[[31.375,-26.657],[31.371,-26.664]],[[31.371,-26.664],[31.377,-26.668]],[[31.377,-26.668],[31.382,-26.678]],[[31.382,-26.678],[31.392,-26.682]],[[31.388,-26.688],[31.384,-26.695]],[[31.384,-26.695],[31.379,-26.694]],[[31.471,-26.712],[31.472,-26.718]],[[31.472,-26.718],[31.476,-26.72]],[[31.484,-26.727],[31.487,-26.723]],[[31.492,-26.72],[31.492,-26.722]],[[31.492,-26.722],[31.498,-26.726]],[[31.498,-26.726],[31.503,-26.726]],[[31.505,-26.728],[31.507,-26.727]],[[31.507,-26.727],[31.511,-26.719]],[[31.511,-26.719],[31.527,-26.705]],[[31.54,-26.686],[31.541,-26.691]],[[31.541,-26.691],[31.547,-26.7]],[[31.561,-26.705],[31.566,-26.721]],[[31.566,-26.721],[31.567,-26.733]],[[31.571,-26.739],[31.571,-26.741]],[[31.571,-26.741],[31.567,-26.75]],[[31.538,-26.813],[31.544,-26.83]],[[31.544,-26.83],[31.551,-26.833]],[[31.551,-26.833],[31.553,-26.838]],[[31.553,-26.838],[31.552,-26.84]],[[31.552,-26.84],[31.554,-26.843]],[[31.542,-26.851],[31.54,-26.854]],[[31.54,-26.854],[31.538,-26.859]],[[31.666,-27.132],[31.663,-27.133]],[[31.653,-27.132],[31.642,-27.134]],[[31.642,-27.134],[31.641,-27.145]],[[31.641,-27.145],[31.644,-27.15]],[[31.606,-27.302],[31.601,-27.306]],[[31.601,-27.306],[31.601,-27.308]],[[31.601,-27.308],[31.601,-27.312]],[[31.607,-27.312],[31.609,-27.316]],[[31.609,-27.316],[31.872,-27.317]],[[31.872,-27.317],[31.865,-27.296]],[[31.865,-27.296],[31.886,-27.308]],[[31.886,-27.308],[31.883,-27.294]],[[31.883,-27.294],[31.9,-27.294]],[[31.9,-27.294],[31.901,-27.317]],[[31.916,-27.317],[31.978,-27.317]],[[31.978,-27.317],[31.974,-27.31]],[[31.974,-27.31],[31.976,-27.295]],[[31.976,-27.295],[31.973,-27.149]],[[31.973,-27.149],[31.975,-27.131]],[[31.975,-27.131],[31.974,-27.118]],[[31.974,-27.118],[31.978,-27.092]],[[31.978,-27.092],[31.985,-27.007]],[[31.985,-27.007],[31.992,-26.973]],[[31.992,-26.973],[31.998,-26.929]],[[31.998,-26.929],[31.997,-26.921]],[[31.997,-26.921],[32.009,-26.855]],[[32.009,-26.855],[32.011,-26.831]],[[32.011,-26.831],[32.014,-26.822]],[[32.014,-26.822],[32.01,-26.81]],[[32.01,-26.81],[32.005,-26.808]],[[32.005,-26.808],[31.993,-26.798]],[[31.993,-26.798],[31.997,-26.783]],[[31.997,-26.783],[31.996,-26.781]],[[31.996,-26.781],[31.991,-26.78]],[[31.991,-26.78],[31.979,-26.786]],[[31.979,-26.786],[31.952,-26.791]],[[31.952,-26.791],[31.937,-26.799]],[[31.937,-26.799],[31.935,-26.807]],[[31.935,-26.807],[31.936,-26.811]],[[31.936,-26.811],[31.94,-26.812]],[[31.94,-26.812],[31.953,-26.808]],[[31.953,-26.808],[31.958,-26.811]],[[31.958,-26.811],[31.962,-26.816]],[[31.962,-26.816],[31.968,-26.841]],[[31.968,-26.841],[31.966,-26.85]],[[31.966,-26.85],[31.953,-26.855]],[[31.953,-26.855],[31.92,-26.861]],[[31.92,-26.861],[31.904,-26.856]],[[31.904,-26.856],[31.891,-26.844]],[[31.891,-26.844],[31.917,-26.785]],[[31.917,-26.785],[31.914,-26.782]],[[31.914,-26.782],[31.915,-26.781]],[[31.915,-26.781],[31.911,-26.779]],[[31.911,-26.779],[31.887,-26.753]],[[31.887,-26.753],[31.885,-26.725]],[[31.885,-26.725],[31.89,-26.72]],[[31.89,-26.72],[31.889,-26.717]],[[31.889,-26.717],[31.885,-26.715]],[[31.885,-26.715],[31.882,-26.668]],[[31.882,-26.668],[31.973,-26.668]],[[31.973,-26.668],[31.971,-26.67]],[[31.971,-26.67],[31.982,-26.671]],[[31.982,-26.671],[31.992,-26.669]],[[31.992,-26.669],[32.015,-26.672]],[[32.015,-26.672],[32.01,-26.649]],[[32.01,-26.649],[32.011,-26.643]],[[31.958,-26.473],[31.959,-26.468]],[[31.959,-26.468],[31.942,-26.467]],[[31.942,-26.467],[31.941,-26.472]],[[31.941,-26.472],[31.939,-26.472]],[[31.939,-26.472],[31.934,-26.457]],[[31.934,-26.457],[31.936,-26.456]],[[31.936,-26.456],[31.932,-26.445]],[[31.932,-26.445],[31.938,-26.444]],[[31.938,-26.444],[31.937,-26.429]],[[31.937,-26.429],[31.947,-26.414]],[[31.952,-26.389],[31.888,-26.384]],[[31.888,-26.384],[31.883,-26.379]],[[31.883,-26.379],[31.877,-26.378]],[[31.877,-26.378],[31.875,-26.371]],[[31.875,-26.371],[31.876,-26.367]],[[31.876,-26.367],[31.878,-26.367]],[[31.878,-26.367],[31.876,-26.365]],[[31.876,-26.365],[31.866,-26.37]],[[31.866,-26.37],[31.863,-26.374]],[[31.863,-26.374],[31.864,-26.37]],[[31.864,-26.37],[31.86,-26.368]],[[31.86,-26.368],[31.859,-26.365]],[[31.859,-26.365],[31.853,-26.365]],[[31.853,-26.365],[31.853,-26.363]],[[31.853,-26.363],[31.848,-26.364]],[[31.848,-26.364],[31.846,-26.362]],[[31.846,-26.362],[31.823,-26.362]],[[31.823,-26.362],[31.818,-26.364]],[[31.818,-26.364],[31.811,-26.373]],[[31.811,-26.373],[31.809,-26.361]],[[31.809,-26.361],[31.799,-26.351]],[[31.799,-26.351],[31.795,-26.344]],[[31.795,-26.344],[31.79,-26.34]],[[31.79,-26.34],[31.79,-26.337]],[[31.79,-26.337],[31.787,-26.335]],[[31.787,-26.335],[31.788,-26.331]],[[31.788,-26.331],[31.784,-26.328]],[[31.784,-26.328],[31.785,-26.325]],[[31.785,-26.325],[31.783,-26.321]],[[31.783,-26.321],[31.78,-26.318]],[[31.78,-26.318],[31.774,-26.317]],[[31.774,-26.317],[31.772,-26.327]],[[31.772,-26.327],[31.765,-26.321]],[[31.765,-26.321],[31.766,-26.316]],[[31.766,-26.316],[31.758,-26.308]],[[31.758,-26.308],[31.763,-26.307]],[[31.763,-26.307],[31.759,-26.303]],[[31.759,-26.303],[31.763,-26.3]],[[31.763,-26.3],[31.757,-26.298]],[[31.757,-26.298],[31.757,-26.289]],[[31.757,-26.289],[31.761,-26.286]],[[31.761,-26.286],[31.766,-26.289]],[[31.766,-26.289],[31.77,-26.287]],[[31.77,-26.287],[31.772,-26.283]],[[31.772,-26.283],[31.778,-26.283]],[[31.778,-26.283],[31.776,-26.28]],[[31.776,-26.28],[31.779,-26.278]],[[31.779,-26.278],[31.781,-26.272]],[[31.781,-26.272],[31.785,-26.268]],[[31.785,-26.268],[31.783,-26.266]],[[31.783,-26.266],[31.778,-26.265]],[[31.778,-26.265],[31.777,-26.262]],[[31.777,-26.262],[31.771,-26.259]],[[31.771,-26.259],[31.772,-26.253]],[[31.772,-26.253],[31.766,-26.252]],[[31.766,-26.252],[31.769,-26.245]],[[31.769,-26.245],[31.771,-26.245]],[[31.771,-26.245],[31.77,-26.231]],[[31.77,-26.231],[31.76,-26.228]],[[31.76,-26.228],[31.758,-26.238]],[[31.758,-26.238],[31.751,-26.231]],[[31.751,-26.231],[31.78,-26.113]],[[31.78,-26.113],[31.778,-26.113]],[[31.778,-26.113],[31.774,-26.109]],[[31.774,-26.109],[31.762,-26.109]],[[31.762,-26.109],[31.758,-26.097]],[[31.758,-26.097],[31.751,-26.102]],[[31.751,-26.102],[31.746,-26.103]],[[31.746,-26.103],[31.743,-26.106]],[[31.743,-26.106],[31.74,-26.106]],[[31.74,-26.106],[31.743,-26.114]],[[31.743,-26.114],[31.741,-26.121]],[[31.741,-26.121],[31.739,-26.123]],[[31.739,-26.123],[31.73,-26.123]],[[31.73,-26.123],[31.73,-26.117]],[[31.73,-26.117],[31.728,-26.116]],[[31.728,-26.116],[31.722,-26.116]],[[31.722,-26.116],[31.71,-26.124]],[[31.71,-26.124],[31.703,-26.122]],[[31.703,-26.122],[31.696,-26.124]],[[31.696,-26.124],[31.691,-26.117]],[[31.691,-26.117],[31.677,-26.119]],[[31.677,-26.119],[31.675,-26.121]],[[31.675,-26.121],[31.662,-26.02]],[[31.662,-26.02],[31.664,-25.945]],[[31.664,-25.945],[31.668,-25.942]],[[31.668,-25.942],[31.672,-25.942]],[[31.672,-25.942],[31.682,-25.949]],[[31.682,-25.949],[31.692,-25.951]],[[31.692,-25.951],[31.698,-25.947]],[[31.698,-25.947],[31.72,-25.941]],[[31.72,-25.941],[31.723,-25.944]],[[31.723,-25.944],[31.719,-25.947]],[[31.719,-25.947],[31.721,-25.95]],[[31.721,-25.95],[31.728,-25.951]],[[31.728,-25.951],[31.736,-25.948]],[[31.736,-25.948],[31.739,-25.952]],[[31.739,-25.952],[31.743,-25.953]],[[31.743,-25.953],[31.749,-25.95]],[[31.749,-25.95],[31.747,-25.944]],[[31.747,-25.944],[31.756,-25.939]],[[31.756,-25.939],[31.759,-25.933]],[[31.759,-25.933],[31.634,-25.855]],[[31.741,-26.432],[31.733,-26.429]],[[31.733,-26.429],[31.734,-26.423]],[[31.734,-26.423],[31.732,-26.422]],[[31.732,-26.422],[31.733,-26.411]],[[31.733,-26.411],[31.77,-26.414]],[[31.77,-26.414],[31.784,-26.412]],[[31.784,-26.412],[31.784,-26.42]],[[31.784,-26.42],[31.782,-26.424]],[[31.782,-26.424],[31.78,-26.439]],[[31.78,-26.439],[31.778,-26.441]],[[31.778,-26.441],[31.77,-26.443]],[[31.77,-26.443],[31.759,-26.458]],[[31.759,-26.458],[31.76,-26.453]],[[31.76,-26.453],[31.758,-26.448]],[[31.758,-26.448],[31.755,-26.448]],[[31.755,-26.448],[31.754,-26.445]],[[31.754,-26.445],[31.749,-26.443]],[[31.749,-26.443],[31.746,-26.438]],[[31.746,-26.438],[31.745,-26.439]],[[31.745,-26.439],[31.745,-26.437]],[[31.745,-26.437],[31.743,-26.438]],[[31.743,-26.438],[31.741,-26.432]],[[31.423,-26.642],[31.417,-26.642]],[[31.417,-26.642],[31.412,-26.633]],[[31.412,-26.633],[31.412,-26.627]],[[31.412,-26.627],[31.424,-26.616]],[[31.424,-26.616],[31.431,-26.616]],[[31.431,-26.616],[31.435,-26.622]],[[31.435,-26.622],[31.432,-26.624]],[[31.432,-26.624],[31.436,-26.629]],[[31.436,-26.629],[31.44,-26.628]],[[31.44,-26.628],[31.44,-26.631]],[[31.44,-26.631],[31.439,-26.634]],[[31.439,-26.634],[31.423,-26.642]],[[31.914,-27.024],[31.918,-27.025]],[[31.918,-27.025],[31.918,-26.998]],[[31.918,-26.998],[31.924,-26.986]],[[31.924,-26.986],[31.918,-26.952]],[[31.918,-26.952],[31.953,-26.95]],[[31.953,-26.95],[31.96,-26.989]],[[31.96,-26.989],[31.953,-27.048]],[[31.953,-27.048],[31.949,-27.048]],[[31.949,-27.048],[31.946,-27.087]],[[31.946,-27.087],[31.935,-27.087]],[[31.935,-27.087],[31.935,-27.084]],[[31.935,-27.084],[31.922,-27.06]],[[31.922,-27.06],[31.92,-27.059]],[[31.92,-27.059],[31.918,-27.05]],[[31.918,-27.05],[31.913,-27.045]],[[31.913,-27.045],[31.899,-27.037]],[[31.899,-27.037],[31.914,-27.024]],[[31.315,-26.475],[31.316,-26.481]],[[31.316,-26.481],[31.32,-26.478]],[[31.32,-26.478],[31.319,-26.477]],[[31.319,-26.477],[31.322,-26.474]],[[31.322,-26.474],[31.318,-26.472]],[[31.318,-26.472],[31.319,-26.468]],[[31.319,-26.468],[31.314,-26.471]],[[31.314,-26.471],[31.305,-26.466]],[[31.305,-26.466],[31.304,-26.475]],[[31.304,-26.475],[31.315,-26.475]],[[31.363,-26.477],[31.362,-26.471]],[[31.362,-26.471],[31.36,-26.47]],[[31.36,-26.47],[31.358,-26.475]],[[31.358,-26.475],[31.353,-26.479]],[[31.353,-26.479],[31.363,-26.477]],[[31.398,-26.479],[31.393,-26.482]],[[31.393,-26.482],[31.398,-26.482]],[[31.398,-26.482],[31.402,-26.485]],[[31.402,-26.485],[31.403,-26.48]],[[31.403,-26.48],[31.398,-26.479]],[[31.162,-26.611],[31.182,-26.609]],[[31.182,-26.609],[31.184,-26.597]],[[31.205,-26.591],[31.203,-26.587]],[[31.199,-26.587],[31.198,-26.587]],[[31.198,-26.587],[31.195,-26.582]],[[31.195,-26.582],[31.195,-26.578]],[[31.195,-26.578],[31.186,-26.575]],[[31.186,-26.575],[31.189,-26.569]],[[31.189,-26.569],[31.184,-26.567]],[[31.184,-26.567],[31.183,-26.563]],[[31.181,-26.564],[31.173,-26.561]],[[31.173,-26.561],[31.15,-26.573]],[[31.15,-26.573],[31.147,-26.577]],[[31.147,-26.577],[31.146,-26.586]],[[31.148,-26.589],[31.155,-26.588]],[[31.155,-26.588],[31.156,-26.591]],[[31.137,-26.619],[31.162,-26.614]],[[31.162,-26.614],[31.162,-26.611]],[[31.359,-26.494],[31.356,-26.494]],[[31.356,-26.494],[31.358,-26.497]],[[31.358,-26.497],[31.359,-26.494]],[[31.309,-26.485],[31.305,-26.485]],[[31.305,-26.485],[31.302,-26.49]],[[31.302,-26.49],[31.31,-26.489]],[[31.31,-26.489],[31.308,-26.487]],[[31.308,-26.487],[31.309,-26.485]],[[31.334,-26.491],[31.336,-26.489]],[[31.336,-26.489],[31.335,-26.486]],[[31.335,-26.486],[31.332,-26.486]],[[31.332,-26.486],[31.331,-26.483]],[[31.331,-26.483],[31.328,-26.482]],[[31.328,-26.482],[31.329,-26.485]],[[31.329,-26.485],[31.326,-26.487]],[[31.326,-26.487],[31.322,-26.486]],[[31.322,-26.486],[31.321,-26.488]],[[31.321,-26.488],[31.332,-26.489]],[[31.332,-26.489],[31.334,-26.491]],[[31.341,-26.481],[31.337,-26.479]],[[31.337,-26.479],[31.334,-26.479]],[[31.334,-26.479],[31.337,-26.484]],[[31.337,-26.484],[31.341,-26.481]],[[31.07,-26.232],[31.008,-26.229]],[[31.008,-26.229],[31.008,-26.234]],[[31.008,-26.234],[30.997,-26.228]],[[30.997,-26.228],[31.001,-26.218]],[[31.001,-26.218],[31.008,-26.217]],[[31.008,-26.217],[31.008,-26.22]],[[31.008,-26.22],[31.011,-26.22]],[[31.011,-26.22],[31.012,-26.217]],[[31.012,-26.217],[31.021,-26.216]],[[31.021,-26.216],[31.024,-26.212]],[[31.024,-26.212],[31.014,-26.205]],[[31.014,-26.205],[31.011,-26.2]],[[31.011,-26.2],[31.014,-26.195]],[[31.014,-26.195],[31.014,-26.191]],[[31.014,-26.191],[31.011,-26.188]],[[31.011,-26.188],[31.012,-26.185]],[[31.012,-26.185],[31.03,-26.178]],[[31.03,-26.178],[31.032,-26.173]],[[31.032,-26.173],[31.03,-26.167]],[[31.03,-26.167],[31.019,-26.159]],[[31.019,-26.159],[30.961,-26.262]],[[31.003,-26.279],[31.005,-26.265]],[[31.005,-26.265],[31.011,-26.254]],[[31.011,-26.254],[31.016,-26.252]],[[31.096,-26.37],[31.1,-26.372]],[[31.1,-26.372],[31.108,-26.363]],[[31.121,-26.438],[31.122,-26.446]],[[31.122,-26.446],[31.13,-26.446]],[[31.13,-26.446],[31.133,-26.443]],[[31.133,-26.443],[31.136,-26.443]],[[31.157,-26.442],[31.16,-26.423]],[[31.16,-26.423],[31.165,-26.423]],[[31.165,-26.423],[31.155,-26.417]],[[31.155,-26.417],[31.159,-26.409]],[[31.159,-26.409],[31.166,-26.406]],[[31.166,-26.406],[31.17,-26.401]],[[31.17,-26.401],[31.162,-26.394]],[[31.162,-26.394],[31.168,-26.39]],[[31.168,-26.39],[31.172,-26.392]],[[31.172,-26.392],[31.175,-26.391]],[[31.175,-26.391],[31.18,-26.396]],[[31.18,-26.396],[31.177,-26.401]],[[31.177,-26.401],[31.194,-26.412]],[[31.194,-26.412],[31.194,-26.43]],[[31.194,-26.43],[31.192,-26.435]],[[31.192,-26.435],[31.195,-26.437]],[[31.195,-26.437],[31.193,-26.44]],[[31.193,-26.44],[31.193,-26.449]],[[31.193,-26.449],[31.196,-26.485]],[[31.196,-26.485],[31.199,-26.485]],[[31.199,-26.485],[31.2,-26.487]],[[31.2,-26.487],[31.208,-26.49]],[[31.208,-26.49],[31.208,-26.493]],[[31.208,-26.493],[31.212,-26.498]],[[31.212,-26.498],[31.211,-26.503]],[[31.211,-26.503],[31.209,-26.504]],[[31.209,-26.504],[31.21,-26.506]],[[31.21,-26.506],[31.197,-26.517]],[[31.197,-26.517],[31.204,-26.524]],[[31.204,-26.524],[31.21,-26.52]],[[31.21,-26.52],[31.216,-26.521]],[[31.237,-26.518],[31.245,-26.507]],[[31.245,-26.507],[31.266,-26.512]],[[31.266,-26.512],[31.281,-26.504]],[[31.288,-26.49],[31.295,-26.489]],[[31.295,-26.489],[31.294,-26.483]],[[31.294,-26.483],[31.299,-26.476]],[[31.299,-26.476],[31.298,-26.46]],[[31.298,-26.46],[31.304,-26.451]],[[31.304,-26.451],[31.312,-26.446]],[[31.312,-26.446],[31.328,-26.451]],[[31.328,-26.451],[31.33,-26.452]],[[31.33,-26.452],[31.329,-26.456]],[[31.329,-26.456],[31.332,-26.454]],[[31.332,-26.454],[31.334,-26.457]],[[31.334,-26.457],[31.347,-26.451]],[[31.347,-26.451],[31.36,-26.453]],[[31.36,-26.453],[31.37,-26.452]],[[31.37,-26.452],[31.376,-26.455]],[[31.376,-26.455],[31.378,-26.459]],[[31.378,-26.459],[31.384,-26.463]],[[31.384,-26.463],[31.391,-26.453]],[[31.391,-26.453],[31.396,-26.457]],[[31.396,-26.457],[31.403,-26.459]],[[31.403,-26.459],[31.403,-26.461]],[[31.403,-26.461],[31.407,-26.465]],[[31.407,-26.465],[31.413,-26.466]],[[31.413,-26.466],[31.416,-26.475]],[[31.416,-26.475],[31.42,-26.479]],[[31.42,-26.479],[31.418,-26.487]],[[31.418,-26.487],[31.413,-26.49]],[[31.413,-26.49],[31.415,-26.504]],[[31.415,-26.504],[31.412,-26.517]],[[31.412,-26.517],[31.402,-26.514]],[[31.402,-26.514],[31.392,-26.517]],[[31.392,-26.517],[31.386,-26.516]],[[31.38,-26.52],[31.38,-26.525]],[[31.38,-26.525],[31.376,-26.529]],[[31.376,-26.529],[31.38,-26.531]],[[31.38,-26.531],[31.38,-26.535]],[[31.38,-26.535],[31.371,-26.531]],[[31.371,-26.531],[31.365,-26.533]],[[31.365,-26.533],[31.368,-26.537]],[[31.368,-26.537],[31.378,-26.542]],[[31.378,-26.542],[31.376,-26.545]],[[31.376,-26.545],[31.376,-26.549]],[[31.376,-26.549],[31.373,-26.551]],[[31.373,-26.551],[31.372,-26.554]],[[31.372,-26.554],[31.376,-26.559]],[[31.364,-26.591],[31.363,-26.596]],[[31.363,-26.596],[31.364,-26.598]],[[31.364,-26.598],[31.377,-26.6]],[[31.377,-26.6],[31.379,-26.605]],[[31.379,-26.605],[31.379,-26.607]],[[31.375,-26.611],[31.376,-26.617]],[[31.376,-26.617],[31.367,-26.622]],[[31.445,-26.604],[31.445,-26.599]],[[31.452,-26.465],[31.451,-26.449]],[[31.451,-26.449],[31.447,-26.458]],[[31.444,-26.458],[31.443,-26.464]],[[31.443,-26.464],[31.439,-26.459]],[[31.439,-26.459],[31.433,-26.46]],[[31.433,-26.46],[31.431,-26.458]],[[31.431,-26.458],[31.427,-26.458]],[[31.427,-26.458],[31.422,-26.452]],[[31.422,-26.452],[31.409,-26.444]],[[31.301,-26.415],[31.3,-26.419]],[[31.3,-26.419],[31.293,-26.422]],[[31.257,-26.434],[31.258,-26.444]],[[31.19,-26.375],[31.164,-26.345]],[[31.164,-26.345],[31.16,-26.343]],[[31.16,-26.343],[31.155,-26.354]],[[31.155,-26.354],[31.163,-26.362]],[[31.163,-26.362],[31.158,-26.368]],[[31.158,-26.368],[31.158,-26.373]],[[31.158,-26.373],[31.162,-26.379]],[[31.162,-26.379],[31.16,-26.381]],[[31.16,-26.381],[31.154,-26.374]],[[31.154,-26.374],[31.15,-26.353]],[[31.15,-26.353],[31.124,-26.342]],[[31.124,-26.342],[31.124,-26.345]],[[31.124,-26.345],[31.129,-26.347]],[[31.129,-26.347],[31.127,-26.352]],[[31.127,-26.352],[31.13,-26.356]],[[31.13,-26.356],[31.125,-26.359]],[[31.125,-26.359],[31.122,-26.364]],[[31.122,-26.364],[31.107,-26.358]],[[31.107,-26.358],[31.113,-26.351]],[[31.113,-26.351],[31.117,-26.341]],[[31.117,-26.341],[31.119,-26.34]],[[31.119,-26.34],[31.114,-26.339]],[[31.114,-26.339],[31.101,-26.33]],[[31.101,-26.33],[31.089,-26.327]],[[31.089,-26.327],[31.098,-26.313]],[[31.098,-26.313],[31.097,-26.311]],[[31.097,-26.311],[31.099,-26.31]],[[31.099,-26.31],[31.092,-26.303]],[[31.084,-26.288],[31.084,-26.27]],[[31.545867,-26.830154],[31.543562,-26.830285]],[[31.543562,-26.830285],[31.544961,-26.835055]],[[31.544961,-26.835055],[31.529598,-26.844438]],[[31.529598,-26.844438],[31.51539,-26.859299]],[[31.51539,-26.859299],[31.466147,-26.851011]],[[31.466147,-26.851011],[31.43108,-26.864245]],[[31.43108,-26.864245],[31.417556,-26.879567]],[[31.417556,-26.879567],[31.430211,-26.895526]],[[31.430211,-26.895526],[31.42325,-26.90579]],[[31.42325,-26.90579],[31.437365,-26.908122]],[[31.437365,-26.908122],[31.432593,-26.917451]],[[31.432593,-26.917451],[31.444552,-26.916844]],[[31.444552,-26.916844],[31.457632,-26.891665]],[[31.457632,-26.891665],[31.510695,-26.926143]],[[31.510695,-26.926143],[31.511971,-26.944237]],[[31.511971,-26.944237],[31.538352,-26.97035],[31.54298,-26.972342],[31.548043,-26.967863]],[[31.548043,-26.967863],[31.551279,-26.967831]],[[31.551279,-26.967831],[31.55333,-26.97002]],[[31.55333,-26.97002],[31.552622,-26.97278]],[[31.552622,-26.97278],[31.556141,-26.973675]],[[31.556141,-26.973675],[31.556047,-26.970615]],[[31.556047,-26.970615],[31.560919,-26.965249]],[[31.560919,-26.965249],[31.562986,-26.965818]],[[31.562986,-26.965818],[31.562612,-26.96804]],[[31.562612,-26.96804],[31.566326,-26.969445]],[[31.566326,-26.969445],[31.562808,-26.972734]],[[31.562808,-26.972734],[31.564586,-26.974083]],[[31.564586,-26.974083],[31.569009,-26.972246]],[[31.569009,-26.972246],[31.571625,-26.972555]],[[31.571625,-26.972555],[31.572033,-26.971274]],[[31.572033,-26.971274],[31.569148,-26.968618]],[[31.569148,-26.968618],[31.56979,-26.967635]],[[31.56979,-26.967635],[31.584578,-26.969475]],[[31.584578,-26.969475],[31.581802,-26.972837]],[[31.581802,-26.972837],[31.577381,-26.974365]],[[31.577381,-26.974365],[31.579686,-26.97651]],[[31.579686,-26.97651],[31.584516,-26.977098]],[[31.584516,-26.977098],[31.57954,-26.978936]],[[31.57954,-26.978936],[31.575548,-26.982461]],[[31.575548,-26.982461],[31.575622,-26.984476]],[[31.575622,-26.984476],[31.579337,-26.986509]],[[31.579337,-26.986509],[31.57182,-26.991575]],[[31.57182,-26.991575],[31.569178,-26.999602]],[[31.569178,-26.999602],[31.569577,-27.004525]],[[31.569577,-27.004525],[31.574824,-27.015927]],[[31.574824,-27.015927],[31.584378,-27.021935]],[[31.584378,-27.021935],[31.585104,-27.026167]],[[31.585104,-27.026167],[31.587252,-27.029152]],[[31.587252,-27.029152],[31.591193,-27.021988]],[[31.591193,-27.021988],[31.59478,-27.017095]],[[31.59478,-27.017095],[31.597158,-27.01617]],[[31.597158,-27.01617],[31.59749,-27.014433]],[[31.59749,-27.014433],[31.602562,-27.013052]],[[31.602562,-27.013052],[31.603691,-27.013749]],[[31.603691,-27.013749],[31.606594,-27.019744]],[[31.606594,-27.019744],[31.610431,-27.022581]],[[31.610431,-27.022581],[31.605838,-27.029475]],[[31.605838,-27.029475],[31.604303,-27.041003]],[[31.604303,-27.041003],[31.601455,-27.045348]],[[31.601455,-27.045348],[31.605793,-27.044458]],[[31.605793,-27.044458],[31.608343,-27.045492]],[[31.608343,-27.045492],[31.608157,-27.053631]],[[31.608157,-27.053631],[31.612846,-27.057719]],[[31.612846,-27.057719],[31.616376,-27.063869]],[[31.616376,-27.063869],[31.606746,-27.066167]],[[31.606746,-27.066167],[31.60369,-27.073369]],[[31.60369,-27.073369],[31.589988,-27.070786]],[[31.589988,-27.070786],[31.588344,-27.071781]],[[31.588344,-27.071781],[31.589098,-27.074936]],[[31.589098,-27.074936],[31.584202,-27.072424]],[[31.584202,-27.072424],[31.581703,-27.074121]],[[31.581703,-27.074121],[31.581904,-27.071634]],[[31.581904,-27.071634],[31.575489,-27.074439]],[[31.575489,-27.074439],[31.569668,-27.071805]],[[31.569668,-27.071805],[31.563056,-27.065769]],[[31.563056,-27.065769],[31.55297,-27.066419]],[[31.55297,-27.066419],[31.549725,-27.064127]],[[31.549725,-27.064127],[31.548163,-27.059573]],[[31.548163,-27.059573],[31.546081,-27.05905]],[[31.546081,-27.05905],[31.545378,-27.057471]],[[31.545378,-27.057471],[31.539563,-27.058931]],[[31.539563,-27.058931],[31.534628,-27.062665]],[[31.534628,-27.062665],[31.533052,-27.061832]],[[31.533052,-27.061832],[31.530145,-27.064872]],[[31.530145,-27.064872],[31.528299,-27.064366]],[[31.528299,-27.064366],[31.523325,-27.06711]],[[31.523325,-27.06711],[31.508088,-27.066766]],[[31.508088,-27.066766],[31.507591,-27.070314]],[[31.507591,-27.070314],[31.506157,-27.070622]],[[31.506157,-27.070622],[31.50389,-27.075843]],[[31.50389,-27.075843],[31.508521,-27.079152]],[[31.508521,-27.079152],[31.512412,-27.0795]],[[31.512412,-27.0795],[31.521783,-27.089048]],[[31.521783,-27.089048],[31.520187,-27.102587],[31.521301,-27.107226],[31.519506,-27.113618],[31.50752,-27.118546]],[[31.50752,-27.118546],[31.498301,-27.113593]],[[31.498301,-27.113593],[31.497188,-27.111444]],[[31.497188,-27.111444],[31.489299,-27.112325]],[[31.489299,-27.112325],[31.475461,-27.106621],[31.463836,-27.109463]],[[31.463836,-27.109463],[31.452893,-27.108825]],[[31.452893,-27.108825],[31.43961,-27.101648]],[[31.43961,-27.101648],[31.446512,-27.100349],[31.452374,-27.095236]],[[31.452374,-27.095236],[31.454466,-27.085272],[31.450065,-27.078465]],[[31.450065,-27.078465],[31.449303,-27.071258]],[[31.449303,-27.071258],[31.446257,-27.066757],[31.44132,-27.054602],[31.443007,-27.044]],[[31.443007,-27.044],[31.440304,-27.036368]],[[31.440304,-27.036368],[31.445252,-27.031737]],[[31.445252,-27.031737],[31.442877,-27.032214],[31.4375,-27.035977],[31.433456,-27.041048],[31.432272,-27.044742],[31.433369,-27.050265],[31.431579,-27.052883]],[[31.431579,-27.052883],[31.435699,-27.061541]],[[31.435699,-27.061541],[31.437051,-27.06863]],[[31.437051,-27.06863],[31.439642,-27.072816]],[[31.439642,-27.072816],[31.440062,-27.079096]],[[31.440062,-27.079096],[31.438115,-27.090944]],[[31.438115,-27.090944],[31.439121,-27.095495]],[[31.439121,-27.095495],[31.440955,-27.096823]],[[31.440955,-27.096823],[31.44007,-27.098989],[31.436423,-27.102601]],[[31.436423,-27.102601],[31.436573,-27.104502]],[[31.436573,-27.104502],[31.431558,-27.108041],[31.430304,-27.10594],[31.427228,-27.104752]],[[31.427228,-27.104752],[31.425575,-27.100314]],[[31.425575,-27.100314],[31.430129,-27.080876]],[[31.430129,-27.080876],[31.416621,-27.079335],[31.411608,-27.079876],[31.405922,-27.07791]],[[31.405922,-27.07791],[31.400988,-27.081963],[31.40047,-27.095004]],[[31.40047,-27.095004],[31.399083,-27.093754]],[[31.399083,-27.093754],[31.397062,-27.094303]],[[31.397062,-27.094303],[31.389556,-27.112039]],[[31.389556,-27.112039],[31.39055,-27.119495]],[[31.39055,-27.119495],[31.388875,-27.121932]],[[31.388875,-27.121932],[31.388855,-27.125542]],[[31.388855,-27.125542],[31.389978,-27.129871]],[[31.389978,-27.129871],[31.392066,-27.130862]],[[31.392066,-27.130862],[31.396576,-27.164671]],[[31.396576,-27.164671],[31.397697,-27.163558]],[[31.397697,-27.163558],[31.406684,-27.16435]],[[31.406684,-27.16435],[31.410043,-27.159927]],[[31.410043,-27.159927],[31.410945,-27.154843],[31.414627,-27.15077]],[[31.414627,-27.15077],[31.419207,-27.149802]],[[31.419207,-27.149802],[31.422053,-27.153211]],[[31.422053,-27.153211],[31.419788,-27.153821]],[[31.419788,-27.153821],[31.419556,-27.157163]],[[31.419556,-27.157163],[31.423579,-27.164815]],[[31.423579,-27.164815],[31.422669,-27.168008]],[[31.422669,-27.168008],[31.435128,-27.175476]],[[31.435128,-27.175476],[31.439781,-27.182395]],[[31.439781,-27.182395],[31.466818,-27.181593]],[[31.466818,-27.181593],[31.484207,-27.220881]],[[31.484207,-27.220881],[31.476544,-27.23545]],[[31.476544,-27.23545],[31.524826,-27.208458]],[[31.524826,-27.208458],[31.536982,-27.211628]],[[31.536982,-27.211628],[31.531901,-27.153411]],[[31.531901,-27.153411],[31.552943,-27.161577]],[[31.552943,-27.161577],[31.55578,-27.187346]],[[31.55578,-27.187346],[31.557064,-27.187794]],[[31.557064,-27.187794],[31.567613,-27.173918]],[[31.567613,-27.173918],[31.576356,-27.165928]],[[31.576356,-27.165928],[31.58139,-27.157107]],[[31.58139,-27.157107],[31.585711,-27.154347]],[[31.585711,-27.154347],[31.587221,-27.149831]],[[31.587221,-27.149831],[31.590475,-27.147821]],[[31.590475,-27.147821],[31.595312,-27.148814]],[[31.595312,-27.148814],[31.596619,-27.147141]],[[31.596619,-27.147141],[31.598705,-27.148641]],[[31.598705,-27.148641],[31.600964,-27.147987]],[[31.600964,-27.147987],[31.606688,-27.141341]],[[31.606688,-27.141341],[31.61531,-27.144675]],[[31.61531,-27.144675],[31.609957,-27.14863]],[[31.609957,-27.14863],[31.610787,-27.155233]],[[31.610787,-27.155233],[31.609376,-27.163304]],[[31.609376,-27.163304],[31.613142,-27.162815]],[[31.613142,-27.162815],[31.618673,-27.193155]],[[31.618673,-27.193155],[31.619426,-27.21005]],[[31.619426,-27.21005],[31.617136,-27.209915]],[[31.617136,-27.209915],[31.616639,-27.211695]],[[31.616639,-27.211695],[31.579703,-27.217965]],[[31.579703,-27.217965],[31.574753,-27.22538]],[[31.574753,-27.22538],[31.575259,-27.228141]],[[31.575259,-27.228141],[31.573791,-27.229676]],[[31.573791,-27.229676],[31.572184,-27.236026]],[[31.572184,-27.236026],[31.570823,-27.23555]],[[31.570823,-27.23555],[31.570792,-27.238586]],[[31.570792,-27.238586],[31.564919,-27.239887]],[[31.564919,-27.239887],[31.561495,-27.239189]],[[31.561495,-27.239189],[31.560887,-27.24159]],[[31.560887,-27.24159],[31.55883,-27.242753]],[[31.55883,-27.242753],[31.559421,-27.246972]],[[31.559421,-27.246972],[31.55879,-27.249899]],[[31.55879,-27.249899],[31.557468,-27.250609]],[[31.557468,-27.250609],[31.55828,-27.252502]],[[31.55828,-27.252502],[31.556324,-27.255389]],[[31.556324,-27.255389],[31.553028,-27.256536]],[[31.553028,-27.256536],[31.550591,-27.261052]],[[31.550591,-27.261052],[31.554532,-27.265011]],[[31.554532,-27.265011],[31.552552,-27.267567]],[[31.552552,-27.267567],[31.532484,-27.26141]],[[31.532484,-27.26141],[31.515913,-27.254754]],[[31.515913,-27.254754],[31.50688,-27.270742]],[[31.50688,-27.270742],[31.510216,-27.274578]],[[31.510216,-27.274578],[31.509832,-27.27643]],[[31.509832,-27.27643],[31.51534,-27.277011]],[[31.51534,-27.277011],[31.516601,-27.280843]],[[31.516601,-27.280843],[31.518987,-27.279551]],[[31.518987,-27.279551],[31.525257,-27.283315]],[[31.525257,-27.283315],[31.530577,-27.283646]],[[31.530577,-27.283646],[31.531768,-27.284797]],[[31.531768,-27.284797],[31.532152,-27.290186]],[[31.532152,-27.290186],[31.533474,-27.289461]],[[31.533474,-27.289461],[31.535312,-27.291311]],[[31.535312,-27.291311],[31.538792,-27.292183]],[[31.538792,-27.292183],[31.539713,-27.294052]],[[31.539713,-27.294052],[31.545899,-27.296458]],[[31.545899,-27.296458],[31.551629,-27.29657]],[[31.551629,-27.29657],[31.554356,-27.298802]],[[31.554356,-27.298802],[31.55591,-27.303745]],[[31.55591,-27.303745],[31.562673,-27.30174]],[[31.562673,-27.30174],[31.561295,-27.305087]],[[31.561295,-27.305087],[31.563638,-27.307606]],[[31.563638,-27.307606],[31.562961,-27.311676]],[[31.562961,-27.311676],[31.565643,-27.313064]],[[31.565643,-27.313064],[31.565069,-27.315504]],[[31.565069,-27.315504],[31.607901,-27.315717],[31.608132,-27.312461],[31.601024,-27.311727],[31.600569,-27.307878],[31.602194,-27.303968],[31.605662,-27.301543]],[[31.605662,-27.301543],[31.60549,-27.297642]],[[31.60549,-27.297642],[31.60267,-27.29778]],[[31.60267,-27.29778],[31.605072,-27.293378]],[[31.605072,-27.293378],[31.603952,-27.292151]],[[31.603952,-27.292151],[31.605801,-27.291316]],[[31.605801,-27.291316],[31.604868,-27.290097]],[[31.604868,-27.290097],[31.606785,-27.289563]],[[31.606785,-27.289563],[31.604342,-27.287552]],[[31.604342,-27.287552],[31.606498,-27.286439]],[[31.606498,-27.286439],[31.605248,-27.284553]],[[31.605248,-27.284553],[31.608827,-27.282212]],[[31.608827,-27.282212],[31.605766,-27.279451]],[[31.605766,-27.279451],[31.607152,-27.275689]],[[31.607152,-27.275689],[31.609155,-27.274022]],[[31.609155,-27.274022],[31.607869,-27.270457]],[[31.607869,-27.270457],[31.61006,-27.265282]],[[31.61006,-27.265282],[31.608243,-27.263013]],[[31.608243,-27.263013],[31.611321,-27.261822]],[[31.611321,-27.261822],[31.610846,-27.255785]],[[31.610846,-27.255785],[31.627976,-27.247447]],[[31.627976,-27.247447],[31.634901,-27.247448]],[[31.634901,-27.247448],[31.631038,-27.238457]],[[31.631038,-27.238457],[31.631945,-27.230509]],[[31.631945,-27.230509],[31.62996,-27.221463]],[[31.62996,-27.221463],[31.631681,-27.214748]],[[31.631681,-27.214748],[31.636297,-27.212982]],[[31.636297,-27.212982],[31.637005,-27.201504]],[[31.637005,-27.201504],[31.639393,-27.196375]],[[31.639393,-27.196375],[31.639207,-27.192051]],[[31.639207,-27.192051],[31.641228,-27.187812]],[[31.641228,-27.187812],[31.644509,-27.186163]],[[31.644509,-27.186163],[31.643603,-27.184005]],[[31.643603,-27.184005],[31.645394,-27.181891]],[[31.645394,-27.181891],[31.641666,-27.180575]],[[31.641666,-27.180575],[31.642875,-27.179427]],[[31.642875,-27.179427],[31.641366,-27.178493]],[[31.641366,-27.178493],[31.641972,-27.177067]],[[31.641972,-27.177067],[31.638343,-27.171782]],[[31.638343,-27.171782],[31.63868,-27.162228]],[[31.63868,-27.162228],[31.64302,-27.156172]],[[31.64302,-27.156172],[31.642818,-27.151582]],[[31.642818,-27.151582],[31.643977,-27.14966]],[[31.643977,-27.14966],[31.641556,-27.146451],[31.641826,-27.135865],[31.643026,-27.133524],[31.652555,-27.13229]],[[31.652555,-27.13229],[31.658641,-27.128454]],[[31.658641,-27.128454],[31.660659,-27.128849]],[[31.660659,-27.128849],[31.663154,-27.133472]],[[31.663154,-27.133472],[31.665419,-27.133517]],[[31.665419,-27.133517],[31.665695,-27.132173],[31.660737,-27.124294]],[[31.660737,-27.124294],[31.653524,-27.12164]],[[31.653524,-27.12164],[31.645633,-27.11526]],[[31.645633,-27.11526],[31.638297,-27.096879]],[[31.638297,-27.096879],[31.637558,-27.091431]],[[31.637558,-27.091431],[31.631994,-27.081509]],[[31.631994,-27.081509],[31.631922,-27.077101]],[[31.631922,-27.077101],[31.633787,-27.073168]],[[31.633787,-27.073168],[31.628248,-27.048591]],[[31.628248,-27.048591],[31.629985,-27.046573]],[[31.629985,-27.046573],[31.631419,-27.038734]],[[31.631419,-27.038734],[31.645782,-27.022818]],[[31.645782,-27.022818],[31.61403,-27.01031]],[[31.61403,-27.01031],[31.5988,-26.978876]],[[31.5988,-26.978876],[31.602078,-26.978118]],[[31.602078,-26.978118],[31.602569,-26.976785]],[[31.602569,-26.976785],[31.601436,-26.968505]],[[31.601436,-26.968505],[31.602542,-26.964403]],[[31.602542,-26.964403],[31.604814,-26.962854]],[[31.604814,-26.962854],[31.611791,-26.961683]],[[31.611791,-26.961683],[31.608359,-26.958631]],[[31.608359,-26.958631],[31.608393,-26.955372]],[[31.608393,-26.955372],[31.612425,-26.953901]],[[31.612425,-26.953901],[31.615003,-26.951457]],[[31.615003,-26.951457],[31.614816,-26.950207]],[[31.614816,-26.950207],[31.611957,-26.950314]],[[31.611957,-26.950314],[31.60859,-26.948204]],[[31.60859,-26.948204],[31.603913,-26.949214]],[[31.603913,-26.949214],[31.598031,-26.94643]],[[31.598031,-26.94643],[31.594956,-26.946389]],[[31.594956,-26.946389],[31.59495,-26.94529]],[[31.59495,-26.94529],[31.592077,-26.944645]],[[31.592077,-26.944645],[31.592201,-26.943429]],[[31.592201,-26.943429],[31.588622,-26.941769]],[[31.588622,-26.941769],[31.58472,-26.937042]],[[31.58472,-26.937042],[31.585908,-26.93644]],[[31.585908,-26.93644],[31.585521,-26.933684]],[[31.585521,-26.933684],[31.575958,-26.930165]],[[31.575958,-26.930165],[31.576346,-26.92697]],[[31.576346,-26.92697],[31.574623,-26.926327]],[[31.574623,-26.926327],[31.574813,-26.923738]],[[31.574813,-26.923738],[31.572208,-26.92017]],[[31.572208,-26.92017],[31.573688,-26.917424]],[[31.573688,-26.917424],[31.573172,-26.912308]],[[31.573172,-26.912308],[31.576669,-26.907797]],[[31.576669,-26.907797],[31.575128,-26.904323]],[[31.575128,-26.904323],[31.57857,-26.899923]],[[31.57857,-26.899923],[31.578686,-26.897378]],[[31.578686,-26.897378],[31.570316,-26.896518]],[[31.570316,-26.896518],[31.566741,-26.893918]],[[31.566741,-26.893918],[31.560488,-26.893112]],[[31.560488,-26.893112],[31.556147,-26.889387]],[[31.556147,-26.889387],[31.538271,-26.896002]],[[31.538271,-26.896002],[31.533951,-26.891349]],[[31.533951,-26.891349],[31.53485,-26.887408]],[[31.53485,-26.887408],[31.538836,-26.885162]],[[31.538836,-26.885162],[31.540451,-26.880085]],[[31.540451,-26.880085],[31.543316,-26.878773]],[[31.543316,-26.878773],[31.546334,-26.873275]],[[31.546334,-26.873275],[31.543193,-26.868769]],[[31.543193,-26.868769],[31.542603,-26.864524]],[[31.542603,-26.864524],[31.538486,-26.859151]],[[31.538486,-26.859151],[31.539847,-26.85377]],[[31.539847,-26.85377],[31.542289,-26.850652]],[[31.542289,-26.850652],[31.549929,-26.848801]],[[31.549929,-26.848801],[31.551011,-26.84526]],[[31.551011,-26.84526],[31.554183,-26.842906]],[[31.554183,-26.842906],[31.552032,-26.840422]],[[31.552032,-26.840422],[31.552819,-26.837694]],[[31.552819,-26.837694],[31.551333,-26.836247]],[[31.551333,-26.836247],[31.551619,-26.833449],[31.545867,-26.830154]],[[31.472287,-25.754934],[31.414408,-25.717867],[31.437868,-25.75687]],[[31.437868,-25.75687],[31.431844,-25.757039]],[[31.431844,-25.757039],[31.429597,-25.751532]],[[31.429597,-25.751532],[31.418925,-25.757267]],[[31.418925,-25.757267],[31.415278,-25.755146]],[[31.415278,-25.755146],[31.410133,-25.756214]],[[31.410133,-25.756214],[31.359967,-25.756419]],[[31.359967,-25.756419],[31.361712,-25.760395]],[[31.361712,-25.760395],[31.365967,-25.763462]],[[31.365967,-25.763462],[31.368401,-25.763267]],[[31.368401,-25.763267],[31.37313,-25.767591]],[[31.37313,-25.767591],[31.376348,-25.76796]],[[31.376348,-25.76796],[31.377412,-25.773574],[31.379332,-25.774931]],[[31.379332,-25.774931],[31.383843,-25.774407]],[[31.383843,-25.774407],[31.385774,-25.777497]],[[31.385774,-25.777497],[31.373833,-25.781219]],[[31.373833,-25.781219],[31.369126,-25.788059]],[[31.369126,-25.788059],[31.366183,-25.790088]],[[31.366183,-25.790088],[31.360304,-25.791551]],[[31.360304,-25.791551],[31.356285,-25.794545]],[[31.356285,-25.794545],[31.355054,-25.798587]],[[31.355054,-25.798587],[31.352374,-25.801635]],[[31.352374,-25.801635],[31.351909,-25.806238],[31.349178,-25.802115]],[[31.349178,-25.802115],[31.343044,-25.798736]],[[31.343044,-25.798736],[31.337111,-25.799895]],[[31.337111,-25.799895],[31.333582,-25.79501]],[[31.333582,-25.79501],[31.331723,-25.794647],[31.333279,-25.796047]],[[31.333279,-25.796047],[31.33303,-25.799251]],[[31.33303,-25.799251],[31.334543,-25.800575]],[[31.334543,-25.800575],[31.335145,-25.8057]],[[31.335145,-25.8057],[31.342767,-25.811112]],[[31.342767,-25.811112],[31.34013,-25.812648],[31.336612,-25.813226],[31.331755,-25.811922],[31.324046,-25.815158]],[[31.324046,-25.815158],[31.319343,-25.813399]],[[31.319343,-25.813399],[31.313886,-25.814194],[31.307229,-25.822144]],[[31.307229,-25.822144],[31.298999,-25.824539],[31.292234,-25.821861],[31.290252,-25.816523],[31.28786,-25.816248],[31.284897,-25.81977],[31.277346,-25.820733],[31.273877,-25.823739],[31.271886,-25.828236],[31.267601,-25.828625],[31.264903,-25.835604]],[[31.264903,-25.835604],[31.325844,-25.873304]],[[31.325844,-25.873304],[31.32375,-25.876576]],[[31.32375,-25.876576],[31.326811,-25.87823]],[[31.326811,-25.87823],[31.329321,-25.90273]],[[31.329321,-25.90273],[31.331071,-25.896697]],[[31.331071,-25.896697],[31.334105,-25.894419]],[[31.334105,-25.894419],[31.337996,-25.884674]],[[31.337996,-25.884674],[31.33989,-25.88385]],[[31.33989,-25.88385],[31.343309,-25.877516]],[[31.343309,-25.877516],[31.344957,-25.871756]],[[31.344957,-25.871756],[31.34925,-25.866389]],[[31.34925,-25.866389],[31.35445,-25.869514]],[[31.35445,-25.869514],[31.351848,-25.87135]],[[31.351848,-25.87135],[31.351108,-25.875301]],[[31.351108,-25.875301],[31.358119,-25.880473]],[[31.358119,-25.880473],[31.356984,-25.881655]],[[31.356984,-25.881655],[31.360976,-25.883617],[31.36127,-25.885764]],[[31.36127,-25.885764],[31.364043,-25.888588],[31.362827,-25.891776],[31.361217,-25.892673]],[[31.361217,-25.892673],[31.365673,-25.895681]],[[31.365673,-25.895681],[31.368913,-25.894966]],[[31.368913,-25.894966],[31.371217,-25.896307]],[[31.371217,-25.896307],[31.39687,-25.889165]],[[31.39687,-25.889165],[31.396697,-25.887242]],[[31.396697,-25.887242],[31.392384,-25.88648]],[[31.392384,-25.88648],[31.391025,-25.883018]],[[31.391025,-25.883018],[31.385395,-25.880283]],[[31.385395,-25.880283],[31.381765,-25.87642]],[[31.381765,-25.87642],[31.380947,-25.873522]],[[31.380947,-25.873522],[31.374072,-25.868397]],[[31.374072,-25.868397],[31.373268,-25.865794]],[[31.373268,-25.865794],[31.37103,-25.864929]],[[31.37103,-25.864929],[31.368952,-25.861124]],[[31.368952,-25.861124],[31.366306,-25.859429]],[[31.366306,-25.859429],[31.366754,-25.855644]],[[31.366754,-25.855644],[31.365256,-25.854161]],[[31.365256,-25.854161],[31.367218,-25.852722]],[[31.367218,-25.852722],[31.367161,-25.850343]],[[31.367161,-25.850343],[31.369507,-25.849233]],[[31.369507,-25.849233],[31.375393,-25.856559]],[[31.375393,-25.856559],[31.38747,-25.857709]],[[31.38747,-25.857709],[31.387073,-25.852353]],[[31.387073,-25.852353],[31.388043,-25.850208]],[[31.388043,-25.850208],[31.386325,-25.849818]],[[31.386325,-25.849818],[31.38603,-25.847928]],[[31.38603,-25.847928],[31.388285,-25.847258]],[[31.388285,-25.847258],[31.39087,-25.848639]],[[31.39087,-25.848639],[31.39529,-25.844742]],[[31.39529,-25.844742],[31.399147,-25.845227]],[[31.399147,-25.845227],[31.397506,-25.840462]],[[31.397506,-25.840462],[31.390775,-25.83684]],[[31.390775,-25.83684],[31.390167,-25.834782]],[[31.390167,-25.834782],[31.391159,-25.832603]],[[31.391159,-25.832603],[31.394883,-25.831007]],[[31.394883,-25.831007],[31.397762,-25.820785]],[[31.397762,-25.820785],[31.429669,-25.844607]],[[31.429669,-25.844607],[31.450263,-25.820465],[31.450334,-25.818216],[31.453018,-25.816895],[31.452484,-25.823901],[31.451067,-25.822987]],[[31.451067,-25.822987],[31.448198,-25.827576]],[[31.448198,-25.827576],[31.447168,-25.826386],[31.444826,-25.831938]],[[31.444826,-25.831938],[31.452306,-25.838273]],[[31.452306,-25.838273],[31.453264,-25.837877]],[[31.453264,-25.837877],[31.452625,-25.842873]],[[31.452625,-25.842873],[31.455189,-25.848935]],[[31.455189,-25.848935],[31.456714,-25.849613]],[[31.456714,-25.849613],[31.456356,-25.854497]],[[31.456356,-25.854497],[31.458875,-25.856243]],[[31.458875,-25.856243],[31.45262,-25.861731]],[[31.45262,-25.861731],[31.457721,-25.865536]],[[31.457721,-25.865536],[31.458521,-25.871921]],[[31.458521,-25.871921],[31.450125,-25.874275]],[[31.450125,-25.874275],[31.448888,-25.883246]],[[31.448888,-25.883246],[31.450794,-25.886925]],[[31.450794,-25.886925],[31.455562,-25.888818]],[[31.455562,-25.888818],[31.461833,-25.886938]],[[31.461833,-25.886938],[31.464228,-25.888948]],[[31.464228,-25.888948],[31.467398,-25.888391]],[[31.467398,-25.888391],[31.469201,-25.885199]],[[31.469201,-25.885199],[31.472168,-25.889026]],[[31.472168,-25.889026],[31.473996,-25.888932]],[[31.473996,-25.888932],[31.47644,-25.89336]],[[31.47644,-25.89336],[31.474654,-25.895163]],[[31.474654,-25.895163],[31.474994,-25.896321]],[[31.474994,-25.896321],[31.481867,-25.898559]],[[31.481867,-25.898559],[31.483987,-25.900955]],[[31.483987,-25.900955],[31.477453,-25.901003]],[[31.477453,-25.901003],[31.473671,-25.904455]],[[31.473671,-25.904455],[31.46916,-25.905284]],[[31.46916,-25.905284],[31.467541,-25.911626]],[[31.467541,-25.911626],[31.460205,-25.907155]],[[31.460205,-25.907155],[31.455154,-25.909913]],[[31.455154,-25.909913],[31.451715,-25.907097]],[[31.451715,-25.907097],[31.450317,-25.90871]],[[31.450317,-25.90871],[31.447771,-25.908388]],[[31.447771,-25.908388],[31.439521,-25.919643]],[[31.439521,-25.919643],[31.44746,-25.924037]],[[31.44746,-25.924037],[31.453158,-25.921822]],[[31.453158,-25.921822],[31.459389,-25.922476]],[[31.459389,-25.922476],[31.459932,-25.918492]],[[31.459932,-25.918492],[31.463175,-25.920866]],[[31.463175,-25.920866],[31.462803,-25.925147]],[[31.462803,-25.925147],[31.457726,-25.932474],[31.458408,-25.942093]],[[31.458408,-25.942093],[31.460432,-25.943128]],[[31.460432,-25.943128],[31.46003,-25.945368]],[[31.46003,-25.945368],[31.461997,-25.946517],[31.462923,-25.94994],[31.461767,-25.953855]],[[31.461767,-25.953855],[31.463556,-25.956038]],[[31.463556,-25.956038],[31.462228,-25.957292],[31.458999,-25.958422]],[[31.458999,-25.958422],[31.450094,-25.951986]],[[31.450094,-25.951986],[31.441304,-25.951032]],[[31.441304,-25.951032],[31.436455,-25.948382]],[[31.436455,-25.948382],[31.435794,-25.945661]],[[31.435794,-25.945661],[31.431425,-25.9435]],[[31.431425,-25.9435],[31.423607,-25.928461]],[[31.423607,-25.928461],[31.41762,-25.952389]],[[31.41762,-25.952389],[31.419786,-25.952153]],[[31.419786,-25.952153],[31.423214,-25.95458]],[[31.423214,-25.95458],[31.423842,-25.957851]],[[31.423842,-25.957851],[31.427786,-25.959922]],[[31.427786,-25.959922],[31.425982,-25.962362]],[[31.425982,-25.962362],[31.427989,-25.969639]],[[31.427989,-25.969639],[31.420294,-25.978039]],[[31.420294,-25.978039],[31.421594,-25.980745]],[[31.421594,-25.980745],[31.420952,-25.984584]],[[31.420952,-25.984584],[31.419198,-25.986487]],[[31.419198,-25.986487],[31.426701,-25.996121]],[[31.426701,-25.996121],[31.418224,-26.001542]],[[31.418224,-26.001542],[31.415882,-26.009857]],[[31.415882,-26.009857],[31.421408,-26.016217]],[[31.421408,-26.016217],[31.421403,-26.017739]],[[31.421403,-26.017739],[31.423332,-26.017065]],[[31.423332,-26.017065],[31.433675,-26.02527]],[[31.433675,-26.02527],[31.429469,-26.030534]],[[31.429469,-26.030534],[31.430376,-26.032603],[31.465909,-26.031332],[31.465808,-26.033803],[31.451684,-26.051025]],[[31.451684,-26.051025],[31.45129,-26.055381],[31.453424,-26.065888]],[[31.453424,-26.065888],[31.469046,-26.080991]],[[31.469046,-26.080991],[31.477502,-26.085283]],[[31.477502,-26.085283],[31.494454,-26.036989]],[[31.494454,-26.036989],[31.450855,-26.009029]],[[31.450855,-26.009029],[31.452517,-26.007456]],[[31.452517,-26.007456],[31.450097,-26.007091],[31.449243,-26.005662],[31.463939,-25.986437]],[[31.463939,-25.986437],[31.475242,-25.993726]],[[31.475242,-25.993726],[31.475941,-25.982155]],[[31.475941,-25.982155],[31.473503,-25.97618]],[[31.473503,-25.97618],[31.471482,-25.95904]],[[31.471482,-25.95904],[31.484818,-25.938804]],[[31.484818,-25.938804],[31.495207,-25.936092]],[[31.495207,-25.936092],[31.499005,-25.941318]],[[31.499005,-25.941318],[31.503312,-25.941993]],[[31.503312,-25.941993],[31.504681,-25.941148]],[[31.504681,-25.941148],[31.506718,-25.934969]],[[31.506718,-25.934969],[31.508934,-25.9346]],[[31.508934,-25.9346],[31.510402,-25.904534]],[[31.510402,-25.904534],[31.508552,-25.883005]],[[31.508552,-25.883005],[31.504821,-25.873624]],[[31.504821,-25.873624],[31.501805,-25.869675]],[[31.501805,-25.869675],[31.533002,-25.85898]],[[31.533002,-25.85898],[31.538739,-25.870066]],[[31.538739,-25.870066],[31.538255,-25.872586]],[[31.538255,-25.872586],[31.542381,-25.875423]],[[31.542381,-25.875423],[31.546357,-25.876164]],[[31.546357,-25.876164],[31.551749,-25.883124]],[[31.551749,-25.883124],[31.559969,-25.885967]],[[31.559969,-25.885967],[31.567421,-25.882456]],[[31.567421,-25.882456],[31.575379,-25.882658]],[[31.575379,-25.882658],[31.581117,-25.875905]],[[31.581117,-25.875905],[31.585568,-25.876752]],[[31.585568,-25.876752],[31.588848,-25.878887]],[[31.588848,-25.878887],[31.586663,-25.871856]],[[31.586663,-25.871856],[31.587132,-25.869477]],[[31.587132,-25.869477],[31.594305,-25.871427]],[[31.594305,-25.871427],[31.601783,-25.869127]],[[31.601783,-25.869127],[31.603899,-25.8634]],[[31.603899,-25.8634],[31.602131,-25.862246]],[[31.602131,-25.862246],[31.602027,-25.860583]],[[31.602027,-25.860583],[31.59855,-25.858535]],[[31.59855,-25.858535],[31.599294,-25.850423]],[[31.599294,-25.850423],[31.596248,-25.84645],[31.59689,-25.84461],[31.60039,-25.84373],[31.601338,-25.841837]],[[31.601338,-25.841837],[31.60553,-25.845268],[31.608308,-25.845568]],[[31.608308,-25.845568],[31.614195,-25.872991]],[[31.614195,-25.872991],[31.613906,-25.876458]],[[31.613906,-25.876458],[31.611584,-25.879275]],[[31.611584,-25.879275],[31.61651,-25.882648]],[[31.61651,-25.882648],[31.616814,-25.885324]],[[31.616814,-25.885324],[31.62027,-25.885841]],[[31.62027,-25.885841],[31.622149,-25.883843]],[[31.622149,-25.883843],[31.621021,-25.891144],[31.625278,-25.888035]],[[31.625278,-25.888035],[31.632322,-25.878313]],[[31.632322,-25.878313],[31.642108,-25.874061]],[[31.642108,-25.874061],[31.637686,-25.873621]],[[31.637686,-25.873621],[31.631145,-25.86901]],[[31.631145,-25.86901],[31.635327,-25.863909]],[[31.635327,-25.863909],[31.633498,-25.857686]],[[31.633498,-25.857686],[31.633995,-25.855458]],[[31.633995,-25.855458],[31.472287,-25.754934]],[[31.432005,-25.966031],[31.432021,-25.966124],[31.432014,-25.966484],[31.432005,-25.966031]],[[31.291464,-26.489144],[31.288099,-26.48995],[31.284355,-26.49892]],[[31.284355,-26.49892],[31.278501,-26.502063]],[[31.278501,-26.502063],[31.281268,-26.503888]],[[31.281268,-26.503888],[31.267065,-26.511431]],[[31.267065,-26.511431],[31.268076,-26.519121]],[[31.268076,-26.519121],[31.264918,-26.5204]],[[31.264918,-26.5204],[31.272079,-26.533878]],[[31.272079,-26.533878],[31.270087,-26.539982]],[[31.270087,-26.539982],[31.270329,-26.544916]],[[31.270329,-26.544916],[31.280587,-26.555523]],[[31.280587,-26.555523],[31.281636,-26.559766]],[[31.281636,-26.559766],[31.285967,-26.56508]],[[31.285967,-26.56508],[31.285976,-26.573889]],[[31.285976,-26.573889],[31.289193,-26.579735]],[[31.289193,-26.579735],[31.288521,-26.584037],[31.290444,-26.588323],[31.296225,-26.588975],[31.30177,-26.587446],[31.311554,-26.589998]],[[31.311554,-26.589998],[31.313418,-26.595353]],[[31.313418,-26.595353],[31.311882,-26.597481]],[[31.311882,-26.597481],[31.311788,-26.600675]],[[31.311788,-26.600675],[31.313274,-26.601728]],[[31.313274,-26.601728],[31.314371,-26.605698]],[[31.314371,-26.605698],[31.314221,-26.609737]],[[31.314221,-26.609737],[31.312061,-26.611325]],[[31.312061,-26.611325],[31.313692,-26.61505]],[[31.313692,-26.61505],[31.311904,-26.620238],[31.314114,-26.624993],[31.320466,-26.631382],[31.326342,-26.635102]],[[31.326342,-26.635102],[31.335492,-26.634432]],[[31.335492,-26.634432],[31.339883,-26.636531],[31.34165,-26.638348],[31.34193,-26.641856],[31.339213,-26.641331],[31.337107,-26.638134],[31.333744,-26.637699],[31.328459,-26.638688],[31.327142,-26.641153],[31.323827,-26.640923],[31.322885,-26.638987]],[[31.322885,-26.638987],[31.320428,-26.639332]],[[31.320428,-26.639332],[31.310827,-26.63585],[31.306899,-26.633022],[31.305953,-26.631772],[31.306866,-26.630183]],[[31.306866,-26.630183],[31.305014,-26.627165]],[[31.305014,-26.627165],[31.306244,-26.626432]],[[31.306244,-26.626432],[31.305992,-26.624872],[31.30383,-26.620664]],[[31.30383,-26.620664],[31.302197,-26.620138]],[[31.302197,-26.620138],[31.301299,-26.61507]],[[31.301299,-26.61507],[31.297493,-26.612805]],[[31.297493,-26.612805],[31.292817,-26.606748],[31.29374,-26.603311],[31.291285,-26.600726],[31.281602,-26.598808],[31.273985,-26.604146],[31.271727,-26.604412]],[[31.271727,-26.604412],[31.271447,-26.606099]],[[31.271447,-26.606099],[31.269194,-26.607536],[31.266004,-26.606396]],[[31.266004,-26.606396],[31.270986,-26.61337]],[[31.270986,-26.61337],[31.269138,-26.617851]],[[31.269138,-26.617851],[31.272709,-26.61747]],[[31.272709,-26.61747],[31.268473,-26.623786],[31.276407,-26.643507]],[[31.276407,-26.643507],[31.277978,-26.654457]],[[31.277978,-26.654457],[31.277572,-26.657197]],[[31.277572,-26.657197],[31.273408,-26.66088],[31.274248,-26.663568]],[[31.274248,-26.663568],[31.272046,-26.667915],[31.273598,-26.67082],[31.272772,-26.673868],[31.273716,-26.676839]],[[31.273716,-26.676839],[31.281973,-26.674748]],[[31.281973,-26.674748],[31.279765,-26.681722]],[[31.279765,-26.681722],[31.280871,-26.684731]],[[31.280871,-26.684731],[31.280371,-26.688774]],[[31.280371,-26.688774],[31.289877,-26.690867]],[[31.289877,-26.690867],[31.290858,-26.694851]],[[31.290858,-26.694851],[31.29314,-26.696425]],[[31.29314,-26.696425],[31.293165,-26.69965]],[[31.293165,-26.69965],[31.283058,-26.699247]],[[31.283058,-26.699247],[31.269409,-26.722382]],[[31.269409,-26.722382],[31.283716,-26.731806]],[[31.283716,-26.731806],[31.290051,-26.732616]],[[31.290051,-26.732616],[31.290531,-26.741036]],[[31.290531,-26.741036],[31.281008,-26.748267]],[[31.281008,-26.748267],[31.27961,-26.751987]],[[31.27961,-26.751987],[31.285067,-26.752022]],[[31.285067,-26.752022],[31.288879,-26.746591]],[[31.288879,-26.746591],[31.296546,-26.744912]],[[31.296546,-26.744912],[31.305391,-26.739204]],[[31.305391,-26.739204],[31.308387,-26.742418]],[[31.308387,-26.742418],[31.30632,-26.746028]],[[31.30632,-26.746028],[31.306674,-26.750705]],[[31.306674,-26.750705],[31.310334,-26.750522]],[[31.310334,-26.750522],[31.31957,-26.755491]],[[31.31957,-26.755491],[31.32119,-26.758669]],[[31.32119,-26.758669],[31.324201,-26.759849]],[[31.324201,-26.759849],[31.326548,-26.754229]],[[31.326548,-26.754229],[31.326109,-26.752439]],[[31.326109,-26.752439],[31.323955,-26.751268]],[[31.323955,-26.751268],[31.324414,-26.741658]],[[31.324414,-26.741658],[31.323079,-26.735157]],[[31.323079,-26.735157],[31.324666,-26.729354]],[[31.324666,-26.729354],[31.338776,-26.733427]],[[31.338776,-26.733427],[31.361284,-26.76255]],[[31.361284,-26.76255],[31.354936,-26.762857]],[[31.354936,-26.762857],[31.351932,-26.766341]],[[31.351932,-26.766341],[31.355656,-26.770286]],[[31.355656,-26.770286],[31.357286,-26.774157]],[[31.357286,-26.774157],[31.357342,-26.779766]],[[31.357342,-26.779766],[31.355681,-26.784256]],[[31.355681,-26.784256],[31.356069,-26.791567],[31.345242,-26.787002]],[[31.345242,-26.787002],[31.334515,-26.793736]],[[31.334515,-26.793736],[31.335971,-26.794935]],[[31.335971,-26.794935],[31.340968,-26.794251]],[[31.340968,-26.794251],[31.340725,-26.796639]],[[31.340725,-26.796639],[31.332986,-26.799439]],[[31.332986,-26.799439],[31.321361,-26.807035],[31.318187,-26.806948]],[[31.318187,-26.806948],[31.310344,-26.803459],[31.306562,-26.803482],[31.304789,-26.806293]],[[31.304789,-26.806293],[31.297096,-26.805128],[31.285277,-26.812911]],[[31.285277,-26.812911],[31.277761,-26.814345]],[[31.277761,-26.814345],[31.275681,-26.824853]],[[31.275681,-26.824853],[31.27942,-26.833632]],[[31.27942,-26.833632],[31.278019,-26.835465]],[[31.278019,-26.835465],[31.273714,-26.836572]],[[31.273714,-26.836572],[31.267864,-26.836054]],[[31.267864,-26.836054],[31.263283,-26.839852]],[[31.263283,-26.839852],[31.290072,-26.860658]],[[31.290072,-26.860658],[31.289712,-26.866056]],[[31.289712,-26.866056],[31.284169,-26.875638]],[[31.284169,-26.875638],[31.284076,-26.877764]],[[31.284076,-26.877764],[31.294257,-26.882202]],[[31.294257,-26.882202],[31.295953,-26.88484],[31.293705,-26.886782]],[[31.293705,-26.886782],[31.283057,-26.886418]],[[31.283057,-26.886418],[31.278562,-26.891054]],[[31.278562,-26.891054],[31.272854,-26.891965],[31.267898,-26.89724]],[[31.267898,-26.89724],[31.263535,-26.898786],[31.261584,-26.901861],[31.27064,-26.909829]],[[31.27064,-26.909829],[31.275783,-26.909112]],[[31.275783,-26.909112],[31.302387,-26.918281]],[[31.302387,-26.918281],[31.318554,-26.92201]],[[31.318554,-26.92201],[31.328724,-26.919542]],[[31.328724,-26.919542],[31.3328,-26.913197]],[[31.3328,-26.913197],[31.330515,-26.907963]],[[31.330515,-26.907963],[31.33634,-26.901757]],[[31.33634,-26.901757],[31.338301,-26.897095],[31.334461,-26.891279]],[[31.334461,-26.891279],[31.334766,-26.887082]],[[31.334766,-26.887082],[31.33103,-26.883221]],[[31.33103,-26.883221],[31.330515,-26.878292]],[[31.330515,-26.878292],[31.326458,-26.873332]],[[31.326458,-26.873332],[31.327067,-26.864123]],[[31.327067,-26.864123],[31.325298,-26.856268]],[[31.325298,-26.856268],[31.317092,-26.839252]],[[31.317092,-26.839252],[31.319416,-26.833626]],[[31.319416,-26.833626],[31.318722,-26.832086]],[[31.318722,-26.832086],[31.320756,-26.830532]],[[31.320756,-26.830532],[31.320557,-26.827372]],[[31.320557,-26.827372],[31.321917,-26.827422]],[[31.321917,-26.827422],[31.321659,-26.82514]],[[31.321659,-26.82514],[31.36023,-26.832353]],[[31.36023,-26.832353],[31.361114,-26.831185]],[[31.361114,-26.831185],[31.359601,-26.829606]],[[31.359601,-26.829606],[31.360401,-26.827799]],[[31.360401,-26.827799],[31.356853,-26.822015]],[[31.356853,-26.822015],[31.35062,-26.804803]],[[31.35062,-26.804803],[31.348067,-26.801931]],[[31.348067,-26.801931],[31.347911,-26.798958]],[[31.347911,-26.798958],[31.383246,-26.798876]],[[31.383246,-26.798876],[31.390731,-26.778342]],[[31.390731,-26.778342],[31.438752,-26.752701]],[[31.438752,-26.752701],[31.457617,-26.757235]],[[31.457617,-26.757235],[31.480961,-26.768448]],[[31.480961,-26.768448],[31.479421,-26.761127]],[[31.479421,-26.761127],[31.482134,-26.757121]],[[31.482134,-26.757121],[31.479429,-26.752976]],[[31.479429,-26.752976],[31.480545,-26.748818]],[[31.480545,-26.748818],[31.479774,-26.743504]],[[31.479774,-26.743504],[31.480804,-26.740749]],[[31.480804,-26.740749],[31.487299,-26.735505],[31.484329,-26.727431]],[[31.484329,-26.727431],[31.478878,-26.724659]],[[31.478878,-26.724659],[31.476127,-26.719533]],[[31.476127,-26.719533],[31.471343,-26.717477],[31.471389,-26.71215]],[[31.471389,-26.71215],[31.468411,-26.707713]],[[31.468411,-26.707713],[31.468714,-26.702373]],[[31.468714,-26.702373],[31.46172,-26.69977]],[[31.46172,-26.69977],[31.463017,-26.697611]],[[31.463017,-26.697611],[31.462204,-26.691103],[31.458532,-26.69059],[31.446231,-26.69305]],[[31.446231,-26.69305],[31.438129,-26.690731]],[[31.438129,-26.690731],[31.436032,-26.697884]],[[31.436032,-26.697884],[31.424913,-26.700675]],[[31.424913,-26.700675],[31.409825,-26.708645]],[[31.409825,-26.708645],[31.406836,-26.713722]],[[31.406836,-26.713722],[31.408532,-26.72142]],[[31.408532,-26.72142],[31.391948,-26.728114]],[[31.391948,-26.728114],[31.390867,-26.73265]],[[31.390867,-26.73265],[31.395507,-26.736939]],[[31.395507,-26.736939],[31.39385,-26.73839]],[[31.39385,-26.73839],[31.39078,-26.7379]],[[31.39078,-26.7379],[31.388995,-26.739066]],[[31.388995,-26.739066],[31.370088,-26.696416]],[[31.370088,-26.696416],[31.378927,-26.694197]],[[31.378927,-26.694197],[31.384501,-26.694739],[31.387629,-26.687877]],[[31.387629,-26.687877],[31.397314,-26.686057],[31.396165,-26.67951]],[[31.396165,-26.67951],[31.391963,-26.681759]],[[31.391963,-26.681759],[31.382966,-26.678803],[31.381316,-26.677468],[31.38108,-26.673807]],[[31.38108,-26.673807],[31.376916,-26.667577]],[[31.376916,-26.667577],[31.371628,-26.664067],[31.371398,-26.662028]],[[31.371398,-26.662028],[31.375077,-26.656544]],[[31.375077,-26.656544],[31.374475,-26.651434]],[[31.374475,-26.651434],[31.36846,-26.643809]],[[31.36846,-26.643809],[31.367229,-26.634188]],[[31.367229,-26.634188],[31.361014,-26.62992],[31.360295,-26.628035],[31.361729,-26.62487],[31.376052,-26.617592],[31.375199,-26.610601]],[[31.375199,-26.610601],[31.378973,-26.606775],[31.376526,-26.59996]],[[31.376526,-26.59996],[31.370071,-26.598294]],[[31.370071,-26.598294],[31.367021,-26.599227]],[[31.367021,-26.599227],[31.363338,-26.597269],[31.364152,-26.59104]],[[31.364152,-26.59104],[31.361857,-26.588583],[31.362019,-26.587034],[31.364148,-26.586384]],[[31.364148,-26.586384],[31.36395,-26.583585],[31.369728,-26.583634]],[[31.369728,-26.583634],[31.372573,-26.580399]],[[31.372573,-26.580399],[31.37562,-26.579986]],[[31.37562,-26.579986],[31.375598,-26.576986]],[[31.375598,-26.576986],[31.379932,-26.571377],[31.374175,-26.567045]],[[31.374175,-26.567045],[31.37587,-26.565464]],[[31.37587,-26.565464],[31.374621,-26.560769]],[[31.374621,-26.560769],[31.375879,-26.558516]],[[31.375879,-26.558516],[31.374158,-26.554638]],[[31.374158,-26.554638],[31.372544,-26.554125],[31.373085,-26.550761],[31.364077,-26.543311],[31.3637,-26.535148],[31.359126,-26.527655],[31.355114,-26.514439],[31.350972,-26.511552],[31.347771,-26.503371]],[[31.347771,-26.503371],[31.322685,-26.510161],[31.325226,-26.51941]],[[31.325226,-26.51941],[31.341923,-26.525902]],[[31.341923,-26.525902],[31.356554,-26.534835]],[[31.356554,-26.534835],[31.343396,-26.538385]],[[31.343396,-26.538385],[31.338315,-26.548828]],[[31.338315,-26.548828],[31.328095,-26.552014],[31.327394,-26.556699]],[[31.327394,-26.556699],[31.329272,-26.559938]],[[31.329272,-26.559938],[31.329824,-26.565051]],[[31.329824,-26.565051],[31.316936,-26.564614]],[[31.316936,-26.564614],[31.315313,-26.558501]],[[31.315313,-26.558501],[31.308095,-26.556925]],[[31.308095,-26.556925],[31.308841,-26.550824]],[[31.308841,-26.550824],[31.307119,-26.547927]],[[31.307119,-26.547927],[31.30097,-26.548127]],[[31.30097,-26.548127],[31.300261,-26.549789]],[[31.300261,-26.549789],[31.301386,-26.552482]],[[31.301386,-26.552482],[31.299335,-26.55386],[31.29345,-26.552987],[31.289765,-26.547132],[31.288864,-26.539557],[31.289147,-26.532319],[31.291602,-26.529171],[31.285029,-26.518235],[31.281994,-26.51742],[31.280338,-26.51466],[31.289524,-26.502949],[31.296052,-26.499181],[31.298596,-26.49964],[31.300247,-26.497658],[31.302674,-26.497269],[31.302427,-26.49525],[31.299162,-26.493475],[31.296587,-26.48954],[31.291464,-26.489144]],[[31.530738,-26.13736],[31.527751,-26.134982]],[[31.527751,-26.134982],[31.525289,-26.134656]],[[31.525289,-26.134656],[31.516532,-26.136196]],[[31.516532,-26.136196],[31.467057,-26.153473]],[[31.467057,-26.153473],[31.464592,-26.139558]],[[31.464592,-26.139558],[31.440914,-26.142617]],[[31.440914,-26.142617],[31.442136,-26.266639]],[[31.442136,-26.266639],[31.443259,-26.266975]],[[31.443259,-26.266975],[31.440132,-26.270335]],[[31.440132,-26.270335],[31.437536,-26.268546]],[[31.437536,-26.268546],[31.435907,-26.268999]],[[31.435907,-26.268999],[31.43503,-26.275389]],[[31.43503,-26.275389],[31.432406,-26.280508]],[[31.432406,-26.280508],[31.423114,-26.2841]],[[31.423114,-26.2841],[31.420188,-26.287399]],[[31.420188,-26.287399],[31.430976,-26.298031]],[[31.430976,-26.298031],[31.443882,-26.304413]],[[31.443882,-26.304413],[31.448146,-26.313886]],[[31.448146,-26.313886],[31.453297,-26.319708]],[[31.453297,-26.319708],[31.456651,-26.321481]],[[31.456651,-26.321481],[31.461372,-26.327627]],[[31.461372,-26.327627],[31.465806,-26.338624],[31.464436,-26.34817]],[[31.464436,-26.34817],[31.464447,-26.345338]],[[31.464447,-26.345338],[31.462223,-26.344514]],[[31.462223,-26.344514],[31.461303,-26.340584]],[[31.461303,-26.340584],[31.45927,-26.341149]],[[31.45927,-26.341149],[31.45587,-26.337856]],[[31.45587,-26.337856],[31.442779,-26.337219]],[[31.442779,-26.337219],[31.440372,-26.339508]],[[31.440372,-26.339508],[31.438819,-26.338496]],[[31.438819,-26.338496],[31.438994,-26.341471]],[[31.438994,-26.341471],[31.434077,-26.342136]],[[31.434077,-26.342136],[31.431076,-26.339451]],[[31.431076,-26.339451],[31.426145,-26.339546]],[[31.426145,-26.339546],[31.426224,-26.342637]],[[31.426224,-26.342637],[31.428712,-26.345642]],[[31.428712,-26.345642],[31.427613,-26.351094]],[[31.427613,-26.351094],[31.429237,-26.352751]],[[31.429237,-26.352751],[31.428706,-26.355131]],[[31.428706,-26.355131],[31.433831,-26.359335]],[[31.433831,-26.359335],[31.433799,-26.362881]],[[31.433799,-26.362881],[31.437887,-26.363018]],[[31.437887,-26.363018],[31.435842,-26.364923]],[[31.435842,-26.364923],[31.435739,-26.367257]],[[31.435739,-26.367257],[31.439747,-26.370386]],[[31.439747,-26.370386],[31.442883,-26.370747]],[[31.442883,-26.370747],[31.445955,-26.378623]],[[31.445955,-26.378623],[31.449536,-26.378216]],[[31.449536,-26.378216],[31.450386,-26.379583]],[[31.450386,-26.379583],[31.448156,-26.388449]],[[31.448156,-26.388449],[31.446093,-26.38806]],[[31.446093,-26.38806],[31.444207,-26.390106]],[[31.444207,-26.390106],[31.444254,-26.393454]],[[31.444254,-26.393454],[31.445851,-26.395672]],[[31.445851,-26.395672],[31.443736,-26.398714]],[[31.443736,-26.398714],[31.438876,-26.401688]],[[31.438876,-26.401688],[31.423188,-26.403262]],[[31.423188,-26.403262],[31.421114,-26.415584]],[[31.421114,-26.415584],[31.422614,-26.417381]],[[31.422614,-26.417381],[31.427233,-26.417901]],[[31.427233,-26.417901],[31.428099,-26.410726]],[[31.428099,-26.410726],[31.423668,-26.408707]],[[31.423668,-26.408707],[31.427712,-26.407329]],[[31.427712,-26.407329],[31.433114,-26.410379]],[[31.433114,-26.410379],[31.439633,-26.411374]],[[31.439633,-26.411374],[31.440537,-26.414278]],[[31.440537,-26.414278],[31.443308,-26.416826]],[[31.443308,-26.416826],[31.444872,-26.416913]],[[31.444872,-26.416913],[31.444732,-26.414834]],[[31.444732,-26.414834],[31.447981,-26.416812]],[[31.447981,-26.416812],[31.448178,-26.418143]],[[31.448178,-26.418143],[31.450098,-26.417611]],[[31.450098,-26.417611],[31.451112,-26.419255]],[[31.451112,-26.419255],[31.453648,-26.419]],[[31.453648,-26.419],[31.45339,-26.421157]],[[31.45339,-26.421157],[31.455497,-26.420818]],[[31.455497,-26.420818],[31.456106,-26.423071]],[[31.456106,-26.423071],[31.446402,-26.426897]],[[31.446402,-26.426897],[31.442925,-26.434127]],[[31.442925,-26.434127],[31.437669,-26.439552]],[[31.437669,-26.439552],[31.435812,-26.438911]],[[31.435812,-26.438911],[31.431768,-26.440358]],[[31.431768,-26.440358],[31.429179,-26.442659]],[[31.429179,-26.442659],[31.436022,-26.459922]],[[31.436022,-26.459922],[31.439414,-26.458991],[31.441773,-26.463317],[31.443385,-26.463271],[31.442762,-26.461386],[31.444185,-26.460224],[31.444176,-26.458203]],[[31.444176,-26.458203],[31.445502,-26.457249]],[[31.445502,-26.457249],[31.445797,-26.458557]],[[31.445797,-26.458557],[31.446883,-26.45814]],[[31.446883,-26.45814],[31.451316,-26.449661],[31.452539,-26.453344],[31.451514,-26.454366]],[[31.451514,-26.454366],[31.452052,-26.464818]],[[31.452052,-26.464818],[31.449526,-26.467794]],[[31.449526,-26.467794],[31.453164,-26.473435]],[[31.453164,-26.473435],[31.45908,-26.47563]],[[31.45908,-26.47563],[31.459129,-26.483241]],[[31.459129,-26.483241],[31.453908,-26.487661]],[[31.453908,-26.487661],[31.454337,-26.489379]],[[31.454337,-26.489379],[31.459312,-26.492771]],[[31.459312,-26.492771],[31.46124,-26.495643]],[[31.46124,-26.495643],[31.466149,-26.496085]],[[31.466149,-26.496085],[31.475894,-26.499575]],[[31.475894,-26.499575],[31.489869,-26.50664]],[[31.489869,-26.50664],[31.492686,-26.511184]],[[31.492686,-26.511184],[31.492113,-26.519459]],[[31.492113,-26.519459],[31.500254,-26.525054]],[[31.500254,-26.525054],[31.49951,-26.528409]],[[31.49951,-26.528409],[31.496152,-26.531651]],[[31.496152,-26.531651],[31.491824,-26.532819]],[[31.491824,-26.532819],[31.488612,-26.538927]],[[31.488612,-26.538927],[31.488504,-26.549521]],[[31.488504,-26.549521],[31.459102,-26.537412],[31.457418,-26.543733]],[[31.457418,-26.543733],[31.459628,-26.547933]],[[31.459628,-26.547933],[31.460672,-26.554794]],[[31.460672,-26.554794],[31.4652,-26.561508]],[[31.4652,-26.561508],[31.463789,-26.563319]],[[31.463789,-26.563319],[31.464157,-26.56732]],[[31.464157,-26.56732],[31.461603,-26.571737]],[[31.461603,-26.571737],[31.46062,-26.577452]],[[31.46062,-26.577452],[31.463414,-26.579276]],[[31.463414,-26.579276],[31.464883,-26.582157]],[[31.464883,-26.582157],[31.465692,-26.587916]],[[31.465692,-26.587916],[31.454018,-26.596068]],[[31.454018,-26.596068],[31.445415,-26.598784]],[[31.445415,-26.598784],[31.444354,-26.603436],[31.44856,-26.604734]],[[31.44856,-26.604734],[31.448804,-26.607713]],[[31.448804,-26.607713],[31.500376,-26.616357]],[[31.500376,-26.616357],[31.500015,-26.62098]],[[31.500015,-26.62098],[31.504066,-26.625134]],[[31.504066,-26.625134],[31.500885,-26.628188]],[[31.500885,-26.628188],[31.500842,-26.631332]],[[31.500842,-26.631332],[31.50646,-26.636629]],[[31.50646,-26.636629],[31.505985,-26.642238]],[[31.505985,-26.642238],[31.509523,-26.647553]],[[31.509523,-26.647553],[31.504386,-26.653057]],[[31.504386,-26.653057],[31.50551,-26.654864]],[[31.50551,-26.654864],[31.50445,-26.659301]],[[31.50445,-26.659301],[31.50622,-26.660344]],[[31.50622,-26.660344],[31.509566,-26.65925]],[[31.509566,-26.65925],[31.510528,-26.660403]],[[31.510528,-26.660403],[31.508333,-26.662987]],[[31.508333,-26.662987],[31.510041,-26.665745]],[[31.510041,-26.665745],[31.509972,-26.669567]],[[31.509972,-26.669567],[31.514275,-26.669051],[31.524735,-26.673361],[31.52897,-26.671393]],[[31.52897,-26.671393],[31.536906,-26.660685]],[[31.536906,-26.660685],[31.535165,-26.656663]],[[31.535165,-26.656663],[31.536622,-26.654809]],[[31.536622,-26.654809],[31.537101,-26.652147]],[[31.537101,-26.652147],[31.535933,-26.651798]],[[31.535933,-26.651798],[31.53759,-26.650467]],[[31.53759,-26.650467],[31.536685,-26.648608]],[[31.536685,-26.648608],[31.538491,-26.645457]],[[31.538491,-26.645457],[31.538219,-26.643508]],[[31.538219,-26.643508],[31.544623,-26.638236]],[[31.544623,-26.638236],[31.546694,-26.633665]],[[31.546694,-26.633665],[31.551395,-26.629439]],[[31.551395,-26.629439],[31.551035,-26.627098],[31.549105,-26.624631],[31.547137,-26.617288]],[[31.547137,-26.617288],[31.541414,-26.614695]],[[31.541414,-26.614695],[31.538458,-26.60789]],[[31.538458,-26.60789],[31.53626,-26.608473]],[[31.53626,-26.608473],[31.530626,-26.606993]],[[31.530626,-26.606993],[31.524235,-26.613023]],[[31.524235,-26.613023],[31.518008,-26.616682],[31.516074,-26.616847],[31.50832,-26.61316]],[[31.50832,-26.61316],[31.501574,-26.613263]],[[31.501574,-26.613263],[31.501883,-26.609079],[31.505546,-26.607447]],[[31.505546,-26.607447],[31.5066,-26.605535]],[[31.5066,-26.605535],[31.506216,-26.59947],[31.508505,-26.596274],[31.507484,-26.592843]],[[31.507484,-26.592843],[31.508171,-26.590456],[31.526476,-26.587993]],[[31.526476,-26.587993],[31.529875,-26.589055]],[[31.529875,-26.589055],[31.536972,-26.58845]],[[31.536972,-26.58845],[31.538179,-26.587884]],[[31.538179,-26.587884],[31.53964,-26.58339]],[[31.53964,-26.58339],[31.539469,-26.580164]],[[31.539469,-26.580164],[31.538176,-26.578977]],[[31.538176,-26.578977],[31.545574,-26.576319]],[[31.545574,-26.576319],[31.546773,-26.574175]],[[31.546773,-26.574175],[31.552807,-26.571872]],[[31.552807,-26.571872],[31.554121,-26.569447]],[[31.554121,-26.569447],[31.557971,-26.567512]],[[31.557971,-26.567512],[31.558853,-26.565868]],[[31.558853,-26.565868],[31.55745,-26.560871]],[[31.55745,-26.560871],[31.556808,-26.543207],[31.555423,-26.541693],[31.556309,-26.53595],[31.559889,-26.535479]],[[31.559889,-26.535479],[31.566732,-26.529417]],[[31.566732,-26.529417],[31.567572,-26.529986]],[[31.567572,-26.529986],[31.567868,-26.528388]],[[31.567868,-26.528388],[31.572361,-26.526377]],[[31.572361,-26.526377],[31.571785,-26.525649]],[[31.571785,-26.525649],[31.578566,-26.523221]],[[31.578566,-26.523221],[31.586088,-26.52275]],[[31.586088,-26.52275],[31.587368,-26.519808]],[[31.587368,-26.519808],[31.588349,-26.520413]],[[31.588349,-26.520413],[31.58994,-26.51866]],[[31.58994,-26.51866],[31.594972,-26.519521]],[[31.594972,-26.519521],[31.598047,-26.518172]],[[31.598047,-26.518172],[31.60614,-26.520131]],[[31.60614,-26.520131],[31.610062,-26.517565]],[[31.610062,-26.517565],[31.608524,-26.514506]],[[31.608524,-26.514506],[31.609531,-26.511526]],[[31.609531,-26.511526],[31.607454,-26.505818]],[[31.607454,-26.505818],[31.604073,-26.502622]],[[31.604073,-26.502622],[31.60307,-26.497629]],[[31.60307,-26.497629],[31.607164,-26.487399]],[[31.607164,-26.487399],[31.602991,-26.482784]],[[31.602991,-26.482784],[31.60042,-26.484191]],[[31.60042,-26.484191],[31.598263,-26.481413]],[[31.598263,-26.481413],[31.596775,-26.481728]],[[31.596775,-26.481728],[31.594052,-26.476575]],[[31.594052,-26.476575],[31.59068,-26.473523]],[[31.59068,-26.473523],[31.590629,-26.478312]],[[31.590629,-26.478312],[31.589252,-26.479578]],[[31.589252,-26.479578],[31.582885,-26.478353]],[[31.582885,-26.478353],[31.57914,-26.47231]],[[31.57914,-26.47231],[31.570734,-26.470058]],[[31.570734,-26.470058],[31.568758,-26.470575]],[[31.568758,-26.470575],[31.565927,-26.467553]],[[31.565927,-26.467553],[31.554334,-26.46981]],[[31.554334,-26.46981],[31.54916,-26.467809]],[[31.54916,-26.467809],[31.542271,-26.469402],[31.540964,-26.468703],[31.540601,-26.465497],[31.538575,-26.464351]],[[31.538575,-26.464351],[31.53858,-26.460849]],[[31.53858,-26.460849],[31.544253,-26.456486]],[[31.544253,-26.456486],[31.540145,-26.451553]],[[31.540145,-26.451553],[31.534442,-26.44954]],[[31.534442,-26.44954],[31.532817,-26.450387]],[[31.532817,-26.450387],[31.529443,-26.449246]],[[31.529443,-26.449246],[31.519992,-26.449339]],[[31.519992,-26.449339],[31.515134,-26.446403]],[[31.515134,-26.446403],[31.51535,-26.441376]],[[31.51535,-26.441376],[31.526405,-26.435385]],[[31.526405,-26.435385],[31.534567,-26.433984]],[[31.534567,-26.433984],[31.524861,-26.387979]],[[31.524861,-26.387979],[31.522924,-26.384845]],[[31.522924,-26.384845],[31.520993,-26.385637]],[[31.520993,-26.385637],[31.520761,-26.393637]],[[31.520761,-26.393637],[31.518753,-26.396417]],[[31.518753,-26.396417],[31.514923,-26.396026]],[[31.514923,-26.396026],[31.511594,-26.397575]],[[31.511594,-26.397575],[31.507032,-26.394801]],[[31.507032,-26.394801],[31.496288,-26.39519]],[[31.496288,-26.39519],[31.493372,-26.392965]],[[31.493372,-26.392965],[31.48601,-26.37728]],[[31.48601,-26.37728],[31.580297,-26.350584]],[[31.580297,-26.350584],[31.58032,-26.307712]],[[31.58032,-26.307712],[31.578913,-26.308339]],[[31.578913,-26.308339],[31.585066,-26.297674]],[[31.585066,-26.297674],[31.593083,-26.289162]],[[31.593083,-26.289162],[31.595424,-26.290918]],[[31.595424,-26.290918],[31.59758,-26.289023]],[[31.59758,-26.289023],[31.590202,-26.280167]],[[31.590202,-26.280167],[31.583847,-26.269428],[31.586647,-26.243069]],[[31.586647,-26.243069],[31.585812,-26.240912]],[[31.585812,-26.240912],[31.58149,-26.239483]],[[31.58149,-26.239483],[31.581379,-26.226299]],[[31.581379,-26.226299],[31.573206,-26.208675],[31.570867,-26.205358]],[[31.570867,-26.205358],[31.547154,-26.205342]],[[31.547154,-26.205342],[31.548122,-26.203525]],[[31.548122,-26.203525],[31.544487,-26.196993]],[[31.544487,-26.196993],[31.54642,-26.188973]],[[31.54642,-26.188973],[31.541873,-26.183098]],[[31.541873,-26.183098],[31.54164,-26.180516]],[[31.54164,-26.180516],[31.543444,-26.178594]],[[31.543444,-26.178594],[31.552818,-26.177709]],[[31.552818,-26.177709],[31.556517,-26.173879]],[[31.556517,-26.173879],[31.554444,-26.174356]],[[31.554444,-26.174356],[31.55099,-26.168981]],[[31.55099,-26.168981],[31.542677,-26.167953]],[[31.542677,-26.167953],[31.537083,-26.163434]],[[31.537083,-26.163434],[31.53863,-26.156469]],[[31.53863,-26.156469],[31.53669,-26.152006]],[[31.53669,-26.152006],[31.533121,-26.148242]],[[31.533121,-26.148242],[31.529229,-26.147271],[31.533161,-26.136687]],[[31.533161,-26.136687],[31.530738,-26.13736]],[[31.057983,-26.66066],[31.05218,-26.665879],[31.048032,-26.672253],[31.046644,-26.680155],[31.042562,-26.68499],[31.043169,-26.687577],[31.039365,-26.690734],[31.04479,-26.696042],[31.057145,-26.692097],[31.082391,-26.672066],[31.057983,-26.66066]],[[31.168072,-26.498886],[31.166941,-26.501987],[31.159939,-26.50412],[31.15678,-26.513077],[31.159882,-26.516478],[31.161342,-26.522315],[31.15864,-26.52475],[31.16361,-26.529537],[31.155404,-26.528719],[31.126794,-26.534979],[31.15043,-26.573459],[31.177626,-26.56048],[31.177286,-26.561939],[31.178586,-26.56306],[31.180804,-26.564274],[31.183079,-26.563357],[31.184765,-26.566811],[31.18919,-26.569021],[31.186802,-26.574752],[31.195905,-26.578197],[31.196241,-26.582263],[31.199158,-26.587214],[31.203021,-26.587285],[31.204022,-26.590157],[31.20976,-26.596444],[31.211068,-26.596869],[31.212428,-26.594742],[31.22464,-26.589096],[31.226463,-26.585873],[31.231365,-26.58782],[31.233898,-26.586593],[31.236247,-26.577271],[31.239194,-26.574257],[31.239975,-26.576241],[31.242515,-26.574916],[31.242123,-26.568316],[31.243646,-26.563753],[31.258111,-26.557006],[31.257211,-26.555045],[31.258856,-26.55001],[31.257668,-26.547633],[31.258364,-26.546245],[31.254587,-26.538066],[31.24988,-26.533848],[31.242657,-26.530052],[31.2582,-26.523757],[31.25818,-26.521097],[31.246181,-26.518101],[31.249503,-26.507457],[31.251712,-26.508126],[31.252235,-26.503768],[31.259406,-26.502406],[31.258227,-26.497018],[31.220793,-26.495208],[31.201052,-26.48759],[31.198742,-26.484966],[31.19691,-26.485862],[31.198717,-26.487746],[31.198154,-26.490832],[31.19673,-26.491266],[31.194496,-26.489081],[31.192873,-26.490964],[31.189092,-26.49128],[31.191073,-26.494566],[31.189654,-26.496074],[31.18898,-26.502829],[31.184294,-26.505423],[31.173442,-26.484778],[31.172257,-26.484617],[31.170957,-26.491065],[31.16382,-26.497907],[31.168072,-26.498886]],[[31.320027,-26.497143],[31.321108,-26.495599],[31.319932,-26.494282],[31.315658,-26.49328],[31.316624,-26.490836],[31.319398,-26.491201],[31.319365,-26.49006],[31.305662,-26.490414],[31.299998,-26.493718],[31.29739,-26.48959],[31.291979,-26.489139],[31.290985,-26.492151],[31.293776,-26.497473],[31.288426,-26.50049],[31.290555,-26.503016],[31.297058,-26.499364],[31.299778,-26.499886],[31.293161,-26.50267],[31.290312,-26.505538],[31.284228,-26.514699],[31.28523,-26.514923],[31.281642,-26.515101],[31.281905,-26.513955],[31.264783,-26.521338],[31.268261,-26.526866],[31.269674,-26.531797],[31.271727,-26.531756],[31.273485,-26.535563],[31.27487,-26.536107],[31.275337,-26.539698],[31.284126,-26.541466],[31.287541,-26.539992],[31.290696,-26.542062],[31.290628,-26.546771],[31.292435,-26.551319],[31.296891,-26.554211],[31.302316,-26.552876],[31.301254,-26.550308],[31.301937,-26.548437],[31.308183,-26.548282],[31.309776,-26.551031],[31.308371,-26.555395],[31.309721,-26.55828],[31.314063,-26.557574],[31.31378,-26.547806],[31.333367,-26.545983],[31.320027,-26.497143]],[[31.3651,-26.532903],[31.377095,-26.529664],[31.38056,-26.524839],[31.38046,-26.520404],[31.383918,-26.52041],[31.386397,-26.516037],[31.39317,-26.517383],[31.398809,-26.516461],[31.401366,-26.514239],[31.406434,-26.514179],[31.406086,-26.510756],[31.408741,-26.506194],[31.414663,-26.509219],[31.423118,-26.490651],[31.421953,-26.486166],[31.416716,-26.487615],[31.420883,-26.479075],[31.416907,-26.475272],[31.415607,-26.468583],[31.41181,-26.464912],[31.408183,-26.466219],[31.406081,-26.465519],[31.406039,-26.480466],[31.403429,-26.479919],[31.402831,-26.485383],[31.395657,-26.481435],[31.386729,-26.482022],[31.386629,-26.479694],[31.384243,-26.47837],[31.376469,-26.48589],[31.374049,-26.484397],[31.371988,-26.479201],[31.368652,-26.478216],[31.36883,-26.477279],[31.363119,-26.477381],[31.358298,-26.50087],[31.348151,-26.503648],[31.350325,-26.509736],[31.3651,-26.532903]],[[31.132758,-26.545762],[31.125936,-26.534691],[31.105172,-26.539215]],[[31.105172,-26.539215],[31.106347,-26.546285]],[[31.106347,-26.546285],[31.10185,-26.542882]],[[31.10185,-26.542882],[31.098807,-26.536271]],[[31.098807,-26.536271],[31.096368,-26.537281]],[[31.096368,-26.537281],[31.089217,-26.548637]],[[31.089217,-26.548637],[31.085433,-26.548901]],[[31.085433,-26.548901],[31.080966,-26.551737]],[[31.080966,-26.551737],[31.078606,-26.556081]],[[31.078606,-26.556081],[31.07943,-26.558652]],[[31.07943,-26.558652],[31.078115,-26.562795]],[[31.078115,-26.562795],[31.07994,-26.568732]],[[31.07994,-26.568732],[31.075971,-26.569839]],[[31.075971,-26.569839],[31.071613,-26.565936]],[[31.071613,-26.565936],[31.071286,-26.563011]],[[31.071286,-26.563011],[31.073239,-26.560152]],[[31.073239,-26.560152],[31.067747,-26.557211]],[[31.067747,-26.557211],[31.057397,-26.546317]],[[31.057397,-26.546317],[31.047334,-26.552857]],[[31.047334,-26.552857],[31.036611,-26.553509]],[[31.036611,-26.553509],[31.037407,-26.558154]],[[31.037407,-26.558154],[31.036482,-26.562524]],[[31.036482,-26.562524],[31.033867,-26.566255]],[[31.033867,-26.566255],[31.036891,-26.576391]],[[31.036891,-26.576391],[31.042554,-26.580832]],[[31.042554,-26.580832],[31.043857,-26.577245]],[[31.043857,-26.577245],[31.046956,-26.576858]],[[31.046956,-26.576858],[31.054829,-26.580124]],[[31.054829,-26.580124],[31.061297,-26.581167]],[[31.061297,-26.581167],[31.05886,-26.582098]],[[31.05886,-26.582098],[31.05738,-26.589353]],[[31.05738,-26.589353],[31.065453,-26.591294]],[[31.065453,-26.591294],[31.070872,-26.595113]],[[31.070872,-26.595113],[31.073826,-26.599354]],[[31.073826,-26.599354],[31.081712,-26.59482]],[[31.081712,-26.59482],[31.084061,-26.618484]],[[31.084061,-26.618484],[31.028945,-26.618053]],[[31.028945,-26.618053],[31.027851,-26.617128]],[[31.027851,-26.617128],[31.019759,-26.61855]],[[31.019759,-26.61855],[31.017103,-26.621139]],[[31.017103,-26.621139],[31.013938,-26.620689]],[[31.013938,-26.620689],[31.012516,-26.621854]],[[31.012516,-26.621854],[31.006952,-26.618061]],[[31.006952,-26.618061],[31.004477,-26.618349]],[[31.004477,-26.618349],[31.003464,-26.619971]],[[31.003464,-26.619971],[30.996638,-26.619176]],[[30.996638,-26.619176],[30.99154,-26.620186]],[[30.99154,-26.620186],[30.992491,-26.622214]],[[30.992491,-26.622214],[30.999186,-26.623443]],[[30.999186,-26.623443],[30.982311,-26.673781]],[[30.982311,-26.673781],[30.951505,-26.649682]],[[30.951505,-26.649682],[30.947976,-26.65253]],[[30.947976,-26.65253],[30.939374,-26.652853]],[[30.939374,-26.652853],[30.93477,-26.654539]],[[30.93477,-26.654539],[30.933618,-26.656498]],[[30.933618,-26.656498],[30.930289,-26.654683]],[[30.930289,-26.654683],[30.925686,-26.65808]],[[30.925686,-26.65808],[30.921989,-26.658575]],[[30.921989,-26.658575],[30.919913,-26.662174]],[[30.919913,-26.662174],[30.914058,-26.665525]],[[30.914058,-26.665525],[30.912137,-26.67042]],[[30.912137,-26.67042],[30.906413,-26.676461]],[[30.906413,-26.676461],[30.90704,-26.685123]],[[30.90704,-26.685123],[30.862506,-26.687194]],[[30.862506,-26.687194],[30.813137,-26.659666]],[[30.813137,-26.659666],[30.790611,-26.630358]],[[30.790611,-26.630358],[30.790071,-26.714948],[30.801893,-26.824586],[30.812345,-26.84424],[30.824548,-26.839963],[30.833137,-26.830983],[30.835014,-26.82704],[30.843942,-26.824522],[30.846575,-26.819678],[30.852364,-26.818022],[30.861363,-26.819312],[30.870628,-26.809942],[30.891208,-26.80247],[30.893401,-26.808417],[30.902003,-26.851941],[30.906034,-26.85477],[30.906177,-26.859851],[30.916987,-26.865687],[30.917194,-26.867004],[30.928028,-26.87449],[30.936178,-26.883007],[30.939781,-26.883726],[30.942474,-26.888657],[30.948231,-26.889878],[30.953576,-26.893553],[30.954761,-26.895912],[30.958125,-26.896783],[30.958275,-26.898446],[30.965627,-26.902972],[30.968516,-26.906356],[30.972574,-26.907618],[30.975933,-26.921193],[30.975913,-26.950954],[30.972612,-26.964138]],[[30.972612,-26.964138],[31.01639,-26.959449]],[[31.01639,-26.959449],[31.019519,-26.967918]],[[31.019519,-26.967918],[31.023007,-26.970157]],[[31.023007,-26.970157],[31.036386,-26.963006]],[[31.036386,-26.963006],[31.049675,-26.964954],[31.056502,-26.962539]],[[31.056502,-26.962539],[31.062067,-26.962578]],[[31.062067,-26.962578],[31.072448,-26.955584],[31.077124,-26.955249]],[[31.077124,-26.955249],[31.079393,-26.958095]],[[31.079393,-26.958095],[31.084181,-26.959719]],[[31.084181,-26.959719],[31.087379,-26.959535]],[[31.087379,-26.959535],[31.089802,-26.957793],[31.092021,-26.966127]],[[31.092021,-26.966127],[31.094581,-26.96703]],[[31.094581,-26.96703],[31.097061,-26.974315],[31.100421,-26.973864]],[[31.100421,-26.973864],[31.100652,-26.975195]],[[31.100652,-26.975195],[31.106526,-26.978977]],[[31.106526,-26.978977],[31.11179,-26.975705]],[[31.11179,-26.975705],[31.113635,-26.97855]],[[31.113635,-26.97855],[31.113433,-26.980943]],[[31.113433,-26.980943],[31.117011,-26.982087]],[[31.117011,-26.982087],[31.117175,-26.984526]],[[31.117175,-26.984526],[31.118889,-26.986107]],[[31.118889,-26.986107],[31.12246,-26.986043]],[[31.12246,-26.986043],[31.122713,-26.997854]],[[31.122713,-26.997854],[31.136451,-27.009933],[31.140807,-27.010452]],[[31.140807,-27.010452],[31.143194,-27.007504],[31.147399,-27.009754],[31.150276,-27.00938],[31.152353,-27.006494],[31.151314,-27.003117],[31.153974,-27.000423]],[[31.153974,-27.000423],[31.157264,-26.999732]],[[31.157264,-26.999732],[31.162771,-27.001486]],[[31.162771,-27.001486],[31.16589,-26.999137]],[[31.16589,-26.999137],[31.166454,-26.994368]],[[31.166454,-26.994368],[31.163717,-26.993003]],[[31.163717,-26.993003],[31.163703,-26.990569]],[[31.163703,-26.990569],[31.171966,-26.995263]],[[31.171966,-26.995263],[31.218194,-26.967555]],[[31.218194,-26.967555],[31.206173,-26.947428]],[[31.206173,-26.947428],[31.207884,-26.944784]],[[31.207884,-26.944784],[31.333921,-26.925631]],[[31.333921,-26.925631],[31.334963,-26.930795]],[[31.334963,-26.930795],[31.337351,-26.932507]],[[31.337351,-26.932507],[31.338197,-26.938783]],[[31.338197,-26.938783],[31.344742,-26.941485]],[[31.344742,-26.941485],[31.345596,-26.944773]],[[31.345596,-26.944773],[31.339944,-26.9466]],[[31.339944,-26.9466],[31.336913,-26.953744],[31.336843,-26.981006],[31.323732,-26.981001]],[[31.323732,-26.981001],[31.319578,-26.986471]],[[31.319578,-26.986471],[31.318031,-26.991151]],[[31.318031,-26.991151],[31.31336,-26.99087]],[[31.31336,-26.99087],[31.310984,-26.996034]],[[31.310984,-26.996034],[31.308886,-26.997698]],[[31.308886,-26.997698],[31.309275,-26.999319]],[[31.309275,-26.999319],[31.307482,-26.99934]],[[31.307482,-26.99934],[31.301034,-27.003836]],[[31.301034,-27.003836],[31.297218,-27.010496]],[[31.297218,-27.010496],[31.299482,-27.011873],[31.29545,-27.017895],[31.2866,-27.026942],[31.284386,-27.028638]],[[31.284386,-27.028638],[31.281488,-27.021034]],[[31.281488,-27.021034],[31.27243,-27.020785]],[[31.27243,-27.020785],[31.262659,-27.010197]],[[31.262659,-27.010197],[31.24997,-27.003893]],[[31.24997,-27.003893],[31.242775,-27.00855]],[[31.242775,-27.00855],[31.239328,-27.009323]],[[31.239328,-27.009323],[31.240153,-27.010876]],[[31.240153,-27.010876],[31.239037,-27.01151],[31.284509,-27.054372]],[[31.284509,-27.054372],[31.279161,-27.069456]],[[31.279161,-27.069456],[31.272162,-27.079722]],[[31.272162,-27.079722],[31.275126,-27.098658]],[[31.275126,-27.098658],[31.316995,-27.108989]],[[31.316995,-27.108989],[31.316698,-27.110834],[31.299803,-27.140947]],[[31.299803,-27.140947],[31.290499,-27.136371]],[[31.290499,-27.136371],[31.287026,-27.140997]],[[31.287026,-27.140997],[31.284311,-27.153931]],[[31.284311,-27.153931],[31.288982,-27.158605]],[[31.288982,-27.158605],[31.273869,-27.160328]],[[31.273869,-27.160328],[31.271639,-27.152216]],[[31.271639,-27.152216],[31.262847,-27.152419]],[[31.262847,-27.152419],[31.2565,-27.144866]],[[31.2565,-27.144866],[31.250199,-27.141704]],[[31.250199,-27.141704],[31.24016,-27.131921]],[[31.24016,-27.131921],[31.23207,-27.135322]],[[31.23207,-27.135322],[31.222284,-27.137438]],[[31.222284,-27.137438],[31.22084,-27.139572]],[[31.22084,-27.139572],[31.225974,-27.149192]],[[31.225974,-27.149192],[31.220055,-27.160355]],[[31.220055,-27.160355],[31.223074,-27.16418]],[[31.223074,-27.16418],[31.219768,-27.167314]],[[31.219768,-27.167314],[31.222956,-27.169084]],[[31.222956,-27.169084],[31.225223,-27.172702]],[[31.225223,-27.172702],[31.226376,-27.175645]],[[31.226376,-27.175645],[31.225614,-27.176927]],[[31.225614,-27.176927],[31.227688,-27.180689]],[[31.227688,-27.180689],[31.219944,-27.186408]],[[31.219944,-27.186408],[31.211499,-27.197765]],[[31.211499,-27.197765],[31.207394,-27.200728]],[[31.207394,-27.200728],[31.197216,-27.203624]],[[31.197216,-27.203624],[31.194888,-27.205911]],[[31.194888,-27.205911],[31.19685,-27.210586]],[[31.19685,-27.210586],[31.194625,-27.213766],[31.197428,-27.213905],[31.195798,-27.216922]],[[31.195798,-27.216922],[31.306178,-27.253548]],[[31.306178,-27.253548],[31.314103,-27.239869]],[[31.314103,-27.239869],[31.321457,-27.238983]],[[31.321457,-27.238983],[31.325034,-27.240833]],[[31.325034,-27.240833],[31.326494,-27.240356]],[[31.326494,-27.240356],[31.326923,-27.24226],[31.328641,-27.2424],[31.330264,-27.240721],[31.334393,-27.242718]],[[31.334393,-27.242718],[31.342202,-27.241735]],[[31.342202,-27.241735],[31.345454,-27.243918],[31.353887,-27.241625],[31.356493,-27.242234],[31.359008,-27.240433],[31.360995,-27.241271],[31.363574,-27.239727],[31.3596,-27.200373]],[[31.3596,-27.200373],[31.371247,-27.2094]],[[31.371247,-27.2094],[31.376977,-27.191654]],[[31.376977,-27.191654],[31.37745,-27.17521]],[[31.37745,-27.17521],[31.397096,-27.175246]],[[31.397096,-27.175246],[31.392066,-27.130862]],[[31.40047,-27.095004],[31.400949,-27.082091],[31.40537,-27.079092],[31.406031,-27.076185],[31.405164,-27.073862],[31.399304,-27.074746]],[[31.399304,-27.074746],[31.396097,-27.073409],[31.400851,-27.067467]],[[31.400851,-27.067467],[31.399724,-27.063529]],[[31.399724,-27.063529],[31.395897,-27.062133]],[[31.395897,-27.062133],[31.395921,-27.060393]],[[31.395921,-27.060393],[31.39904,-27.058292]],[[31.39904,-27.058292],[31.399932,-27.055921]],[[31.399932,-27.055921],[31.401998,-27.056024]],[[31.401998,-27.056024],[31.401981,-27.052296]],[[31.401981,-27.052296],[31.403218,-27.05088]],[[31.403218,-27.05088],[31.400649,-27.047808]],[[31.400649,-27.047808],[31.401331,-27.040755]],[[31.401331,-27.040755],[31.396904,-27.036165],[31.400132,-27.03362]],[[31.400132,-27.03362],[31.403198,-27.041259]],[[31.403198,-27.041259],[31.405288,-27.042604],[31.411206,-27.043206],[31.428488,-27.0413]],[[31.428488,-27.0413],[31.432432,-27.044359]],[[31.432432,-27.044359],[31.433848,-27.040407],[31.44041,-27.033326],[31.447513,-27.031209]],[[31.447513,-27.031209],[31.448107,-27.009727],[31.442049,-27.005466]],[[31.442049,-27.005466],[31.435132,-27.005234]],[[31.435132,-27.005234],[31.426366,-26.999601]],[[31.426366,-26.999601],[31.44244,-26.983342]],[[31.44244,-26.983342],[31.473999,-26.980919],[31.48285,-26.979206],[31.480473,-26.978368]],[[31.480473,-26.978368],[31.480646,-26.976617]],[[31.480646,-26.976617],[31.462675,-26.947526]],[[31.462675,-26.947526],[31.471359,-26.940317]],[[31.471359,-26.940317],[31.463336,-26.932633]],[[31.463336,-26.932633],[31.470372,-26.932579]],[[31.470372,-26.932579],[31.462565,-26.927992]],[[31.462565,-26.927992],[31.465394,-26.925697],[31.481094,-26.928481],[31.486573,-26.936854]],[[31.486573,-26.936854],[31.490981,-26.936825],[31.494357,-26.933727],[31.501706,-26.931027],[31.503267,-26.921321]],[[31.503267,-26.921321],[31.457632,-26.891665]],[[31.417556,-26.879567],[31.410281,-26.895073]],[[31.410281,-26.895073],[31.39212,-26.886907]],[[31.39212,-26.886907],[31.364586,-26.88641]],[[31.364586,-26.88641],[31.36438,-26.874669]],[[31.36438,-26.874669],[31.371001,-26.87418]],[[31.371001,-26.87418],[31.38132,-26.862327]],[[31.38132,-26.862327],[31.400322,-26.857946]],[[31.400322,-26.857946],[31.385327,-26.837044]],[[31.385327,-26.837044],[31.321659,-26.82514]],[[31.334461,-26.891279],[31.338245,-26.89567],[31.33634,-26.901757]],[[31.27064,-26.909829],[31.261938,-26.902951],[31.261643,-26.901122],[31.263621,-26.898713],[31.267898,-26.89724]],[[31.267898,-26.89724],[31.273149,-26.891752],[31.278562,-26.891054]],[[31.293705,-26.886782],[31.295893,-26.885044],[31.294257,-26.882202]],[[31.285277,-26.812911],[31.296459,-26.80535],[31.304789,-26.806293]],[[31.304789,-26.806293],[31.305446,-26.804156],[31.308525,-26.803394]],[[31.308525,-26.803394],[31.324201,-26.759849]],[[31.273716,-26.676839],[31.272246,-26.66642],[31.274248,-26.663568]],[[31.274248,-26.663568],[31.273708,-26.659939],[31.277572,-26.657197]],[[31.276407,-26.643507],[31.268535,-26.624075],[31.260939,-26.634432]],[[31.260939,-26.634432],[31.260628,-26.639513]],[[31.260628,-26.639513],[31.246531,-26.639538]],[[31.246531,-26.639538],[31.238956,-26.64554]],[[31.238956,-26.64554],[31.227125,-26.633623]],[[31.227125,-26.633623],[31.211648,-26.634869]],[[31.211648,-26.634869],[31.204979,-26.642194]],[[31.204979,-26.642194],[31.196126,-26.64333]],[[31.196126,-26.64333],[31.193669,-26.64528]],[[31.193669,-26.64528],[31.187221,-26.643629]],[[31.187221,-26.643629],[31.182789,-26.638228]],[[31.182789,-26.638228],[31.179285,-26.639646]],[[31.179285,-26.639646],[31.173473,-26.627923]],[[31.173473,-26.627923],[31.168122,-26.627746]],[[31.168122,-26.627746],[31.163185,-26.613389]],[[31.163185,-26.613389],[31.137045,-26.619465]],[[31.137045,-26.619465],[31.137047,-26.613887]],[[31.137047,-26.613887],[31.139788,-26.611073]],[[31.139788,-26.611073],[31.141839,-26.60517]],[[31.141839,-26.60517],[31.149639,-26.600052]],[[31.149639,-26.600052],[31.149252,-26.597972]],[[31.149252,-26.597972],[31.151673,-26.59384]],[[31.151673,-26.59384],[31.15611,-26.591318]],[[31.15611,-26.591318],[31.156108,-26.589907],[31.154291,-26.588188],[31.147916,-26.588674]],[[31.147916,-26.588674],[31.145784,-26.586378],[31.14603,-26.577824],[31.149714,-26.573188]],[[31.149714,-26.573188],[31.132758,-26.545762]],[[31.049109,-26.669857],[31.051319,-26.66574],[31.057124,-26.660514],[31.081532,-26.671919],[31.056411,-26.69195],[31.043536,-26.695955],[31.040811,-26.693771],[31.0428,-26.690203],[31.04106,-26.690395],[31.040767,-26.689264],[31.043445,-26.688212],[31.04163,-26.687055],[31.041703,-26.684844],[31.045785,-26.680009],[31.047173,-26.672107],[31.049109,-26.669857]],[[31.152562,-25.956877],[31.132213,-25.959035]],[[31.132213,-25.959035],[31.129002,-25.962278]],[[31.129002,-25.962278],[31.131077,-25.966577]],[[31.131077,-25.966577],[31.117125,-25.967567]],[[31.117125,-25.967567],[31.122845,-25.970693],[31.13086,-25.97891],[31.131763,-25.981929],[31.141267,-25.991717],[31.141319,-25.994793],[31.151608,-25.99276],[31.149902,-25.994673],[31.150822,-25.997048],[31.152967,-25.998218],[31.151268,-26.000405],[31.148645,-26.009585],[31.141433,-26.018981],[31.137599,-26.028573],[31.139413,-26.034452],[31.144111,-26.040712],[31.142078,-26.046695],[31.141566,-26.053695],[31.135199,-26.054301],[31.135145,-26.063168],[31.139613,-26.075096],[31.133918,-26.08038],[31.132679,-26.086717],[31.135073,-26.131362],[31.14128,-26.147314],[31.132105,-26.150148],[31.123004,-26.142321],[31.117683,-26.141556],[31.106267,-26.146763],[31.104885,-26.149003],[31.105056,-26.152291],[31.101858,-26.156243],[31.096614,-26.159352],[31.088435,-26.16222],[31.078919,-26.161824],[31.076539,-26.166967],[31.069934,-26.168392],[31.065211,-26.177765],[31.065395,-26.180627],[31.058286,-26.18867],[31.056652,-26.193155],[31.049801,-26.192775],[31.051237,-26.195199],[31.047176,-26.197224],[31.047866,-26.205264],[31.046049,-26.20778],[31.047504,-26.209202],[31.047001,-26.214379],[31.043304,-26.218373],[31.034122,-26.223025],[31.039634,-26.23056],[31.069662,-26.232263]],[[31.069662,-26.232263],[31.081153,-26.243273]],[[31.081153,-26.243273],[31.083843,-26.269852]],[[31.083843,-26.269852],[31.0961,-26.276501],[31.100028,-26.273124],[31.103314,-26.275655],[31.108062,-26.275613],[31.111546,-26.281492],[31.110395,-26.286778],[31.113145,-26.290096],[31.120026,-26.286505],[31.12087,-26.288152],[31.127734,-26.278182],[31.126663,-26.27743],[31.12782,-26.274532],[31.126292,-26.273022],[31.125397,-26.273523],[31.125454,-26.270924],[31.122572,-26.268502],[31.121558,-26.269165],[31.119743,-26.266639],[31.121133,-26.266361],[31.119739,-26.263921],[31.118652,-26.263391],[31.117974,-26.264431],[31.116673,-26.262705],[31.120841,-26.260272],[31.119955,-26.255252],[31.124275,-26.25421],[31.129095,-26.270088],[31.131018,-26.271014],[31.135813,-26.269446],[31.1405,-26.275457],[31.139828,-26.276307],[31.144184,-26.280321],[31.145275,-26.278624],[31.149929,-26.277685],[31.151977,-26.274829],[31.153347,-26.275291],[31.153631,-26.273925],[31.156459,-26.272556],[31.158077,-26.270173],[31.157634,-26.268759],[31.160187,-26.267467],[31.159059,-26.264764],[31.160113,-26.262169],[31.16406,-26.259752],[31.165484,-26.260962],[31.162741,-26.265048],[31.159329,-26.274956],[31.164876,-26.288213],[31.162879,-26.305775],[31.177056,-26.312559],[31.169595,-26.351725],[31.189949,-26.375138]],[[31.189949,-26.375138],[31.195425,-26.376765]],[[31.195425,-26.376765],[31.197944,-26.380448]],[[31.197944,-26.380448],[31.200037,-26.380345]],[[31.200037,-26.380345],[31.222351,-26.397326]],[[31.222351,-26.397326],[31.257676,-26.443682]],[[31.257676,-26.443682],[31.256647,-26.425322]],[[31.256647,-26.425322],[31.262558,-26.417482]],[[31.262558,-26.417482],[31.261925,-26.412004]],[[31.261925,-26.412004],[31.266367,-26.405195]],[[31.266367,-26.405195],[31.262191,-26.388365]],[[31.262191,-26.388365],[31.283728,-26.362084]],[[31.283728,-26.362084],[31.276599,-26.343556]],[[31.276599,-26.343556],[31.278286,-26.331966]],[[31.278286,-26.331966],[31.296621,-26.320005]],[[31.296621,-26.320005],[31.296404,-26.316277]],[[31.296404,-26.316277],[31.316216,-26.313835]],[[31.316216,-26.313835],[31.314401,-26.300789]],[[31.314401,-26.300789],[31.306304,-26.290478]],[[31.306304,-26.290478],[31.306522,-26.286763]],[[31.306522,-26.286763],[31.308761,-26.284498]],[[31.308761,-26.284498],[31.307704,-26.281843]],[[31.307704,-26.281843],[31.304355,-26.281682]],[[31.304355,-26.281682],[31.305332,-26.279346]],[[31.305332,-26.279346],[31.303353,-26.274765]],[[31.303353,-26.274765],[31.305838,-26.273878]],[[31.305838,-26.273878],[31.309409,-26.274817]],[[31.309409,-26.274817],[31.314028,-26.277796]],[[31.314028,-26.277796],[31.320759,-26.277273]],[[31.320759,-26.277273],[31.318553,-26.272899]],[[31.318553,-26.272899],[31.317118,-26.272628]],[[31.317118,-26.272628],[31.317453,-26.26212]],[[31.317453,-26.26212],[31.319305,-26.259417]],[[31.319305,-26.259417],[31.320245,-26.25127]],[[31.320245,-26.25127],[31.326632,-26.248873]],[[31.326632,-26.248873],[31.328227,-26.239306]],[[31.328227,-26.239306],[31.332219,-26.234696]],[[31.332219,-26.234696],[31.333776,-26.226479]],[[31.333776,-26.226479],[31.338189,-26.224416]],[[31.338189,-26.224416],[31.340399,-26.224833]],[[31.340399,-26.224833],[31.344258,-26.229969]],[[31.344258,-26.229969],[31.347068,-26.231468]],[[31.347068,-26.231468],[31.356384,-26.23221]],[[31.356384,-26.23221],[31.362086,-26.227075]],[[31.362086,-26.227075],[31.368584,-26.218034]],[[31.368584,-26.218034],[31.371498,-26.218568]],[[31.371498,-26.218568],[31.3759,-26.222379]],[[31.3759,-26.222379],[31.379526,-26.220887]],[[31.379526,-26.220887],[31.376983,-26.214532]],[[31.376983,-26.214532],[31.374275,-26.212873]],[[31.374275,-26.212873],[31.393291,-26.205289]],[[31.393291,-26.205289],[31.441462,-26.198353]],[[31.441462,-26.198353],[31.440914,-26.142617]],[[31.440914,-26.142617],[31.454474,-26.140837]],[[31.454474,-26.140837],[31.454233,-26.133628]],[[31.454233,-26.133628],[31.455691,-26.126784]],[[31.455691,-26.126784],[31.460289,-26.121232]],[[31.460289,-26.121232],[31.46473,-26.118712]],[[31.46473,-26.118712],[31.46491,-26.116246]],[[31.46491,-26.116246],[31.457669,-26.116568]],[[31.457669,-26.116568],[31.453221,-26.11465]],[[31.453221,-26.11465],[31.449227,-26.10728]],[[31.449227,-26.10728],[31.449128,-26.101063]],[[31.449128,-26.101063],[31.441481,-26.094293]],[[31.441481,-26.094293],[31.438957,-26.090192],[31.420272,-26.096003]],[[31.420272,-26.096003],[31.411172,-26.1038]],[[31.411172,-26.1038],[31.407656,-26.104987]],[[31.407656,-26.104987],[31.402541,-26.100647]],[[31.402541,-26.100647],[31.39702,-26.098771]],[[31.39702,-26.098771],[31.394061,-26.095769]],[[31.394061,-26.095769],[31.389769,-26.090492]],[[31.389769,-26.090492],[31.386644,-26.083128]],[[31.386644,-26.083128],[31.374766,-26.085859]],[[31.374766,-26.085859],[31.371636,-26.088072]],[[31.371636,-26.088072],[31.368787,-26.087688]],[[31.368787,-26.087688],[31.366878,-26.091866]],[[31.366878,-26.091866],[31.364459,-26.093228]],[[31.364459,-26.093228],[31.357151,-26.08239]],[[31.357151,-26.08239],[31.33622,-26.080791]],[[31.33622,-26.080791],[31.330492,-26.084496]],[[31.330492,-26.084496],[31.325001,-26.078971]],[[31.325001,-26.078971],[31.321236,-26.072973],[31.307799,-26.081582]],[[31.307799,-26.081582],[31.321178,-26.08591]],[[31.321178,-26.08591],[31.320777,-26.088359]],[[31.320777,-26.088359],[31.323887,-26.092023]],[[31.323887,-26.092023],[31.325068,-26.09596]],[[31.325068,-26.09596],[31.321687,-26.102288]],[[31.321687,-26.102288],[31.323621,-26.105222]],[[31.323621,-26.105222],[31.324573,-26.110417]],[[31.324573,-26.110417],[31.321269,-26.126038]],[[31.321269,-26.126038],[31.325032,-26.134628]],[[31.325032,-26.134628],[31.320279,-26.143828]],[[31.320279,-26.143828],[31.319146,-26.149564]],[[31.319146,-26.149564],[31.311068,-26.150533]],[[31.311068,-26.150533],[31.308018,-26.147434]],[[31.308018,-26.147434],[31.301463,-26.147307]],[[31.301463,-26.147307],[31.296009,-26.149551]],[[31.296009,-26.149551],[31.297467,-26.152666]],[[31.297467,-26.152666],[31.295403,-26.15487]],[[31.295403,-26.15487],[31.282163,-26.151207],[31.276146,-26.15364],[31.270634,-26.157649],[31.2683,-26.157244]],[[31.2683,-26.157244],[31.268194,-26.117913]],[[31.268194,-26.117913],[31.235509,-26.117926]],[[31.235509,-26.117926],[31.231628,-26.119364]],[[31.231628,-26.119364],[31.232096,-26.117139]],[[31.232096,-26.117139],[31.207394,-26.094943]],[[31.207394,-26.094943],[31.206837,-26.089494]],[[31.206837,-26.089494],[31.178648,-26.07695]],[[31.178648,-26.07695],[31.17544,-26.084229]],[[31.17544,-26.084229],[31.165575,-26.086435]],[[31.165575,-26.086435],[31.157694,-26.046914]],[[31.157694,-26.046914],[31.162779,-26.038858],[31.165053,-26.038909],[31.16546,-26.037308],[31.205712,-26.026997]],[[31.205712,-26.026997],[31.250978,-26.006341]],[[31.250978,-26.006341],[31.26118,-25.977864],[31.159512,-25.986967]],[[31.159512,-25.986967],[31.148539,-25.977356]],[[31.148539,-25.977356],[31.150332,-25.977308]],[[31.150332,-25.977308],[31.150652,-25.975251]],[[31.150652,-25.975251],[31.154276,-25.975534]],[[31.154276,-25.975534],[31.15747,-25.972019]],[[31.15747,-25.972019],[31.157878,-25.969433]],[[31.157878,-25.969433],[31.156614,-25.967024]],[[31.156614,-25.967024],[31.15993,-25.96392],[31.15874,-25.957021]],[[31.15874,-25.957021],[31.152562,-25.956877]],[[31.606028,-25.84537],[31.601338,-25.841837]],[[31.601338,-25.841837],[31.601096,-25.843207],[31.596245,-25.845722],[31.599294,-25.850423]],[[31.463939,-25.986437],[31.449235,-26.005796],[31.452517,-26.007456]],[[31.494454,-26.036989],[31.493752,-26.041327],[31.477502,-26.085283]],[[31.469046,-26.080991],[31.455036,-26.067473]],[[31.455036,-26.067473],[31.452621,-26.06726]],[[31.452621,-26.06726],[31.444325,-26.061726]],[[31.444325,-26.061726],[31.439477,-26.053306],[31.439772,-26.058514]],[[31.439772,-26.058514],[31.437712,-26.058663]],[[31.437712,-26.058663],[31.435939,-26.06052]],[[31.435939,-26.06052],[31.435298,-26.06674]],[[31.435298,-26.06674],[31.430036,-26.07401]],[[31.430036,-26.07401],[31.429352,-26.078067]],[[31.429352,-26.078067],[31.433775,-26.086694]],[[31.433775,-26.086694],[31.436166,-26.088278]],[[31.436166,-26.088278],[31.436189,-26.090556]],[[31.436189,-26.090556],[31.439689,-26.090537],[31.441481,-26.094293]],[[31.454474,-26.140837],[31.464592,-26.139558]],[[31.527751,-26.134982],[31.530927,-26.137479],[31.533161,-26.136687]],[[31.533161,-26.136687],[31.5292,-26.147118],[31.531015,-26.14854],[31.533121,-26.148242]],[[31.570867,-26.205358],[31.581379,-26.226299]],[[31.586647,-26.243069],[31.583821,-26.269333],[31.590202,-26.280167]],[[31.538575,-26.464351],[31.540776,-26.46579],[31.541117,-26.468918],[31.542662,-26.469479],[31.543592,-26.468361],[31.544139,-26.469317],[31.54916,-26.467809]],[[31.566732,-26.529417],[31.564868,-26.531805]],[[31.564868,-26.531805],[31.574407,-26.539954],[31.586244,-26.541452]],[[31.586244,-26.541452],[31.598737,-26.638912]],[[31.598737,-26.638912],[31.536906,-26.660685]],[[31.52897,-26.671393],[31.524204,-26.673351],[31.514957,-26.66923],[31.509972,-26.669567]],[[31.44856,-26.604734],[31.444583,-26.603793]],[[31.444583,-26.603793],[31.412236,-26.617083]],[[31.412236,-26.617083],[31.376191,-26.627836]],[[31.376191,-26.627836],[31.375036,-26.626085]],[[31.375036,-26.626085],[31.369812,-26.624999]],[[31.369812,-26.624999],[31.367087,-26.622125]],[[31.367087,-26.622125],[31.361325,-26.625199],[31.360325,-26.628336],[31.367229,-26.634188]],[[31.371398,-26.662028],[31.37146,-26.663754],[31.376916,-26.667577]],[[31.38108,-26.673807],[31.381959,-26.678055],[31.391963,-26.681759]],[[31.396165,-26.67951],[31.397414,-26.685747],[31.387629,-26.687877]],[[31.387629,-26.687877],[31.383987,-26.695054],[31.378927,-26.694197]],[[31.446231,-26.69305],[31.461781,-26.690754],[31.463017,-26.697611]],[[31.471389,-26.71215],[31.471539,-26.717798],[31.476127,-26.719533]],[[31.484329,-26.727431],[31.487389,-26.722934]],[[31.487389,-26.722934],[31.492064,-26.719778]],[[31.492064,-26.719778],[31.492255,-26.721605]],[[31.492255,-26.721605],[31.498364,-26.726251],[31.503118,-26.726364]],[[31.503118,-26.726364],[31.504855,-26.728307]],[[31.504855,-26.728307],[31.507352,-26.72651],[31.511236,-26.719346]],[[31.511236,-26.719346],[31.526728,-26.704801]],[[31.526728,-26.704801],[31.539719,-26.68582]],[[31.539719,-26.68582],[31.54106,-26.69125],[31.547141,-26.699683]],[[31.547141,-26.699683],[31.553642,-26.700104]],[[31.553642,-26.700104],[31.561341,-26.705114],[31.56152,-26.709802]],[[31.56152,-26.709802],[31.565988,-26.72113],[31.566723,-26.732562]],[[31.566723,-26.732562],[31.569494,-26.7367]],[[31.569494,-26.7367],[31.568399,-26.738134]],[[31.568399,-26.738134],[31.570878,-26.738588]],[[31.570878,-26.738588],[31.570656,-26.74112],[31.5673,-26.746326],[31.56686,-26.749739]],[[31.56686,-26.749739],[31.563575,-26.750702]],[[31.563575,-26.750702],[31.561195,-26.755283]],[[31.561195,-26.755283],[31.560515,-26.760279]],[[31.560515,-26.760279],[31.556172,-26.768532]],[[31.556172,-26.768532],[31.541647,-26.808488]],[[31.541647,-26.808488],[31.538376,-26.812536]],[[31.538376,-26.812536],[31.543562,-26.830285]],[[31.543562,-26.830285],[31.545586,-26.83003],[31.551398,-26.833145],[31.552204,-26.834522],[31.551333,-26.836247]],[[31.660737,-27.124294],[31.665708,-27.132307],[31.665419,-27.133517]],[[31.652555,-27.13229],[31.642392,-27.134263],[31.641385,-27.14523],[31.643977,-27.14966]],[[31.605662,-27.301543],[31.601215,-27.305697],[31.600903,-27.311646],[31.607497,-27.311886],[31.608512,-27.315738],[31.872334,-27.316881],[31.865298,-27.295779],[31.88023,-27.305661],[31.886339,-27.308325],[31.883452,-27.294345],[31.899915,-27.293748],[31.901282,-27.317043],[31.977923,-27.317265],[31.974246,-27.309642],[31.975518,-27.295013],[31.975428,-27.222398],[31.973147,-27.148764],[31.974944,-27.131346],[31.973811,-27.117542],[31.978436,-27.092125],[31.984819,-27.006885],[31.992389,-26.973347],[31.994777,-26.947475],[31.998257,-26.929469],[31.996863,-26.920724],[32.008763,-26.855489],[32.011256,-26.831295],[32.014318,-26.822284],[32.00993,-26.810167],[32.005109,-26.808496],[32.000839,-26.803638],[31.994801,-26.800701],[31.992896,-26.797717],[31.992739,-26.794833],[31.995406,-26.791211],[31.997195,-26.782704],[31.99599,-26.780738],[31.991388,-26.779712],[31.985681,-26.781789],[31.978855,-26.786263],[31.968666,-26.78702],[31.951501,-26.790773],[31.939084,-26.796978],[31.936875,-26.799228],[31.934891,-26.806661],[31.936016,-26.810923],[31.939555,-26.811544],[31.947214,-26.808538],[31.952768,-26.808347],[31.957995,-26.810893],[31.961689,-26.816364],[31.965045,-26.825017],[31.968356,-26.840904],[31.967361,-26.848391],[31.965854,-26.850452],[31.953467,-26.854896],[31.9409,-26.856385],[31.920101,-26.861192],[31.904226,-26.855613],[31.896999,-26.847695],[31.891213,-26.843741],[31.917078,-26.785276],[31.914088,-26.782041],[31.914604,-26.780835],[31.910747,-26.778603],[31.886911,-26.752682],[31.885357,-26.724789],[31.888449,-26.723053],[31.889589,-26.719963],[31.888582,-26.717181],[31.884873,-26.71522],[31.882461,-26.668317],[31.97346,-26.668252],[31.971103,-26.670331],[31.982325,-26.67129],[31.992441,-26.668757],[32.014522,-26.671961],[32.010243,-26.649139],[32.010693,-26.642902]],[[32.010693,-26.642902],[32.008181,-26.635365]],[[32.008181,-26.635365],[32.010172,-26.630629]],[[32.010172,-26.630629],[32.007459,-26.629987]],[[32.007459,-26.629987],[32.006858,-26.626941]],[[32.006858,-26.626941],[32.009119,-26.625338]],[[32.009119,-26.625338],[32.007886,-26.622143]],[[32.007886,-26.622143],[32.009182,-26.620163]],[[32.009182,-26.620163],[32.008698,-26.61615]],[[32.008698,-26.61615],[32.003559,-26.601688]],[[32.003559,-26.601688],[32.006043,-26.600046]],[[32.006043,-26.600046],[32.003698,-26.598337]],[[32.003698,-26.598337],[32.004992,-26.597778]],[[32.004992,-26.597778],[32.003583,-26.595074]],[[32.003583,-26.595074],[31.997133,-26.591751]],[[31.997133,-26.591751],[31.994916,-26.592412]],[[31.994916,-26.592412],[31.997081,-26.588941]],[[31.997081,-26.588941],[31.997982,-26.589565]],[[31.997982,-26.589565],[32.002801,-26.584708]],[[32.002801,-26.584708],[32.004817,-26.584263]],[[32.004817,-26.584263],[32.006125,-26.579384]],[[32.006125,-26.579384],[32.010157,-26.575957]],[[32.010157,-26.575957],[32.013675,-26.5669],[32.015462,-26.551482]],[[32.015462,-26.551482],[32.011589,-26.542943]],[[32.011589,-26.542943],[32.014945,-26.535888],[32.012279,-26.53052]],[[32.012279,-26.53052],[31.998141,-26.530968]],[[31.998141,-26.530968],[31.990502,-26.529165]],[[31.990502,-26.529165],[31.987057,-26.526215]],[[31.987057,-26.526215],[31.981189,-26.528614]],[[31.981189,-26.528614],[31.975335,-26.518184]],[[31.975335,-26.518184],[32.020982,-26.492995]],[[32.020982,-26.492995],[31.982121,-26.473114]],[[31.982121,-26.473114],[31.974633,-26.467772]],[[31.974633,-26.467772],[31.976667,-26.476311]],[[31.976667,-26.476311],[31.960278,-26.47899]],[[31.960278,-26.47899],[31.958059,-26.473007],[31.959311,-26.467764],[31.949823,-26.468431],[31.941839,-26.466569],[31.941254,-26.472202],[31.939404,-26.472153],[31.934443,-26.456687],[31.936485,-26.456497],[31.932214,-26.444985],[31.937848,-26.443517],[31.9384,-26.434363],[31.937186,-26.429421],[31.939008,-26.424731]],[[31.939008,-26.424731],[31.944943,-26.418443]],[[31.944943,-26.418443],[31.947481,-26.413579]],[[31.947481,-26.413579],[31.948747,-26.403681]],[[31.948747,-26.403681],[31.951982,-26.398672]],[[31.951982,-26.398672],[31.952368,-26.389207]],[[31.952368,-26.389207],[31.888311,-26.383981],[31.883011,-26.378906],[31.877141,-26.37808],[31.874892,-26.373506],[31.875972,-26.373297],[31.874831,-26.371428],[31.876313,-26.367041],[31.877646,-26.366541],[31.876252,-26.365238],[31.865863,-26.370481],[31.863262,-26.373725],[31.863954,-26.369678],[31.860404,-26.368158],[31.859301,-26.365052],[31.852551,-26.364508],[31.853374,-26.363456],[31.852141,-26.362879],[31.847713,-26.364415],[31.845748,-26.362069],[31.822525,-26.361952],[31.817541,-26.364356],[31.810545,-26.373191],[31.811021,-26.367757],[31.808742,-26.364994],[31.808637,-26.361446],[31.803387,-26.353658],[31.802193,-26.35388],[31.798717,-26.350634],[31.79861,-26.34874],[31.794944,-26.345762],[31.794784,-26.344065],[31.79194,-26.343015],[31.789519,-26.340279],[31.789587,-26.337135],[31.787197,-26.335491],[31.787637,-26.331228],[31.784099,-26.327588],[31.784933,-26.325125],[31.78281,-26.320786],[31.780544,-26.320348],[31.780008,-26.318192],[31.774436,-26.316946],[31.772277,-26.326988],[31.764775,-26.321473],[31.764149,-26.319943],[31.765805,-26.318773],[31.765569,-26.315928],[31.757881,-26.307562],[31.758288,-26.306688],[31.762691,-26.306899],[31.762543,-26.305493],[31.759386,-26.303281],[31.762785,-26.299535],[31.757249,-26.297659],[31.756386,-26.294312],[31.757199,-26.289406],[31.760838,-26.285631],[31.766368,-26.288771],[31.76999,-26.286762],[31.772207,-26.28296],[31.777904,-26.282598],[31.778398,-26.28158],[31.776301,-26.280026],[31.779447,-26.278407],[31.780719,-26.271742],[31.784554,-26.268249],[31.783145,-26.266354],[31.77785,-26.264711],[31.776887,-26.2619],[31.771234,-26.259459],[31.771803,-26.253358],[31.765632,-26.252119],[31.769395,-26.245465],[31.771254,-26.244731],[31.770235,-26.231499],[31.767286,-26.229657],[31.760082,-26.228293],[31.758786,-26.230364],[31.759478,-26.23667],[31.758291,-26.237683],[31.750518,-26.230977],[31.780233,-26.113189],[31.778005,-26.11302],[31.774281,-26.108556],[31.769262,-26.110065],[31.762069,-26.108639],[31.758429,-26.101228],[31.759188,-26.097944],[31.758117,-26.097375],[31.755003,-26.098244],[31.750965,-26.102138],[31.746329,-26.102625],[31.743231,-26.105995],[31.739991,-26.106475],[31.742632,-26.113811],[31.741349,-26.120745],[31.738659,-26.123201],[31.735515,-26.122246],[31.729679,-26.123074],[31.730134,-26.11708],[31.727565,-26.116008],[31.721709,-26.116089],[31.710444,-26.124235],[31.702629,-26.12158],[31.695603,-26.123994],[31.693614,-26.122642],[31.690687,-26.117082],[31.676504,-26.118818],[31.674921,-26.121097],[31.662436,-26.020034],[31.663697,-25.945416],[31.668116,-25.941577],[31.67155,-25.942062],[31.681735,-25.949342],[31.691928,-25.951338],[31.69804,-25.946931],[31.702671,-25.94677],[31.717232,-25.941211],[31.720498,-25.941284],[31.722986,-25.943514],[31.719052,-25.94748],[31.720947,-25.949892],[31.727681,-25.950756],[31.735879,-25.948113],[31.738677,-25.952404],[31.743071,-25.952894],[31.748569,-25.950317],[31.749159,-25.947572],[31.746979,-25.944148],[31.755586,-25.938757],[31.758154,-25.936263],[31.758961,-25.932926],[31.633995,-25.855458]],[[31.625278,-25.888035],[31.621092,-25.891198],[31.622149,-25.883843]],[[31.608308,-25.845568],[31.606028,-25.84537]],[[31.735627,-26.431477],[31.733146,-26.429147],[31.733703,-26.423152],[31.73196,-26.421822],[31.731671,-26.415352],[31.733186,-26.410775],[31.769716,-26.41384],[31.783924,-26.412038],[31.782679,-26.413473],[31.783951,-26.420342],[31.781677,-26.424198],[31.782473,-26.430785],[31.780419,-26.438813],[31.777538,-26.441331],[31.770478,-26.443063],[31.759088,-26.45817],[31.759747,-26.453431],[31.757823,-26.44796],[31.754861,-26.4479],[31.754139,-26.445107],[31.749239,-26.442592],[31.74878,-26.440531],[31.745899,-26.437862],[31.745071,-26.439064],[31.744816,-26.437429],[31.743008,-26.437958],[31.743505,-26.436602],[31.7404,-26.433617],[31.740813,-26.432332],[31.735627,-26.431477]],[[31.419035,-26.641952],[31.416834,-26.642462],[31.414123,-26.634873],[31.411976,-26.632667],[31.411246,-26.630599],[31.412444,-26.627302],[31.423957,-26.616036],[31.431441,-26.616449],[31.434856,-26.622176],[31.431526,-26.623905],[31.435599,-26.62877],[31.440102,-26.628034],[31.440442,-26.630709],[31.438656,-26.634306],[31.423424,-26.641541],[31.419035,-26.641952]],[[31.952796,-26.950056],[31.959776,-26.989001],[31.953434,-27.047519],[31.949345,-27.048054],[31.946303,-27.08693],[31.935134,-27.086966],[31.934603,-27.083583],[31.921557,-27.05993],[31.919687,-27.058955],[31.919649,-27.054555],[31.917848,-27.049858],[31.913048,-27.044747],[31.899464,-27.036799],[31.905562,-27.029721],[31.913831,-27.023961],[31.917752,-27.024836],[31.917582,-26.997909],[31.924414,-26.986413],[31.918047,-26.95208],[31.952796,-26.950056]],[[31.337166,-26.953623],[31.339944,-26.9466]],[[31.153974,-27.000423],[31.151283,-27.003202],[31.152093,-27.007206],[31.14842,-27.0098],[31.144047,-27.007507],[31.142047,-27.008122],[31.140807,-27.010452]],[[31.140807,-27.010452],[31.135745,-27.009684],[31.122713,-26.997854]],[[31.100421,-26.973864],[31.097178,-26.974409],[31.094581,-26.96703]],[[31.092021,-26.966127],[31.089927,-26.957859],[31.087379,-26.959535]],[[31.077124,-26.955249],[31.071678,-26.955801],[31.062067,-26.962578]],[[31.056502,-26.962539],[31.052661,-26.964711],[31.036386,-26.963006]],[[30.972612,-26.964138],[30.957367,-26.992036],[30.984122,-27.036525],[31.0207,-27.067366],[31.060499,-27.095873],[31.14967,-27.201582],[31.195798,-27.216922]],[[31.195798,-27.216922],[31.197493,-27.214213],[31.194649,-27.213878],[31.19685,-27.210586]],[[31.299803,-27.140947],[31.316902,-27.110266],[31.316995,-27.108989]],[[31.284509,-27.054372],[31.239175,-27.011649],[31.240153,-27.010876]],[[31.24997,-27.003893],[31.252487,-27.004849],[31.262659,-27.010197]],[[31.284386,-27.028638],[31.298118,-27.014006],[31.299614,-27.011518],[31.297218,-27.010496]],[[31.323732,-26.981001],[31.30641,-26.980992],[31.306416,-26.974102],[31.30426,-26.972933],[31.303826,-26.967669],[31.301233,-26.967464],[31.295644,-26.963278],[31.294714,-26.955709],[31.295629,-26.953731],[31.337166,-26.953623]],[[31.16858,-27.118017],[31.183789,-27.107079],[31.17394,-27.097741],[31.184644,-27.089225],[31.207615,-27.112368],[31.21639,-27.118483],[31.205843,-27.127955],[31.195267,-27.118024],[31.176565,-27.124021],[31.171618,-27.119246],[31.16858,-27.118017]],[[31.025559,-26.266199],[31.016634,-26.258136],[31.015955,-26.252376]],[[31.015955,-26.252376],[31.011623,-26.254357],[31.004376,-26.265261],[31.002642,-26.278627]],[[31.002642,-26.278627],[31.00255,-26.275266]],[[31.00255,-26.275266],[31.000989,-26.273383]],[[31.000989,-26.273383],[31.001535,-26.270093]],[[31.001535,-26.270093],[31.000509,-26.269268]],[[31.000509,-26.269268],[31.001176,-26.267707]],[[31.001176,-26.267707],[31.002919,-26.267426]],[[31.002919,-26.267426],[31.004677,-26.261421]],[[31.004677,-26.261421],[30.960658,-26.261717]],[[30.960658,-26.261717],[30.891065,-26.320979],[30.85688,-26.383721],[30.830264,-26.410956],[30.804204,-26.466918],[30.790925,-26.568958],[30.790611,-26.630358]],[[31.105172,-26.539215],[31.154288,-26.528459],[31.162752,-26.529392],[31.157782,-26.524605],[31.160484,-26.52217],[31.159024,-26.516333],[31.155921,-26.512932],[31.159039,-26.504629],[31.166082,-26.501842],[31.167213,-26.498741],[31.162962,-26.497762],[31.170099,-26.490921],[31.171398,-26.484472],[31.174311,-26.48277],[31.16502,-26.477575],[31.158537,-26.475982],[31.156754,-26.442077]],[[31.156754,-26.442077],[31.154167,-26.445407]],[[31.154167,-26.445407],[31.153672,-26.448507],[31.150018,-26.449463]],[[31.150018,-26.449463],[31.147949,-26.452661],[31.142639,-26.451759]],[[31.142639,-26.451759],[31.137714,-26.453941]],[[31.137714,-26.453941],[31.136214,-26.452792]],[[31.136214,-26.452792],[31.134621,-26.447347]],[[31.134621,-26.447347],[31.137458,-26.445408]],[[31.137458,-26.445408],[31.136494,-26.442988]],[[31.136494,-26.442988],[31.132605,-26.443315]],[[31.132605,-26.443315],[31.130059,-26.445576]],[[31.130059,-26.445576],[31.128069,-26.445074],[31.126662,-26.446164],[31.12134,-26.444636],[31.120976,-26.438202],[31.121618,-26.437045]],[[31.121618,-26.437045],[31.123725,-26.437319]],[[31.123725,-26.437319],[31.125489,-26.434223]],[[31.125489,-26.434223],[31.125416,-26.420364]],[[31.125416,-26.420364],[31.121393,-26.417157]],[[31.121393,-26.417157],[31.119846,-26.414132]],[[31.119846,-26.414132],[31.121465,-26.407672]],[[31.121465,-26.407672],[31.111351,-26.395899]],[[31.111351,-26.395899],[31.125528,-26.383292]],[[31.125528,-26.383292],[31.120492,-26.374454]],[[31.120492,-26.374454],[31.108054,-26.363487]],[[31.108054,-26.363487],[31.101099,-26.369875]],[[31.101099,-26.369875],[31.100834,-26.371851],[31.099645,-26.372467],[31.096032,-26.370261]],[[31.096032,-26.370261],[31.09309,-26.375061]],[[31.09309,-26.375061],[31.090138,-26.376349],[31.088103,-26.371955]],[[31.088103,-26.371955],[31.084,-26.370019]],[[31.084,-26.370019],[31.073661,-26.342331]],[[31.073661,-26.342331],[31.06334,-26.34107]],[[31.06334,-26.34107],[31.053309,-26.331357]],[[31.053309,-26.331357],[31.058072,-26.332741]],[[31.058072,-26.332741],[31.060218,-26.329994]],[[31.060218,-26.329994],[31.065949,-26.334119]],[[31.065949,-26.334119],[31.067104,-26.333171]],[[31.067104,-26.333171],[31.066101,-26.330064]],[[31.066101,-26.330064],[31.075577,-26.324703]],[[31.075577,-26.324703],[31.071376,-26.318036]],[[31.071376,-26.318036],[31.073693,-26.314024]],[[31.073693,-26.314024],[31.06935,-26.303927]],[[31.06935,-26.303927],[31.070224,-26.29802]],[[31.070224,-26.29802],[31.067135,-26.299624]],[[31.067135,-26.299624],[31.06604,-26.302292]],[[31.06604,-26.302292],[31.062605,-26.301797]],[[31.062605,-26.301797],[31.051316,-26.30925]],[[31.051316,-26.30925],[31.048715,-26.287837]],[[31.048715,-26.287837],[31.037288,-26.291738]],[[31.037288,-26.291738],[31.036996,-26.285741]],[[31.036996,-26.285741],[31.033389,-26.277841]],[[31.033389,-26.277841],[31.03222,-26.271077]],[[31.03222,-26.271077],[31.025559,-26.266199]],[[31.245301,-25.836071],[31.238611,-25.829041],[31.125753,-25.921145],[31.115353,-25.966614],[31.117125,-25.967567]],[[31.132213,-25.959035],[31.147993,-25.957723],[31.150861,-25.956475],[31.155247,-25.957643],[31.15874,-25.957021]],[[31.15874,-25.957021],[31.159944,-25.963844],[31.156614,-25.967024]],[[31.159512,-25.986967],[31.237505,-25.979988],[31.23603,-25.978485],[31.24663,-25.949119],[31.272398,-25.946835],[31.250978,-26.006341]],[[31.250978,-26.006341],[31.356148,-26.023121]],[[31.356148,-26.023121],[31.361161,-26.018168]],[[31.361161,-26.018168],[31.354812,-26.008998]],[[31.354812,-26.008998],[31.385935,-25.976383]],[[31.385935,-25.976383],[31.342797,-25.945992]],[[31.342797,-25.945992],[31.364465,-25.927268]],[[31.364465,-25.927268],[31.416687,-25.956117]],[[31.416687,-25.956117],[31.43618,-25.878182]],[[31.43618,-25.878182],[31.329964,-25.907917]],[[31.329964,-25.907917],[31.309596,-25.908945]],[[31.309596,-25.908945],[31.308943,-25.910826]],[[31.308943,-25.910826],[31.304776,-25.909396]],[[31.304776,-25.909396],[31.305903,-25.911264]],[[31.305903,-25.911264],[31.304921,-25.911438]],[[31.304921,-25.911438],[31.305412,-25.914335]],[[31.305412,-25.914335],[31.306595,-25.915334]],[[31.306595,-25.915334],[31.304997,-25.915636]],[[31.304997,-25.915636],[31.303395,-25.919937]],[[31.303395,-25.919937],[31.304244,-25.922044]],[[31.304244,-25.922044],[31.301379,-25.922958],[31.297668,-25.91717],[31.29571,-25.916935],[31.293208,-25.919553],[31.286133,-25.91407]],[[31.286133,-25.91407],[31.284573,-25.914815]],[[31.284573,-25.914815],[31.287198,-25.909652]],[[31.287198,-25.909652],[31.285399,-25.908746]],[[31.285399,-25.908746],[31.28664,-25.907216]],[[31.28664,-25.907216],[31.284234,-25.899103]],[[31.284234,-25.899103],[31.277808,-25.895904]],[[31.277808,-25.895904],[31.280181,-25.890119]],[[31.280181,-25.890119],[31.265294,-25.867605]],[[31.265294,-25.867605],[31.269534,-25.86785]],[[31.269534,-25.86785],[31.274479,-25.872333]],[[31.274479,-25.872333],[31.274853,-25.868685]],[[31.274853,-25.868685],[31.272229,-25.860532]],[[31.272229,-25.860532],[31.275714,-25.858772]],[[31.275714,-25.858772],[31.278188,-25.855388]],[[31.278188,-25.855388],[31.280424,-25.854549]],[[31.280424,-25.854549],[31.28242,-25.855447]],[[31.28242,-25.855447],[31.283431,-25.853006]],[[31.283431,-25.853006],[31.285777,-25.85223],[31.287708,-25.849721],[31.264903,-25.835604]],[[31.264903,-25.835604],[31.2626,-25.836227],[31.258859,-25.83196],[31.245301,-25.836071]],[[31.305162,-26.465769],[31.305641,-26.471424],[31.304371,-26.474778],[31.312341,-26.475674],[31.315018,-26.474569],[31.31647,-26.477652],[31.316234,-26.481242],[31.319949,-26.47837],[31.319344,-26.476812],[31.322258,-26.473795],[31.317578,-26.472008],[31.319018,-26.467968],[31.314473,-26.470626],[31.305162,-26.465769]],[[31.362507,-26.477145],[31.361881,-26.471012],[31.360301,-26.470447],[31.358743,-26.471673],[31.358308,-26.475327],[31.354345,-26.476808],[31.352725,-26.478927],[31.354329,-26.479316],[31.362507,-26.477145]],[[31.398426,-26.47907],[31.39659,-26.478963],[31.393305,-26.481608],[31.397512,-26.482272],[31.401971,-26.48524],[31.40257,-26.479776],[31.398426,-26.47907]],[[31.174422,-26.56197],[31.173295,-26.561128],[31.149714,-26.573188]],[[31.149714,-26.573188],[31.146551,-26.576808],[31.145837,-26.586477],[31.147916,-26.588674]],[[31.147916,-26.588674],[31.154855,-26.588325],[31.15611,-26.591318]],[[31.137045,-26.619465],[31.161721,-26.61373]],[[31.161721,-26.61373],[31.162052,-26.61107]],[[31.162052,-26.61107],[31.171806,-26.611374],[31.181695,-26.608949],[31.183461,-26.607146],[31.182592,-26.598674]],[[31.182592,-26.598674],[31.183803,-26.597415]],[[31.183803,-26.597415],[31.18177,-26.596751]],[[31.18177,-26.596751],[31.180839,-26.591828]],[[31.180839,-26.591828],[31.187774,-26.584553],[31.189902,-26.584732]],[[31.189902,-26.584732],[31.190325,-26.587117],[31.196215,-26.59593],[31.198897,-26.595433],[31.201963,-26.591925]],[[31.201963,-26.591925],[31.204695,-26.591208],[31.203212,-26.590204],[31.202741,-26.587059],[31.198225,-26.586859],[31.195404,-26.581841],[31.195347,-26.578037],[31.18597,-26.574785],[31.188825,-26.569005],[31.184379,-26.567102],[31.182982,-26.563137],[31.180748,-26.564178],[31.176646,-26.562635],[31.176377,-26.561429],[31.174422,-26.56197]],[[31.357946,-26.493358],[31.356014,-26.49365],[31.358332,-26.496961],[31.358923,-26.494147],[31.357946,-26.493358]],[[31.309344,-26.484559],[31.305307,-26.484756],[31.302462,-26.490047],[31.307291,-26.489958],[31.309704,-26.488524],[31.308449,-26.486989],[31.310193,-26.484574],[31.309344,-26.484559]],[[31.329379,-26.482344],[31.327901,-26.482493],[31.328548,-26.484675],[31.325739,-26.487169],[31.322287,-26.48647],[31.321013,-26.488289],[31.332094,-26.488767],[31.332745,-26.490991],[31.334477,-26.490604],[31.33567,-26.489452],[31.334462,-26.488357],[31.33485,-26.486105],[31.331783,-26.485928],[31.331158,-26.482507],[31.329379,-26.482344]],[[31.340694,-26.480991],[31.336566,-26.478831],[31.334362,-26.479382],[31.337498,-26.483994],[31.341504,-26.481043],[31.340694,-26.480991]],[[31.011686,-26.216631],[31.020951,-26.215806],[31.023814,-26.21212],[31.014172,-26.205009],[31.010588,-26.20038],[31.014171,-26.195207],[31.013823,-26.190723],[31.011234,-26.188325],[31.011604,-26.185426],[31.029687,-26.177848],[31.031769,-26.173278],[31.029543,-26.167213],[31.018676,-26.158717],[30.960658,-26.261717]],[[31.002642,-26.278627],[31.004607,-26.264724],[31.011442,-26.25449],[31.015955,-26.252376]],[[31.015955,-26.252376],[31.016802,-26.258339],[31.023523,-26.264987],[31.03222,-26.271077]],[[31.073661,-26.342331],[31.082513,-26.36693],[31.084,-26.370019]],[[31.088103,-26.371955],[31.089508,-26.376417],[31.09309,-26.375061]],[[31.096032,-26.370261],[31.100092,-26.37238],[31.101614,-26.371212],[31.101099,-26.369875]],[[31.121618,-26.437045],[31.120932,-26.438363],[31.122213,-26.445503],[31.130059,-26.445576]],[[31.142639,-26.451759],[31.147772,-26.452726],[31.150018,-26.449463]],[[31.150018,-26.449463],[31.153609,-26.448575],[31.154167,-26.445407]],[[31.156754,-26.442077],[31.159723,-26.42341],[31.164713,-26.423071],[31.155389,-26.416763],[31.158943,-26.408996],[31.166011,-26.406256],[31.169902,-26.401059],[31.162023,-26.393637],[31.163694,-26.39146],[31.167914,-26.389964],[31.172316,-26.392101],[31.17488,-26.391285],[31.180065,-26.395556],[31.177058,-26.40113],[31.193867,-26.412455],[31.193967,-26.430133],[31.192402,-26.434737],[31.195055,-26.437233],[31.193456,-26.440204],[31.193221,-26.448828],[31.195723,-26.485483],[31.199031,-26.484939],[31.200058,-26.487312],[31.208226,-26.490263],[31.208415,-26.493038],[31.212111,-26.498316],[31.211131,-26.502566],[31.208623,-26.504014],[31.21015,-26.505518],[31.204402,-26.509077],[31.196726,-26.516511],[31.204322,-26.523565],[31.210198,-26.519743],[31.216271,-26.521374],[31.237262,-26.517906],[31.244652,-26.506806],[31.265753,-26.511722],[31.281268,-26.503888]],[[31.284355,-26.49892],[31.288301,-26.489706],[31.294962,-26.489057],[31.293619,-26.483248],[31.29464,-26.480099],[31.29942,-26.476396],[31.297913,-26.472349],[31.299002,-26.467505],[31.298378,-26.460126],[31.303801,-26.450819],[31.311857,-26.44566],[31.328206,-26.450823],[31.329968,-26.452061],[31.328587,-26.453677],[31.329192,-26.455555],[31.330274,-26.45629],[31.329878,-26.454827],[31.331835,-26.454454],[31.334198,-26.45694],[31.346594,-26.451263],[31.360121,-26.453313],[31.370376,-26.452466],[31.376299,-26.455009],[31.377614,-26.459083],[31.384452,-26.462821],[31.385619,-26.46013],[31.388056,-26.45945],[31.391179,-26.453384],[31.39596,-26.456997],[31.402372,-26.459827],[31.403202,-26.459218],[31.403412,-26.461362],[31.406936,-26.464609],[31.412804,-26.466237],[31.414792,-26.468563],[31.415936,-26.474936],[31.420038,-26.479189],[31.418464,-26.486861],[31.412892,-26.489961],[31.413973,-26.490625],[31.415494,-26.504221],[31.411743,-26.516516],[31.402357,-26.513936],[31.397949,-26.516317],[31.39231,-26.51724],[31.385537,-26.515893],[31.383058,-26.520266],[31.379615,-26.520301],[31.379589,-26.52508],[31.375965,-26.529216],[31.379771,-26.530553],[31.380042,-26.534745],[31.37613,-26.532195],[31.373697,-26.53276],[31.370704,-26.531145],[31.365349,-26.533379],[31.367606,-26.537123],[31.377962,-26.542132],[31.375995,-26.544751],[31.376091,-26.548674],[31.374943,-26.550588],[31.372814,-26.551097],[31.372434,-26.55365],[31.374158,-26.554638]],[[31.374175,-26.567045],[31.379932,-26.57128],[31.375598,-26.576986]],[[31.369728,-26.583634],[31.364041,-26.583535],[31.364148,-26.586384]],[[31.364148,-26.586384],[31.361936,-26.587116],[31.361922,-26.588972],[31.364152,-26.59104]],[[31.364152,-26.59104],[31.362786,-26.595512],[31.363719,-26.59767],[31.367021,-26.599227]],[[31.376526,-26.59996],[31.378912,-26.604806],[31.378686,-26.607295],[31.375199,-26.610601]],[[31.375199,-26.610601],[31.376209,-26.617388],[31.367087,-26.622125]],[[31.444583,-26.603793],[31.445415,-26.598784]],[[31.457418,-26.543733],[31.458565,-26.538189],[31.459274,-26.537313],[31.488504,-26.549521]],[[31.451514,-26.454366],[31.452419,-26.451731],[31.450872,-26.449258],[31.446883,-26.45814]],[[31.444176,-26.458203],[31.443082,-26.463516],[31.441215,-26.462933],[31.441481,-26.461711],[31.439078,-26.458865],[31.43271,-26.460205]],[[31.43271,-26.460205],[31.430572,-26.458189]],[[31.430572,-26.458189],[31.426502,-26.457582]],[[31.426502,-26.457582],[31.421975,-26.452135],[31.409428,-26.443935]],[[31.409428,-26.443935],[31.407566,-26.44122]],[[31.407566,-26.44122],[31.409475,-26.43852]],[[31.409475,-26.43852],[31.410418,-26.432754]],[[31.410418,-26.432754],[31.409332,-26.423064]],[[31.409332,-26.423064],[31.4054,-26.426127]],[[31.4054,-26.426127],[31.404788,-26.428641]],[[31.404788,-26.428641],[31.399032,-26.429635]],[[31.399032,-26.429635],[31.38945,-26.435634],[31.38615,-26.435982]],[[31.38615,-26.435982],[31.378689,-26.430064]],[[31.378689,-26.430064],[31.381185,-26.428922]],[[31.381185,-26.428922],[31.380613,-26.426027]],[[31.380613,-26.426027],[31.386864,-26.41791]],[[31.386864,-26.41791],[31.390498,-26.415494]],[[31.390498,-26.415494],[31.385903,-26.411542]],[[31.385903,-26.411542],[31.384232,-26.407173]],[[31.384232,-26.407173],[31.34765,-26.425117]],[[31.34765,-26.425117],[31.342157,-26.422527]],[[31.342157,-26.422527],[31.34182,-26.420756]],[[31.34182,-26.420756],[31.338471,-26.420789]],[[31.338471,-26.420789],[31.297978,-26.401661]],[[31.297978,-26.401661],[31.299424,-26.4047],[31.298113,-26.407085]],[[31.298113,-26.407085],[31.300939,-26.412229]],[[31.300939,-26.412229],[31.303422,-26.413506]],[[31.303422,-26.413506],[31.300851,-26.414745]],[[31.300851,-26.414745],[31.30126,-26.415953]],[[31.30126,-26.415953],[31.299482,-26.417136]],[[31.299482,-26.417136],[31.299924,-26.418959],[31.297103,-26.420692],[31.294912,-26.420152]],[[31.294912,-26.420152],[31.293109,-26.421832]],[[31.293109,-26.421832],[31.287842,-26.417318]],[[31.287842,-26.417318],[31.286722,-26.417764]],[[31.286722,-26.417764],[31.285038,-26.414772]],[[31.285038,-26.414772],[31.273047,-26.413882]],[[31.273047,-26.413882],[31.279832,-26.419658]],[[31.279832,-26.419658],[31.279087,-26.432033]],[[31.279087,-26.432033],[31.279964,-26.438829]],[[31.279964,-26.438829],[31.267113,-26.439815]],[[31.267113,-26.439815],[31.257129,-26.433924]],[[31.257129,-26.433924],[31.257676,-26.443682]],[[31.189949,-26.375138],[31.1639,-26.34519],[31.16002,-26.343441],[31.154797,-26.354271],[31.162616,-26.362088],[31.158379,-26.368463],[31.159221,-26.370882],[31.158237,-26.372634],[31.161595,-26.379275],[31.159574,-26.380509],[31.157095,-26.379379],[31.154047,-26.37444],[31.152374,-26.358291],[31.15087,-26.356676],[31.150497,-26.352607],[31.123727,-26.342127],[31.124627,-26.343865],[31.123714,-26.345376],[31.125303,-26.344556],[31.129353,-26.347131],[31.127192,-26.352285],[31.12961,-26.355906],[31.124993,-26.3591],[31.121946,-26.364363],[31.107176,-26.357982],[31.113291,-26.350956],[31.116642,-26.341188],[31.118683,-26.341586],[31.11924,-26.340368],[31.114246,-26.338774],[31.101161,-26.330247],[31.088525,-26.326582],[31.098062,-26.313275],[31.096619,-26.311085],[31.098919,-26.309723],[31.091535,-26.302804],[31.083615,-26.28751],[31.083843,-26.269852]],[[31.069662,-26.232263],[31.008319,-26.228782],[31.008308,-26.233939],[30.997251,-26.227981],[31.00114,-26.217661],[31.008071,-26.216845],[31.008114,-26.219511],[31.011404,-26.21995],[31.011686,-26.216631]],[[31.177915,-26.401275],[31.182253,-26.396571],[31.175737,-26.391429],[31.173173,-26.392245],[31.168772,-26.390108],[31.164551,-26.391604],[31.162881,-26.393781],[31.17076,-26.401204],[31.166869,-26.4064],[31.159801,-26.40914],[31.156246,-26.416908],[31.165571,-26.423215],[31.16058,-26.423554],[31.157612,-26.442221],[31.161493,-26.444],[31.162763,-26.447825],[31.167185,-26.447097],[31.17124,-26.44468],[31.176553,-26.447075],[31.182373,-26.447772],[31.187839,-26.444636],[31.194136,-26.444789],[31.194314,-26.440349],[31.195913,-26.437378],[31.19326,-26.434881],[31.194825,-26.430278],[31.194725,-26.412599],[31.177915,-26.401275]],[[31.159371,-26.380444],[31.162556,-26.379346],[31.159361,-26.373006],[31.160206,-26.370648],[31.159236,-26.368607],[31.163473,-26.362232],[31.155655,-26.354415],[31.160878,-26.343585],[31.164757,-26.345334],[31.170452,-26.351869],[31.177914,-26.312703],[31.163736,-26.305919],[31.165732,-26.288357],[31.160185,-26.275099],[31.163597,-26.265192],[31.16634,-26.261106],[31.164916,-26.259895],[31.16097,-26.262313],[31.159915,-26.264908],[31.161043,-26.267611],[31.158491,-26.268902],[31.158933,-26.270317],[31.157315,-26.2727],[31.154488,-26.274069],[31.154204,-26.275434],[31.152834,-26.274973],[31.150786,-26.277829],[31.146132,-26.278768],[31.145041,-26.280465],[31.140685,-26.276451],[31.141357,-26.2756],[31.13667,-26.26959],[31.131875,-26.271158],[31.129951,-26.270231],[31.125132,-26.254353],[31.120812,-26.255396],[31.121697,-26.260416],[31.117529,-26.262849],[31.118831,-26.264575],[31.119508,-26.263535],[31.120595,-26.264065],[31.121989,-26.266504],[31.120599,-26.266783],[31.122415,-26.269309],[31.123428,-26.268646],[31.12631,-26.271068],[31.126253,-26.273666],[31.126828,-26.273634],[31.127148,-26.273166],[31.128676,-26.274676],[31.127519,-26.277574],[31.128591,-26.278326],[31.121727,-26.288296],[31.120883,-26.286649],[31.114001,-26.29024],[31.111251,-26.286922],[31.112402,-26.281636],[31.108918,-26.275757],[31.10417,-26.275799],[31.100884,-26.273268],[31.096956,-26.276645],[31.084581,-26.26994],[31.084471,-26.287654],[31.092392,-26.302949],[31.099776,-26.309867],[31.078625,-26.323654],[31.100325,-26.329901],[31.099423,-26.339759],[31.106996,-26.338841],[31.107288,-26.343871],[31.1037,-26.353675],[31.105653,-26.357406],[31.114066,-26.359947],[31.122803,-26.364507],[31.12585,-26.359245],[31.130467,-26.35605],[31.128049,-26.35243],[31.131224,-26.344873],[31.151354,-26.352751],[31.153415,-26.360105],[31.150034,-26.359739],[31.150874,-26.362902],[31.153607,-26.36193],[31.154916,-26.374484],[31.159371,-26.380444]],[[31.009045,-26.228927],[31.062413,-26.231956],[31.064938,-26.227758],[31.0639,-26.224442],[31.056008,-26.224223],[31.047644,-26.212394],[31.038035,-26.209964],[31.039946,-26.22289],[31.036645,-26.223282],[31.031927,-26.219785],[31.030292,-26.216101],[31.025894,-26.214623],[31.015906,-26.216285],[31.016312,-26.211672],[31.022948,-26.203876],[31.023396,-26.194887],[30.994058,-26.20375],[30.975999,-26.235714],[30.979392,-26.243467],[30.981486,-26.24474],[30.983534,-26.243465],[30.991272,-26.247703],[30.990902,-26.249066],[30.998359,-26.250238],[30.998915,-26.25373],[31.004994,-26.253023],[31.0102,-26.250443],[31.007241,-26.247421],[31.009254,-26.245098],[31.009045,-26.228927]],[[31.262036,-25.978005],[31.273253,-25.946977],[31.247485,-25.949261],[31.236885,-25.978627],[31.23836,-25.980129],[31.262036,-25.978005]],[[31.950091,-26.436718],[31.945075,-26.435008],[31.939168,-26.436132],[31.938742,-26.44209],[31.937613,-26.443713],[31.933077,-26.445125],[31.935213,-26.453106],[31.942701,-26.466708],[31.951002,-26.468547],[31.960257,-26.467898],[31.964975,-26.455275],[31.950091,-26.436718]],[[31.87452,-26.070439],[31.86972,-26.073231],[31.86738,-26.076525],[31.874869,-26.078629],[31.876061,-26.077514],[31.876584,-26.080885],[31.883122,-26.081492],[31.880739,-26.07216],[31.879114,-26.071936],[31.875381,-26.067889],[31.874057,-26.068306],[31.87452,-26.070439]],[[31.866166,-27.295923],[31.873203,-27.317026],[31.91613,-27.317224],[31.915681,-27.293348],[31.884321,-27.294489],[31.887208,-27.308469],[31.881099,-27.305806],[31.866166,-27.295923]],[[31.177679,-27.123859],[31.19613,-27.118172],[31.209922,-27.13117],[31.211017,-27.129198],[31.217127,-27.1347],[31.223567,-27.12854],[31.224947,-27.129703],[31.227843,-27.125234],[31.217188,-27.118684],[31.203854,-27.107526],[31.185507,-27.089372],[31.174803,-27.097889],[31.171768,-27.095018],[31.164312,-27.11153],[31.166755,-27.115776],[31.177679,-27.123859]],[[31.307273,-26.981138],[31.337706,-26.981152],[31.337776,-26.95389],[31.296464,-26.953833],[31.295577,-26.955855],[31.296506,-26.963425],[31.302096,-26.96761],[31.304689,-26.967815],[31.305123,-26.973079],[31.307279,-26.974248],[31.307273,-26.981138]],[[31.614154,-27.145992],[31.61531,-27.144675]],[[31.61531,-27.144675],[31.613402,-27.143171],[31.606688,-27.141341]],[[31.414627,-27.15077],[31.410395,-27.155576],[31.410043,-27.159927]],[[31.396576,-27.164671],[31.397096,-27.175246]],[[31.3596,-27.200373],[31.363566,-27.239841],[31.347499,-27.243951],[31.344487,-27.243783],[31.342202,-27.241735]],[[31.334393,-27.242718],[31.330942,-27.240763],[31.327045,-27.242283],[31.326494,-27.240356]],[[31.306178,-27.253548],[31.492457,-27.315095],[31.565069,-27.315504]],[[31.609957,-27.14863],[31.614154,-27.145992]],[[31.406206,-27.042748],[31.403198,-27.041259]],[[31.400132,-27.03362],[31.396982,-27.036033],[31.401331,-27.040755]],[[31.400851,-27.067467],[31.396124,-27.073492],[31.399304,-27.074746]],[[31.399304,-27.074746],[31.405697,-27.074051],[31.405922,-27.07791]],[[31.405922,-27.07791],[31.407387,-27.07908],[31.430129,-27.080876]],[[31.427228,-27.104752],[31.432712,-27.108161],[31.436573,-27.104502]],[[31.436423,-27.102601],[31.440955,-27.096823]],[[31.431579,-27.052883],[31.433391,-27.050085],[31.432432,-27.044359]],[[31.428488,-27.0413],[31.406206,-27.042748]],[[31.511432,-26.93659],[31.510695,-26.926143]],[[31.510695,-26.926143],[31.503267,-26.921321]],[[31.503267,-26.921321],[31.501613,-26.931132],[31.488993,-26.937084],[31.486573,-26.936854]],[[31.486573,-26.936854],[31.481221,-26.928523],[31.4647,-26.925933],[31.462565,-26.927992]],[[31.480473,-26.978368],[31.482818,-26.979293],[31.44244,-26.983342]],[[31.442049,-27.005466],[31.448115,-27.009742],[31.447513,-27.031209]],[[31.447513,-27.031209],[31.445252,-27.031737]],[[31.443007,-27.044],[31.441215,-27.053639],[31.446079,-27.066381],[31.449303,-27.071258]],[[31.450065,-27.078465],[31.454313,-27.084385],[31.454301,-27.088057],[31.452321,-27.092221],[31.452374,-27.095236]],[[31.452374,-27.095236],[31.447759,-27.099616],[31.43961,-27.101648]],[[31.463836,-27.109463],[31.475117,-27.106584],[31.489299,-27.112325]],[[31.50752,-27.118546],[31.516165,-27.115684],[31.520671,-27.112205],[31.520607,-27.096072],[31.522063,-27.09145],[31.521783,-27.089048]],[[31.521783,-27.089048],[31.518952,-27.0854],[31.513779,-27.081984],[31.512412,-27.0795]],[[31.548043,-26.967863],[31.543237,-26.972283],[31.541228,-26.972099],[31.511971,-26.944237]],[[31.511971,-26.944237],[31.511432,-26.93659]],[[31.568743,-26.535091],[31.564868,-26.531805]],[[31.564868,-26.531805],[31.559889,-26.535479]],[[31.559889,-26.535479],[31.557427,-26.535346],[31.555677,-26.536676],[31.55745,-26.560871]],[[31.526476,-26.587993],[31.511709,-26.59044],[31.508936,-26.589616],[31.507484,-26.592843]],[[31.507484,-26.592843],[31.508399,-26.59673],[31.506257,-26.599093],[31.5066,-26.605535]],[[31.505546,-26.607447],[31.501827,-26.609224],[31.501574,-26.613263]],[[31.501574,-26.613263],[31.502696,-26.613891],[31.50832,-26.61316]],[[31.50832,-26.61316],[31.516866,-26.616844],[31.524235,-26.613023]],[[31.547137,-26.617288],[31.551395,-26.629439]],[[31.586244,-26.541452],[31.575078,-26.540201],[31.568743,-26.535091]],[[31.345585,-26.499104],[31.341798,-26.500478],[31.343889,-26.504408],[31.347771,-26.503371]],[[31.347771,-26.503371],[31.345585,-26.499104]],[[31.24881,-26.507749],[31.244073,-26.507068],[31.239009,-26.516432],[31.237014,-26.517997],[31.216427,-26.521363],[31.211544,-26.51972],[31.208938,-26.520216],[31.204474,-26.523671],[31.209621,-26.528375],[31.200697,-26.536237],[31.234516,-26.582698],[31.23324,-26.586012],[31.23055,-26.587504],[31.225418,-26.585581],[31.223708,-26.588817],[31.211492,-26.594467],[31.211156,-26.596637],[31.208426,-26.595918],[31.204895,-26.591197],[31.201963,-26.591925]],[[31.201963,-26.591925],[31.198792,-26.595489],[31.196003,-26.595844],[31.189902,-26.584732]],[[31.189902,-26.584732],[31.187531,-26.584687],[31.180839,-26.591828]],[[31.182592,-26.598674],[31.183738,-26.604191],[31.18243,-26.608301],[31.173886,-26.611101],[31.162052,-26.61107]],[[31.161721,-26.61373],[31.163185,-26.613389]],[[31.187221,-26.643629],[31.190429,-26.644631],[31.193669,-26.64528]],[[31.260939,-26.634432],[31.272709,-26.61747]],[[31.266004,-26.606396],[31.269078,-26.607591],[31.271447,-26.606099]],[[31.271727,-26.604412],[31.273833,-26.604227],[31.282467,-26.598758],[31.291152,-26.60067],[31.293694,-26.603219],[31.292542,-26.606293],[31.297493,-26.612805]],[[31.30383,-26.620664],[31.306021,-26.624968],[31.306244,-26.626432]],[[31.306866,-26.630183],[31.305992,-26.631956],[31.310297,-26.635586],[31.320428,-26.639332]],[[31.322885,-26.638987],[31.323465,-26.640764],[31.326046,-26.641246],[31.327521,-26.640947],[31.328561,-26.638642],[31.336968,-26.638087],[31.33851,-26.640677],[31.341604,-26.642532],[31.341695,-26.638488],[31.340125,-26.636689],[31.335492,-26.634432]],[[31.326342,-26.635102],[31.319958,-26.630924],[31.312267,-26.621983],[31.31189,-26.619644],[31.313692,-26.61505]],[[31.311554,-26.589998],[31.305074,-26.587795],[31.291672,-26.589004],[31.289781,-26.587465],[31.288509,-26.583942],[31.289193,-26.579735]],[[31.267065,-26.511431],[31.262699,-26.511535],[31.24881,-26.507749]],[[31.341485,-26.542312],[31.343396,-26.538385]],[[31.325226,-26.51941],[31.28969,-26.542945],[31.289516,-26.545046],[31.291411,-26.550915],[31.293757,-26.553179],[31.299458,-26.553812],[31.301386,-26.552482]],[[31.327394,-26.556699],[31.328013,-26.552125],[31.338315,-26.548828]],[[31.338315,-26.548828],[31.341485,-26.542312]],[[31.548787,-26.699982],[31.547141,-26.699683]],[[31.547141,-26.699683],[31.543421,-26.695041],[31.539719,-26.68582]],[[31.526728,-26.704801],[31.517522,-26.712501],[31.511236,-26.719346]],[[31.511236,-26.719346],[31.507898,-26.726062],[31.504855,-26.728307]],[[31.503118,-26.726364],[31.495969,-26.725028],[31.493976,-26.722085],[31.492255,-26.721605]],[[31.487389,-26.722934],[31.484056,-26.728061],[31.487261,-26.735756],[31.480804,-26.740749]],[[31.36023,-26.832353],[31.385327,-26.837044]],[[31.544961,-26.835055],[31.538376,-26.812536]],[[31.56686,-26.749739],[31.570878,-26.738588]],[[31.566723,-26.732562],[31.567062,-26.727104],[31.565452,-26.718413],[31.56152,-26.709802]],[[31.56152,-26.709802],[31.561104,-26.704669],[31.553642,-26.700104]],[[31.553642,-26.700104],[31.548787,-26.699982]],[[31.360007,-26.760898],[31.338776,-26.733427]],[[31.326548,-26.754229],[31.308525,-26.803394]],[[31.308525,-26.803394],[31.318187,-26.806948]],[[31.318187,-26.806948],[31.322268,-26.806658],[31.332986,-26.799439]],[[31.345242,-26.787002],[31.3563,-26.7914],[31.355681,-26.784256]],[[31.361284,-26.76255],[31.360007,-26.760898]],[[31.441491,-26.201291],[31.441462,-26.198353]],[[31.256647,-26.425322],[31.257129,-26.433924]],[[31.257129,-26.433924],[31.260322,-26.436446],[31.267113,-26.439815]],[[31.294912,-26.420152],[31.298696,-26.420094],[31.299958,-26.418859],[31.299482,-26.417136]],[[31.298113,-26.407085],[31.299422,-26.404648],[31.297715,-26.401672],[31.297978,-26.401661]],[[31.297978,-26.401661],[31.306069,-26.405436],[31.322836,-26.413412],[31.323737,-26.413248],[31.338471,-26.420789]],[[31.38615,-26.435982],[31.388941,-26.435855],[31.399032,-26.429635]],[[31.409428,-26.443935],[31.418864,-26.449631],[31.426502,-26.457582]],[[31.43271,-26.460205],[31.436022,-26.459922]],[[31.464436,-26.34817],[31.46594,-26.34309],[31.465274,-26.336063],[31.462305,-26.331678],[31.461372,-26.327627]],[[31.442136,-26.266639],[31.441491,-26.201291]],[[31.411157,-25.953114],[31.364465,-25.927268]],[[31.205712,-26.026997],[31.16282,-26.038808],[31.157694,-26.046914]],[[31.2683,-26.157244],[31.270027,-26.157742],[31.281798,-26.151241],[31.295403,-26.15487]],[[31.307799,-26.081582],[31.32056,-26.073222],[31.321796,-26.07308],[31.325001,-26.078971]],[[31.420272,-26.096003],[31.436189,-26.090556]],[[31.439772,-26.058514],[31.439252,-26.053291],[31.440507,-26.054165],[31.444325,-26.061726]],[[31.455036,-26.067473],[31.453424,-26.065888]],[[31.453424,-26.065888],[31.451321,-26.055637],[31.451684,-26.051025]],[[31.451684,-26.051025],[31.45708,-26.045662],[31.466157,-26.031941],[31.430247,-26.032448],[31.429469,-26.030534]],[[31.41762,-25.952389],[31.416687,-25.956117]],[[31.416687,-25.956117],[31.411157,-25.953114]],[[31.453064,-25.822417],[31.453377,-25.818974],[31.452202,-25.816929],[31.429669,-25.844607]],[[31.39687,-25.889165],[31.43618,-25.878182]],[[31.43618,-25.878182],[31.423607,-25.928461]],[[31.458999,-25.958422],[31.463556,-25.956038]],[[31.461767,-25.953855],[31.462459,-25.948043],[31.46003,-25.945368]],[[31.458408,-25.942093],[31.457749,-25.93584],[31.458364,-25.930471],[31.462803,-25.925147]],[[31.444826,-25.831938],[31.446958,-25.826608],[31.448198,-25.827576]],[[31.451067,-25.822987],[31.452335,-25.823996],[31.453064,-25.822417]],[[31.287992,-25.849897],[31.283431,-25.853006]],[[31.286133,-25.91407],[31.292283,-25.91921],[31.293582,-25.919526],[31.294728,-25.917534],[31.297338,-25.917011],[31.30168,-25.923011],[31.304244,-25.922044]],[[31.329964,-25.907917],[31.371217,-25.896307]],[[31.361217,-25.892673],[31.363139,-25.891257],[31.363885,-25.887928],[31.36127,-25.885764]],[[31.36127,-25.885764],[31.360505,-25.883052],[31.356984,-25.881655]],[[31.325844,-25.873304],[31.287992,-25.849897]],[[31.359967,-25.756419],[31.34083,-25.756705],[31.291324,-25.820335],[31.292071,-25.821682],[31.300043,-25.82435],[31.307229,-25.822144]],[[31.307229,-25.822144],[31.313844,-25.814207],[31.319343,-25.813399]],[[31.324046,-25.815158],[31.329928,-25.812303],[31.332921,-25.811806],[31.337929,-25.813171],[31.342767,-25.811112]],[[31.333279,-25.796047],[31.331831,-25.794603],[31.333582,-25.79501]],[[31.349178,-25.802115],[31.352014,-25.806176],[31.352374,-25.801635]],[[31.379332,-25.774931],[31.377346,-25.773514],[31.376348,-25.76796]],[[31.421752,-25.729851],[31.419869,-25.726778],[31.366484,-25.756321],[31.410133,-25.756214]],[[31.437868,-25.75687],[31.421752,-25.729851]],[[31.334819,-26.498632],[31.339155,-26.498547],[31.341557,-26.500444],[31.338095,-26.49589],[31.336128,-26.495119],[31.334819,-26.498632]],[[31.334819,-26.498632],[31.330323,-26.492667],[31.323687,-26.497351],[31.325842,-26.497725],[31.328291,-26.501031],[31.330835,-26.498562],[31.332647,-26.498464],[31.331213,-26.502502],[31.333643,-26.507176],[31.341405,-26.505072],[31.34125,-26.50154],[31.337059,-26.502491],[31.33721,-26.500059],[31.334819,-26.498632]],[[31.321522,-26.492615],[31.321252,-26.49021],[31.318388,-26.489747],[31.321791,-26.493487],[31.321522,-26.492615]],[[31.343935,-26.495593],[31.344767,-26.491979],[31.343048,-26.48919],[31.344088,-26.488497],[31.339315,-26.489448],[31.340041,-26.491067],[31.343935,-26.495593]],[[32.050971,-26.259711],[32.028553,-26.223347],[32.027509,-26.228436],[32.021018,-26.238349],[32.020215,-26.256441],[32.00906,-26.275349],[32.008484,-26.288261],[32.012021,-26.290902],[32.015524,-26.299967],[32.014724,-26.30276],[32.029516,-26.304429],[32.049985,-26.284884],[32.00185,-26.343664],[31.971746,-26.33839],[31.972852,-26.336905],[31.95188,-26.295703],[31.94329,-26.294735],[31.917352,-26.357492],[31.920015,-26.359534],[31.920653,-26.363329],[31.922479,-26.365508],[31.924925,-26.365925],[31.923068,-26.370199],[31.9251,-26.372211],[31.923495,-26.386685],[31.952368,-26.389207]],[[31.939008,-26.424731],[31.937145,-26.431426],[31.938315,-26.435957],[31.944514,-26.434822],[31.949239,-26.436458],[31.964112,-26.455136],[31.958065,-26.472617],[31.960278,-26.47899]],[[32.012279,-26.53052],[32.014986,-26.536162],[32.011589,-26.542943]],[[32.015462,-26.551482],[32.013598,-26.567118],[32.010157,-26.575957]],[[32.010693,-26.642902],[32.011113,-26.655273],[32.016542,-26.682226],[32.013456,-26.716079],[32.014137,-26.724072],[32.012809,-26.740488],[32.010727,-26.750174],[32.008665,-26.777482],[32.003839,-26.797054],[32.005014,-26.803493],[32.008102,-26.807789],[32.006608,-26.809187],[32.009702,-26.810205],[32.017167,-26.807189],[32.02886,-26.80575],[32.035007,-26.807612],[32.037641,-26.81182],[32.044516,-26.816879],[32.053014,-26.818112],[32.059464,-26.816861],[32.061681,-26.813626],[32.070393,-26.809629],[32.092933,-26.804478],[32.097478,-26.804459],[32.104597,-26.809589],[32.107252,-26.822134],[32.113181,-26.827522],[32.118722,-26.838303],[32.123409,-26.840118],[32.133,-26.839969],[32.133252,-26.527375],[32.075896,-26.40537],[32.07244,-26.305765],[32.088147,-26.232612],[32.082068,-26.236362],[32.08403,-26.239727],[32.080616,-26.239019],[32.076646,-26.241661],[32.074528,-26.245978],[32.076641,-26.249292],[32.073795,-26.250713],[32.073432,-26.252354],[32.070326,-26.254306],[32.069481,-26.25305],[32.066307,-26.253739],[32.067089,-26.256396],[32.060972,-26.258336],[32.059989,-26.26058],[32.056362,-26.259378],[32.055055,-26.261419],[32.050971,-26.259711]],[[31.974139,-25.953407],[31.868201,-25.999958],[31.970053,-26.130242],[31.968847,-26.13368],[31.972341,-26.134019],[31.972847,-26.136773],[31.971332,-26.14026],[31.975188,-26.144262],[31.985817,-26.149965],[31.990742,-26.145018],[31.990269,-26.137566],[31.992297,-26.1345],[32.00417,-26.133193],[32.006865,-26.13406],[32.009,-26.137712],[32.010505,-26.137188],[32.012238,-26.13475],[32.011458,-26.130789],[32.00318,-26.120805],[32.001894,-26.112942],[32.010573,-26.106733],[32.018201,-26.10505],[32.021756,-26.105464],[32.025183,-26.111965],[32.025674,-26.118889],[32.023849,-26.122252],[32.017979,-26.126852],[32.015202,-26.132267],[32.019444,-26.143949],[32.030682,-26.152293],[32.030275,-26.161645],[32.024798,-26.167791],[32.025454,-26.171555],[32.036428,-26.17631],[32.040793,-26.176058],[32.04945,-26.179673],[32.053687,-26.179507],[32.055828,-26.177441],[32.062149,-26.175454],[32.066377,-26.168298],[32.07821,-26.166667],[32.086886,-26.170664],[32.089173,-26.172922],[32.090653,-26.177386],[32.091722,-26.190382],[32.09624,-26.193949],[32.103474,-26.160576],[32.083939,-26.029217],[32.085469,-26.009042],[32.028806,-26.00076],[32.009406,-25.994106],[32.001379,-25.997225],[31.974139,-25.953407]],[[31.552,-26.8404],[31.5542,-26.8429]],[[31.5542,-26.8429],[31.551,-26.8453]],[[31.551,-26.8453],[31.5499,-26.8488]],[[31.5499,-26.8488],[31.5423,-26.8507]],[[31.5423,-26.8507],[31.5398,-26.8538]],[[31.5398,-26.8538],[31.5385,-26.8592]],[[31.5385,-26.8592],[31.5426,-26.8645]],[[31.5426,-26.8645],[31.5432,-26.8688]],[[31.5432,-26.8688],[31.5463,-26.8733]],[[31.5463,-26.8733],[31.5433,-26.8788]],[[31.5433,-26.8788],[31.5405,-26.8801]],[[31.5405,-26.8801],[31.5388,-26.8852]],[[31.5388,-26.8852],[31.5348,-26.8874]],[[31.5348,-26.8874],[31.534,-26.8913]],[[31.534,-26.8913],[31.5383,-26.896]],[[31.5383,-26.896],[31.5561,-26.8894]],[[31.5561,-26.8894],[31.5605,-26.8931]],[[31.5605,-26.8931],[31.5667,-26.8939]],[[31.5667,-26.8939],[31.5703,-26.8965]],[[31.5703,-26.8965],[31.5787,-26.8974]],[[31.5787,-26.8974],[31.5786,-26.8999]],[[31.5786,-26.8999],[31.5751,-26.9043]],[[31.5751,-26.9043],[31.5767,-26.9078]],[[31.5767,-26.9078],[31.5732,-26.9123]],[[31.5732,-26.9123],[31.5737,-26.9174]],[[31.5737,-26.9174],[31.5722,-26.9202]],[[31.5722,-26.9202],[31.5748,-26.9237]],[[31.5748,-26.9237],[31.5746,-26.9263]],[[31.5746,-26.9263],[31.5763,-26.927]],[[31.5763,-26.927],[31.576,-26.9302]],[[31.576,-26.9302],[31.5855,-26.9337]],[[31.5855,-26.9337],[31.5859,-26.9364]],[[31.5859,-26.9364],[31.5847,-26.937]],[[31.5847,-26.937],[31.5886,-26.9418]],[[31.5886,-26.9418],[31.5922,-26.9434]],[[31.5922,-26.9434],[31.5921,-26.9446]],[[31.5921,-26.9446],[31.595,-26.9453]],[[31.595,-26.9453],[31.595,-26.9464]],[[31.595,-26.9464],[31.598,-26.9464]],[[31.598,-26.9464],[31.6039,-26.9492]],[[31.6039,-26.9492],[31.6086,-26.9482]],[[31.6086,-26.9482],[31.612,-26.9503]],[[31.612,-26.9503],[31.6148,-26.9502]],[[31.6148,-26.9502],[31.615,-26.9515]],[[31.615,-26.9515],[31.6124,-26.9539]],[[31.6124,-26.9539],[31.6084,-26.9554]],[[31.6084,-26.9554],[31.6084,-26.9586]],[[31.6084,-26.9586],[31.6118,-26.9617]],[[31.6118,-26.9617],[31.6048,-26.9629]],[[31.6048,-26.9629],[31.6025,-26.9644]],[[31.6025,-26.9644],[31.6014,-26.9685]],[[31.6014,-26.9685],[31.6026,-26.9768]],[[31.6026,-26.9768],[31.6021,-26.9781]],[[31.6021,-26.9781],[31.5988,-26.9789]],[[31.5988,-26.9789],[31.614,-27.0103]],[[31.614,-27.0103],[31.6458,-27.0228]],[[31.6458,-27.0228],[31.6314,-27.0387]],[[31.6314,-27.0387],[31.63,-27.0466]],[[31.63,-27.0466],[31.6282,-27.0486]],[[31.6282,-27.0486],[31.6338,-27.0732]],[[31.6338,-27.0732],[31.6319,-27.0771]],[[31.6319,-27.0771],[31.632,-27.0815]],[[31.632,-27.0815],[31.6376,-27.0914]],[[31.6376,-27.0914],[31.6383,-27.0969]],[[31.6383,-27.0969],[31.6456,-27.1153]],[[31.6456,-27.1153],[31.6535,-27.1216]],[[31.6535,-27.1216],[31.6607,-27.1243]],[[31.6607,-27.1243],[31.6657,-27.1323]],[[31.6657,-27.1323],[31.6654,-27.1335]],[[31.6654,-27.1335],[31.6632,-27.1335]],[[31.6632,-27.1335],[31.6607,-27.1288]],[[31.6607,-27.1288],[31.6586,-27.1285]],[[31.6586,-27.1285],[31.6526,-27.1323]],[[31.6526,-27.1323],[31.6427,-27.1342]],[[31.6427,-27.1342],[31.6424,-27.1343]],[[31.6424,-27.1343],[31.6423,-27.1349]],[[31.6423,-27.1349],[31.6417,-27.1422]],[[31.6417,-27.1422],[31.6414,-27.1452]],[[31.6414,-27.1452],[31.6416,-27.1456]],[[31.6416,-27.1456],[31.644,-27.1497]],[[31.644,-27.1497],[31.6428,-27.1516]],[[31.6428,-27.1516],[31.643,-27.1562]],[[31.643,-27.1562],[31.6387,-27.1622]],[[31.6387,-27.1622],[31.6383,-27.1718]],[[31.6383,-27.1718],[31.642,-27.1771]],[[31.642,-27.1771],[31.6414,-27.1785]],[[31.6414,-27.1785],[31.6429,-27.1794]],[[31.6429,-27.1794],[31.6417,-27.1806]],[[31.6417,-27.1806],[31.6454,-27.1819]],[[31.6454,-27.1819],[31.6436,-27.184]],[[31.6436,-27.184],[31.6445,-27.1862]],[[31.6445,-27.1862],[31.6412,-27.1878]],[[31.6412,-27.1878],[31.6392,-27.1921]],[[31.6392,-27.1921],[31.6394,-27.1964]],[[31.6394,-27.1964],[31.637,-27.2015]],[[31.637,-27.2015],[31.6363,-27.213]],[[31.6363,-27.213],[31.6317,-27.2147]],[[31.6317,-27.2147],[31.63,-27.2215]],[[31.63,-27.2215],[31.6319,-27.2305]],[[31.6319,-27.2305],[31.631,-27.2385]],[[31.631,-27.2385],[31.6349,-27.2474]],[[31.6349,-27.2474],[31.628,-27.2474]],[[31.628,-27.2474],[31.6108,-27.2558]],[[31.6108,-27.2558],[31.6113,-27.2618]],[[31.6113,-27.2618],[31.6082,-27.263]],[[31.6082,-27.263],[31.6101,-27.2653]],[[31.6101,-27.2653],[31.6079,-27.2705]],[[31.6079,-27.2705],[31.6092,-27.274]],[[31.6092,-27.274],[31.6072,-27.2757]],[[31.6072,-27.2757],[31.6058,-27.2795]],[[31.6058,-27.2795],[31.6088,-27.2822]],[[31.6088,-27.2822],[31.6052,-27.2846]],[[31.6052,-27.2846],[31.6065,-27.2864]],[[31.6065,-27.2864],[31.6043,-27.2876]],[[31.6043,-27.2876],[31.6068,-27.2896]],[[31.6068,-27.2896],[31.6049,-27.2901]],[[31.6049,-27.2901],[31.6058,-27.2913]],[[31.6058,-27.2913],[31.604,-27.2922]],[[31.604,-27.2922],[31.6051,-27.2934]],[[31.6051,-27.2934],[31.6027,-27.2978]],[[31.6027,-27.2978],[31.6055,-27.2976]],[[31.6055,-27.2976],[31.6057,-27.3015]],[[31.6057,-27.3015],[31.6016,-27.3053]],[[31.6016,-27.3053],[31.6012,-27.3057]],[[31.6012,-27.3057],[31.6012,-27.3064]],[[31.6012,-27.3064],[31.6009,-27.311]],[[31.6009,-27.311],[31.6009,-27.3116]],[[31.6009,-27.3116],[31.601,-27.3117]],[[31.601,-27.3117],[31.6076,-27.3124]],[[31.6076,-27.3124],[31.608,-27.3139]],[[31.608,-27.3139],[31.6079,-27.3157],[31.5651,-27.3155]],[[31.5651,-27.3155],[31.5656,-27.3131]],[[31.5656,-27.3131],[31.563,-27.3117]],[[31.563,-27.3117],[31.5636,-27.3076]],[[31.5636,-27.3076],[31.5613,-27.3051]],[[31.5613,-27.3051],[31.5627,-27.3017]],[[31.5627,-27.3017],[31.5559,-27.3037]],[[31.5559,-27.3037],[31.5544,-27.2988]],[[31.5544,-27.2988],[31.5516,-27.2966]],[[31.5516,-27.2966],[31.5459,-27.2965]],[[31.5459,-27.2965],[31.5397,-27.2941]],[[31.5397,-27.2941],[31.5388,-27.2922]],[[31.5388,-27.2922],[31.5353,-27.2913]],[[31.5353,-27.2913],[31.5335,-27.2895]],[[31.5335,-27.2895],[31.5322,-27.2902]],[[31.5322,-27.2902],[31.5318,-27.2848]],[[31.5318,-27.2848],[31.5306,-27.2836]],[[31.5306,-27.2836],[31.5253,-27.2833]],[[31.5253,-27.2833],[31.519,-27.2796]],[[31.519,-27.2796],[31.5166,-27.2808]],[[31.5166,-27.2808],[31.5153,-27.277]],[[31.5153,-27.277],[31.5098,-27.2764]],[[31.5098,-27.2764],[31.5102,-27.2746]],[[31.5102,-27.2746],[31.5069,-27.2707]],[[31.5069,-27.2707],[31.5159,-27.2548]],[[31.5159,-27.2548],[31.5325,-27.2614]],[[31.5325,-27.2614],[31.5526,-27.2676]],[[31.5526,-27.2676],[31.5545,-27.265]],[[31.5545,-27.265],[31.5506,-27.2611]],[[31.5506,-27.2611],[31.553,-27.2565]],[[31.553,-27.2565],[31.5563,-27.2554]],[[31.5563,-27.2554],[31.5583,-27.2525]],[[31.5583,-27.2525],[31.5575,-27.2506]],[[31.5575,-27.2506],[31.5588,-27.2499]],[[31.5588,-27.2499],[31.5594,-27.247]],[[31.5594,-27.247],[31.5588,-27.2428]],[[31.5588,-27.2428],[31.5609,-27.2416]],[[31.5609,-27.2416],[31.5615,-27.2392]],[[31.5615,-27.2392],[31.5649,-27.2399]],[[31.5649,-27.2399],[31.5708,-27.2386]],[[31.5708,-27.2386],[31.5708,-27.2356]],[[31.5708,-27.2356],[31.5722,-27.236]],[[31.5722,-27.236],[31.5738,-27.2297]],[[31.5738,-27.2297],[31.5753,-27.2281]],[[31.5753,-27.2281],[31.5748,-27.2254]],[[31.5748,-27.2254],[31.5797,-27.218]],[[31.5797,-27.218],[31.6166,-27.2117]],[[31.6166,-27.2117],[31.6171,-27.2099]],[[31.6171,-27.2099],[31.6194,-27.21]],[[31.6194,-27.21],[31.6187,-27.1932]],[[31.6187,-27.1932],[31.6131,-27.1628]],[[31.6131,-27.1628],[31.6094,-27.1633]],[[31.6094,-27.1633],[31.6108,-27.1552]],[[31.6108,-27.1552],[31.61,-27.1486]],[[31.61,-27.1486],[31.6153,-27.1447]],[[31.6153,-27.1447],[31.6067,-27.1413]],[[31.6067,-27.1413],[31.601,-27.148]],[[31.601,-27.148],[31.5987,-27.1486]],[[31.5987,-27.1486],[31.5966,-27.1471]],[[31.5966,-27.1471],[31.5953,-27.1488]],[[31.5953,-27.1488],[31.5905,-27.1478]],[[31.5905,-27.1478],[31.5872,-27.1498]],[[31.5872,-27.1498],[31.5857,-27.1543]],[[31.5857,-27.1543],[31.5814,-27.1571]],[[31.5814,-27.1571],[31.5764,-27.1659]],[[31.5764,-27.1659],[31.5676,-27.1739]],[[31.5676,-27.1739],[31.5571,-27.1878]],[[31.5571,-27.1878],[31.5558,-27.1873]],[[31.5558,-27.1873],[31.5529,-27.1616]],[[31.5529,-27.1616],[31.5319,-27.1534]],[[31.5319,-27.1534],[31.537,-27.2116]],[[31.537,-27.2116],[31.5248,-27.2085]],[[31.5248,-27.2085],[31.4765,-27.2354]],[[31.4765,-27.2354],[31.4842,-27.2209]],[[31.4842,-27.2209],[31.4668,-27.1816]],[[31.4668,-27.1816],[31.4398,-27.1824]],[[31.4398,-27.1824],[31.4351,-27.1755]],[[31.4351,-27.1755],[31.4227,-27.168]],[[31.4227,-27.168],[31.4236,-27.1648]],[[31.4236,-27.1648],[31.4196,-27.1572]],[[31.4196,-27.1572],[31.4198,-27.1538]],[[31.4198,-27.1538],[31.4221,-27.1532]],[[31.4221,-27.1532],[31.4192,-27.1498]],[[31.4192,-27.1498],[31.4146,-27.1508]],[[31.4146,-27.1508],[31.4109,-27.155]],[[31.4109,-27.155],[31.41,-27.1599]],[[31.41,-27.1599],[31.4067,-27.1644]],[[31.4067,-27.1644],[31.3977,-27.1636]],[[31.3977,-27.1636],[31.3966,-27.1647]],[[31.3966,-27.1647],[31.3921,-27.1309]],[[31.3921,-27.1309],[31.39,-27.1299]],[[31.39,-27.1299],[31.3889,-27.1255]],[[31.3889,-27.1255],[31.3889,-27.1219]],[[31.3889,-27.1219],[31.3906,-27.1195]],[[31.3906,-27.1195],[31.3896,-27.112]],[[31.3896,-27.112],[31.3971,-27.0943]],[[31.3971,-27.0943],[31.3991,-27.0938]],[[31.3991,-27.0938],[31.4005,-27.095]],[[31.4005,-27.095],[31.401,-27.0821]],[[31.401,-27.0821],[31.4054,-27.0791]],[[31.4054,-27.0791],[31.4056,-27.0782]],[[31.4056,-27.0782],[31.4059,-27.0779]],[[31.4059,-27.0779],[31.4099,-27.0793]],[[31.4099,-27.0793],[31.4141,-27.0796]],[[31.4141,-27.0796],[31.4166,-27.0793]],[[31.4166,-27.0793],[31.4301,-27.0809]],[[31.4301,-27.0809],[31.4256,-27.1003]],[[31.4256,-27.1003],[31.4272,-27.1048]],[[31.4272,-27.1048],[31.4303,-27.1059]],[[31.4303,-27.1059],[31.431,-27.1071]],[[31.431,-27.1071],[31.432,-27.1077]],[[31.432,-27.1077],[31.4366,-27.1045]],[[31.4366,-27.1045],[31.4364,-27.1026]],[[31.4364,-27.1026],[31.441,-27.0968]],[[31.441,-27.0968],[31.4391,-27.0955]],[[31.4391,-27.0955],[31.4381,-27.0909]],[[31.4381,-27.0909],[31.4401,-27.0791]],[[31.4401,-27.0791],[31.4396,-27.0728]],[[31.4396,-27.0728],[31.4371,-27.0686]],[[31.4371,-27.0686],[31.4357,-27.0615]],[[31.4357,-27.0615],[31.4316,-27.0529]],[[31.4316,-27.0529],[31.4333,-27.0502]],[[31.4333,-27.0502],[31.4323,-27.0447]],[[31.4323,-27.0447],[31.4324,-27.0443]],[[31.4324,-27.0443],[31.4324,-27.0444]],[[31.4324,-27.0444],[31.4338,-27.0407]],[[31.4338,-27.0407],[31.4347,-27.0395]],[[31.4347,-27.0395],[31.4388,-27.0351]],[[31.4388,-27.0351],[31.4419,-27.0329]],[[31.4419,-27.0329],[31.445,-27.032]],[[31.445,-27.032],[31.4403,-27.0364]],[[31.4403,-27.0364],[31.443,-27.044]],[[31.443,-27.044],[31.4414,-27.0541]],[[31.4414,-27.0541],[31.4457,-27.0654]],[[31.4457,-27.0654],[31.4461,-27.0665]],[[31.4461,-27.0665],[31.4493,-27.0713]],[[31.4493,-27.0713],[31.4501,-27.0785]],[[31.4501,-27.0785],[31.4543,-27.085]],[[31.4543,-27.085],[31.4545,-27.0853]],[[31.4545,-27.0853],[31.4543,-27.086]],[[31.4543,-27.086],[31.4535,-27.0896]],[[31.4535,-27.0896],[31.4524,-27.0952]],[[31.4524,-27.0952],[31.4472,-27.0998]],[[31.4472,-27.0998],[31.4465,-27.1003]],[[31.4465,-27.1003],[31.4396,-27.1016]],[[31.4396,-27.1016],[31.4529,-27.1088]],[[31.4529,-27.1088],[31.4638,-27.1095]],[[31.4638,-27.1095],[31.4753,-27.1067]],[[31.4753,-27.1067],[31.4755,-27.1066]],[[31.4755,-27.1066],[31.4893,-27.1123]],[[31.4893,-27.1123],[31.4972,-27.1114]],[[31.4972,-27.1114],[31.4983,-27.1136]],[[31.4983,-27.1136],[31.5075,-27.1185]],[[31.5075,-27.1185],[31.5181,-27.1142]],[[31.5181,-27.1142],[31.5197,-27.113]],[[31.5197,-27.113],[31.5207,-27.1095]],[[31.5207,-27.1095],[31.5206,-27.1045]],[[31.5206,-27.1045],[31.5202,-27.1026]],[[31.5202,-27.1026],[31.5206,-27.0989]],[[31.5206,-27.0989],[31.5212,-27.0943]],[[31.5212,-27.0943],[31.5218,-27.089]],[[31.5218,-27.089],[31.5168,-27.084]],[[31.5168,-27.084],[31.5124,-27.0795]],[[31.5124,-27.0795],[31.5085,-27.0792]],[[31.5085,-27.0792],[31.5039,-27.0758]],[[31.5039,-27.0758],[31.5062,-27.0706]],[[31.5062,-27.0706],[31.5076,-27.0703]],[[31.5076,-27.0703],[31.5081,-27.0668]],[[31.5081,-27.0668],[31.5233,-27.0671]],[[31.5233,-27.0671],[31.5283,-27.0644]],[[31.5283,-27.0644],[31.5301,-27.0649]],[[31.5301,-27.0649],[31.5331,-27.0618]],[[31.5331,-27.0618],[31.5346,-27.0627]],[[31.5346,-27.0627],[31.5396,-27.0589]],[[31.5396,-27.0589],[31.5454,-27.0575]],[[31.5454,-27.0575],[31.5461,-27.059]],[[31.5461,-27.059],[31.5482,-27.0596]],[[31.5482,-27.0596],[31.5497,-27.0641]],[[31.5497,-27.0641],[31.553,-27.0664]],[[31.553,-27.0664],[31.5631,-27.0658]],[[31.5631,-27.0658],[31.5697,-27.0718]],[[31.5697,-27.0718],[31.5755,-27.0744]],[[31.5755,-27.0744],[31.5819,-27.0716]],[[31.5819,-27.0716],[31.5817,-27.0741]],[[31.5817,-27.0741],[31.5842,-27.0724]],[[31.5842,-27.0724],[31.5891,-27.0749]],[[31.5891,-27.0749],[31.5883,-27.0718]],[[31.5883,-27.0718],[31.59,-27.0708]],[[31.59,-27.0708],[31.6037,-27.0734]],[[31.6037,-27.0734],[31.6067,-27.0662]],[[31.6067,-27.0662],[31.6164,-27.0639]],[[31.6164,-27.0639],[31.6128,-27.0577]],[[31.6128,-27.0577],[31.6082,-27.0536]],[[31.6082,-27.0536],[31.6083,-27.0455]],[[31.6083,-27.0455],[31.6058,-27.0445]],[[31.6058,-27.0445],[31.6015,-27.0453]],[[31.6015,-27.0453],[31.6043,-27.041]],[[31.6043,-27.041],[31.6058,-27.0295]],[[31.6058,-27.0295],[31.6104,-27.0226]],[[31.6104,-27.0226],[31.6066,-27.0197]],[[31.6066,-27.0197],[31.6037,-27.0137]],[[31.6037,-27.0137],[31.6026,-27.0131]],[[31.6026,-27.0131],[31.5975,-27.0144]],[[31.5975,-27.0144],[31.5972,-27.0162]],[[31.5972,-27.0162],[31.5948,-27.0171]],[[31.5948,-27.0171],[31.5912,-27.022]],[[31.5912,-27.022],[31.5873,-27.0292]],[[31.5873,-27.0292],[31.5851,-27.0262]],[[31.5851,-27.0262],[31.5844,-27.0219]],[[31.5844,-27.0219],[31.5748,-27.0159]],[[31.5748,-27.0159],[31.5696,-27.0045]],[[31.5696,-27.0045],[31.5692,-26.9996]],[[31.5692,-26.9996],[31.5718,-26.9916]],[[31.5718,-26.9916],[31.5793,-26.9865]],[[31.5793,-26.9865],[31.5756,-26.9845]],[[31.5756,-26.9845],[31.5755,-26.9825]],[[31.5755,-26.9825],[31.5795,-26.9789]],[[31.5795,-26.9789],[31.5845,-26.9771]],[[31.5845,-26.9771],[31.5797,-26.9765]],[[31.5797,-26.9765],[31.5774,-26.9744]],[[31.5774,-26.9744],[31.5818,-26.9728]],[[31.5818,-26.9728],[31.5846,-26.9695]],[[31.5846,-26.9695],[31.5698,-26.9676]],[[31.5698,-26.9676],[31.5691,-26.9686]],[[31.5691,-26.9686],[31.572,-26.9713]],[[31.572,-26.9713],[31.5716,-26.9726]],[[31.5716,-26.9726],[31.569,-26.9722]],[[31.569,-26.9722],[31.5646,-26.9741]],[[31.5646,-26.9741],[31.5628,-26.9727]],[[31.5628,-26.9727],[31.5663,-26.9694]],[[31.5663,-26.9694],[31.5626,-26.968]],[[31.5626,-26.968],[31.563,-26.9658]],[[31.563,-26.9658],[31.5609,-26.9652]],[[31.5609,-26.9652],[31.556,-26.9706]],[[31.556,-26.9706],[31.5561,-26.9737]],[[31.5561,-26.9737],[31.5526,-26.9728]],[[31.5526,-26.9728],[31.5533,-26.97]],[[31.5533,-26.97],[31.5513,-26.9678]],[[31.5513,-26.9678],[31.548,-26.9679]],[[31.548,-26.9679],[31.5431,-26.9723]],[[31.5431,-26.9723],[31.543,-26.9723]],[[31.543,-26.9723],[31.5427,-26.9722]],[[31.5427,-26.9722],[31.5402,-26.9712]],[[31.5402,-26.9712],[31.5384,-26.9703]],[[31.5384,-26.9703],[31.512,-26.9442]],[[31.512,-26.9442],[31.5107,-26.9261]],[[31.5107,-26.9261],[31.5033,-26.9213]],[[31.5033,-26.9213],[31.4576,-26.8917]],[[31.4576,-26.8917],[31.4446,-26.9168]],[[31.4446,-26.9168],[31.4326,-26.9175]],[[31.4326,-26.9175],[31.4374,-26.9081]],[[31.4374,-26.9081],[31.4233,-26.9058]],[[31.4233,-26.9058],[31.4302,-26.8955]],[[31.4302,-26.8955],[31.4176,-26.8796]],[[31.4176,-26.8796],[31.4311,-26.8642]],[[31.4311,-26.8642],[31.4661,-26.851]],[[31.4661,-26.851],[31.5154,-26.8593]],[[31.5154,-26.8593],[31.5296,-26.8444]],[[31.5296,-26.8444],[31.545,-26.8351]],[[31.545,-26.8351],[31.5436,-26.8303]],[[31.5436,-26.8303],[31.5458,-26.8302]],[[31.5458,-26.8302],[31.5466,-26.8306]],[[31.5466,-26.8306],[31.5516,-26.8334]],[[31.5516,-26.8334],[31.5516,-26.8335]],[[31.5516,-26.8335],[31.5513,-26.8362]],[[31.5513,-26.8362],[31.5528,-26.8377]],[[31.5528,-26.8377],[31.552,-26.8404]],[[31.3003,-26.5498],[31.301,-26.5481]],[[31.301,-26.5481],[31.3071,-26.5479]],[[31.3071,-26.5479],[31.3073,-26.5483]],[[31.3073,-26.5483],[31.3088,-26.5508]],[[31.3088,-26.5508],[31.3081,-26.5569]],[[31.3081,-26.5569],[31.3092,-26.5572]],[[31.3092,-26.5572],[31.3123,-26.5579]],[[31.3123,-26.5579],[31.3153,-26.5585]],[[31.3153,-26.5585],[31.3169,-26.5646]],[[31.3169,-26.5646],[31.3298,-26.5651]],[[31.3298,-26.5651],[31.3293,-26.5599]],[[31.3293,-26.5599],[31.3274,-26.5567]],[[31.3274,-26.5567],[31.3281,-26.5521]],[[31.3281,-26.5521],[31.3281,-26.552]],[[31.3281,-26.552],[31.3383,-26.5488]],[[31.3383,-26.5488],[31.3434,-26.5384]],[[31.3434,-26.5384],[31.3566,-26.5348]],[[31.3566,-26.5348],[31.3419,-26.5259]],[[31.3419,-26.5259],[31.3262,-26.5198]],[[31.3262,-26.5198],[31.3252,-26.5194]],[[31.3252,-26.5194],[31.3227,-26.5102]],[[31.3227,-26.5102],[31.3235,-26.5099]],[[31.3235,-26.5099],[31.3478,-26.5034]],[[31.3478,-26.5034],[31.351,-26.5116],[31.3519,-26.5122]],[[31.3519,-26.5122],[31.3551,-26.5144]],[[31.3551,-26.5144],[31.3567,-26.5198]],[[31.3567,-26.5198],[31.3591,-26.5277],[31.3637,-26.5351],[31.3641,-26.5433],[31.3731,-26.5508],[31.373,-26.551]],[[31.373,-26.551],[31.3726,-26.5537]],[[31.3726,-26.5537],[31.3742,-26.5546]],[[31.3742,-26.5546],[31.3759,-26.5585]],[[31.3759,-26.5585],[31.3746,-26.5608]],[[31.3746,-26.5608],[31.3759,-26.5655]],[[31.3759,-26.5655],[31.3742,-26.567]],[[31.3742,-26.567],[31.3799,-26.5713]],[[31.3799,-26.5713],[31.3799,-26.5714]],[[31.3799,-26.5714],[31.3756,-26.577]],[[31.3756,-26.577],[31.3756,-26.58]],[[31.3756,-26.58],[31.3726,-26.5804]],[[31.3726,-26.5804],[31.3697,-26.5836]],[[31.3697,-26.5836],[31.364,-26.5836]],[[31.364,-26.5836],[31.3641,-26.5864]],[[31.3641,-26.5864],[31.362,-26.5871]],[[31.362,-26.5871],[31.3619,-26.5879]],[[31.3619,-26.5879],[31.3619,-26.5887]],[[31.3619,-26.5887],[31.3642,-26.591]],[[31.3642,-26.591],[31.3634,-26.5969]],[[31.3634,-26.5969],[31.3636,-26.5974]],[[31.3636,-26.5974],[31.367,-26.5992]],[[31.367,-26.5992],[31.3701,-26.5983]],[[31.3701,-26.5983],[31.3765,-26.6]],[[31.3765,-26.6],[31.3788,-26.6062]],[[31.3788,-26.6062],[31.379,-26.6068]],[[31.379,-26.6068],[31.3787,-26.607]],[[31.3787,-26.607],[31.3752,-26.6106]],[[31.3752,-26.6106],[31.376,-26.6175]],[[31.376,-26.6175],[31.3761,-26.6176]],[[31.3761,-26.6176],[31.3671,-26.6221]],[[31.3671,-26.6221],[31.3662,-26.6226]],[[31.3662,-26.6226],[31.3617,-26.625]],[[31.3617,-26.625],[31.3613,-26.6252]],[[31.3613,-26.6252],[31.3607,-26.6271]],[[31.3607,-26.6271],[31.3604,-26.6282]],[[31.3604,-26.6282],[31.3603,-26.6283]],[[31.3603,-26.6283],[31.3605,-26.6284]],[[31.3605,-26.6284],[31.3672,-26.6342]],[[31.3672,-26.6342],[31.3685,-26.6438]],[[31.3685,-26.6438],[31.3745,-26.6514]],[[31.3745,-26.6514],[31.3751,-26.6565]],[[31.3751,-26.6565],[31.3714,-26.662]],[[31.3714,-26.662],[31.3715,-26.6638]],[[31.3715,-26.6638],[31.3716,-26.6639]],[[31.3716,-26.6639],[31.3769,-26.6676]],[[31.3769,-26.6676],[31.3811,-26.6738]],[[31.3811,-26.6738],[31.3819,-26.678]],[[31.3819,-26.678],[31.382,-26.6781]],[[31.382,-26.6781],[31.3821,-26.6781]],[[31.3821,-26.6781],[31.392,-26.6818]],[[31.392,-26.6818],[31.3962,-26.6795]],[[31.3962,-26.6795],[31.3973,-26.6858]],[[31.3973,-26.6858],[31.3876,-26.6879]],[[31.3876,-26.6879],[31.3842,-26.6947]],[[31.3842,-26.6947],[31.3789,-26.6942]],[[31.3789,-26.6942],[31.3701,-26.6964]],[[31.3701,-26.6964],[31.389,-26.7391]],[[31.389,-26.7391],[31.3908,-26.7379]],[[31.3908,-26.7379],[31.3938,-26.7384]],[[31.3938,-26.7384],[31.3955,-26.7369]],[[31.3955,-26.7369],[31.3909,-26.7327]],[[31.3909,-26.7327],[31.3919,-26.7281]],[[31.3919,-26.7281],[31.4085,-26.7214]],[[31.4085,-26.7214],[31.4068,-26.7137]],[[31.4068,-26.7137],[31.4098,-26.7086]],[[31.4098,-26.7086],[31.4249,-26.7007]],[[31.4249,-26.7007],[31.436,-26.6979]],[[31.436,-26.6979],[31.4381,-26.6907]],[[31.4381,-26.6907],[31.4462,-26.6931]],[[31.4462,-26.6931],[31.4608,-26.6909]],[[31.4608,-26.6909],[31.4618,-26.6911]],[[31.4618,-26.6911],[31.463,-26.6976]],[[31.463,-26.6976],[31.4617,-26.6998]],[[31.4617,-26.6998],[31.4687,-26.7024]],[[31.4687,-26.7024],[31.4684,-26.7077]],[[31.4684,-26.7077],[31.4714,-26.7122]],[[31.4714,-26.7122],[31.4715,-26.7176]],[[31.4715,-26.7176],[31.4715,-26.7178]],[[31.4715,-26.7178],[31.4761,-26.7195]],[[31.4761,-26.7195],[31.4789,-26.7247]],[[31.4789,-26.7247],[31.4843,-26.7274]],[[31.4843,-26.7274],[31.4844,-26.7276]],[[31.4844,-26.7276],[31.4873,-26.7355]],[[31.4873,-26.7355],[31.4872,-26.7356]],[[31.4872,-26.7356],[31.4808,-26.7407]],[[31.4808,-26.7407],[31.4798,-26.7435]],[[31.4798,-26.7435],[31.4805,-26.7488]],[[31.4805,-26.7488],[31.4794,-26.753]],[[31.4794,-26.753],[31.4821,-26.7571]],[[31.4821,-26.7571],[31.4794,-26.7611]],[[31.4794,-26.7611],[31.481,-26.7684]],[[31.481,-26.7684],[31.4576,-26.7572]],[[31.4576,-26.7572],[31.4388,-26.7527]],[[31.4388,-26.7527],[31.3907,-26.7783]],[[31.3907,-26.7783],[31.3832,-26.7989]],[[31.3832,-26.7989],[31.3479,-26.799]],[[31.3479,-26.799],[31.3481,-26.8019]],[[31.3481,-26.8019],[31.3506,-26.8048]],[[31.3506,-26.8048],[31.3569,-26.822]],[[31.3569,-26.822],[31.3604,-26.8278]],[[31.3604,-26.8278],[31.3596,-26.8296]],[[31.3596,-26.8296],[31.3611,-26.8312]],[[31.3611,-26.8312],[31.3602,-26.8324]],[[31.3602,-26.8324],[31.3217,-26.8251]],[[31.3217,-26.8251],[31.3219,-26.8274]],[[31.3219,-26.8274],[31.3206,-26.8274]],[[31.3206,-26.8274],[31.3208,-26.8305]],[[31.3208,-26.8305],[31.3187,-26.8321]],[[31.3187,-26.8321],[31.3194,-26.8336]],[[31.3194,-26.8336],[31.3171,-26.8393]],[[31.3171,-26.8393],[31.3253,-26.8563]],[[31.3253,-26.8563],[31.3271,-26.8641]],[[31.3271,-26.8641],[31.3265,-26.8733]],[[31.3265,-26.8733],[31.3305,-26.8783]],[[31.3305,-26.8783],[31.331,-26.8832]],[[31.331,-26.8832],[31.3348,-26.8871]],[[31.3348,-26.8871],[31.3345,-26.8913]],[[31.3345,-26.8913],[31.338,-26.8966]],[[31.338,-26.8966],[31.3363,-26.9018]],[[31.3363,-26.9018],[31.3305,-26.908]],[[31.3305,-26.908],[31.3328,-26.9132]],[[31.3328,-26.9132],[31.3287,-26.9195]],[[31.3287,-26.9195],[31.3186,-26.922]],[[31.3186,-26.922],[31.3024,-26.9183]],[[31.3024,-26.9183],[31.2758,-26.9091]],[[31.2758,-26.9091],[31.2706,-26.9098]],[[31.2706,-26.9098],[31.2618,-26.902]],[[31.2618,-26.902],[31.2617,-26.9016]],[[31.2617,-26.9016],[31.2634,-26.8989]],[[31.2634,-26.8989],[31.2636,-26.8988]],[[31.2636,-26.8988],[31.2679,-26.8972]],[[31.2679,-26.8972],[31.273,-26.8919]],[[31.273,-26.8919],[31.2786,-26.8911]],[[31.2786,-26.8911],[31.2831,-26.8864]],[[31.2831,-26.8864],[31.2937,-26.8868]],[[31.2937,-26.8868],[31.2959,-26.885]],[[31.2959,-26.885],[31.2958,-26.8849]],[[31.2958,-26.8849],[31.2943,-26.8822]],[[31.2943,-26.8822],[31.2841,-26.8778]],[[31.2841,-26.8778],[31.2842,-26.8756]],[[31.2842,-26.8756],[31.2897,-26.8661]],[[31.2897,-26.8661],[31.2901,-26.8607]],[[31.2901,-26.8607],[31.2633,-26.8399]],[[31.2633,-26.8399],[31.2679,-26.8361]],[[31.2679,-26.8361],[31.2737,-26.8366]],[[31.2737,-26.8366],[31.278,-26.8355]],[[31.278,-26.8355],[31.2794,-26.8336]],[[31.2794,-26.8336],[31.2757,-26.8249]],[[31.2757,-26.8249],[31.2778,-26.8143]],[[31.2778,-26.8143],[31.2853,-26.8129]],[[31.2853,-26.8129],[31.2967,-26.8054]],[[31.2967,-26.8054],[31.3048,-26.8063]],[[31.3048,-26.8063],[31.3063,-26.804]],[[31.3063,-26.804],[31.3082,-26.8035]],[[31.3082,-26.8035],[31.3085,-26.8034]],[[31.3085,-26.8034],[31.3087,-26.8035]],[[31.3087,-26.8035],[31.3103,-26.8035]],[[31.3103,-26.8035],[31.3182,-26.8069]],[[31.3182,-26.8069],[31.3219,-26.8067]],[[31.3219,-26.8067],[31.333,-26.7994]],[[31.333,-26.7994],[31.3407,-26.7966]],[[31.3407,-26.7966],[31.341,-26.7943]],[[31.341,-26.7943],[31.336,-26.7949]],[[31.336,-26.7949],[31.3345,-26.7937]],[[31.3345,-26.7937],[31.3452,-26.787]],[[31.3452,-26.787],[31.3561,-26.7913]],[[31.3561,-26.7913],[31.3557,-26.7843]],[[31.3557,-26.7843],[31.3573,-26.7798]],[[31.3573,-26.7798],[31.3573,-26.7742]],[[31.3573,-26.7742],[31.3557,-26.7703]],[[31.3557,-26.7703],[31.3519,-26.7663]],[[31.3519,-26.7663],[31.3549,-26.7629]],[[31.3549,-26.7629],[31.3613,-26.7625]],[[31.3613,-26.7625],[31.3388,-26.7334]],[[31.3388,-26.7334],[31.3247,-26.7294]],[[31.3247,-26.7294],[31.3231,-26.7352]],[[31.3231,-26.7352],[31.3244,-26.7417]],[[31.3244,-26.7417],[31.324,-26.7513]],[[31.324,-26.7513],[31.3261,-26.7524]],[[31.3261,-26.7524],[31.3265,-26.7542]],[[31.3265,-26.7542],[31.3242,-26.7598]],[[31.3242,-26.7598],[31.3212,-26.7587]],[[31.3212,-26.7587],[31.3196,-26.7555]],[[31.3196,-26.7555],[31.3103,-26.7505]],[[31.3103,-26.7505],[31.3067,-26.7507]],[[31.3067,-26.7507],[31.3063,-26.746]],[[31.3063,-26.746],[31.3084,-26.7424]],[[31.3084,-26.7424],[31.3054,-26.7392]],[[31.3054,-26.7392],[31.2965,-26.7449]],[[31.2965,-26.7449],[31.2889,-26.7466]],[[31.2889,-26.7466],[31.2851,-26.752]],[[31.2851,-26.752],[31.2796,-26.752]],[[31.2796,-26.752],[31.281,-26.7483]],[[31.281,-26.7483],[31.2905,-26.741]],[[31.2905,-26.741],[31.2901,-26.7326]],[[31.2901,-26.7326],[31.2837,-26.7318]],[[31.2837,-26.7318],[31.2694,-26.7224]],[[31.2694,-26.7224],[31.2831,-26.6992]],[[31.2831,-26.6992],[31.2932,-26.6997]],[[31.2932,-26.6997],[31.2931,-26.6964]],[[31.2931,-26.6964],[31.2909,-26.6949]],[[31.2909,-26.6949],[31.2899,-26.6909]],[[31.2899,-26.6909],[31.2804,-26.6888]],[[31.2804,-26.6888],[31.2809,-26.6847]],[[31.2809,-26.6847],[31.2798,-26.6817]],[[31.2798,-26.6817],[31.282,-26.6747]],[[31.282,-26.6747],[31.2737,-26.6768]],[[31.2737,-26.6768],[31.2731,-26.6726]],[[31.2731,-26.6726],[31.2726,-26.669]],[[31.2726,-26.669],[31.2724,-26.6673]],[[31.2724,-26.6673],[31.2742,-26.6636]],[[31.2742,-26.6636],[31.2738,-26.6605]],[[31.2738,-26.6605],[31.2776,-26.6572]],[[31.2776,-26.6572],[31.278,-26.6545]],[[31.278,-26.6545],[31.2764,-26.6435]],[[31.2764,-26.6435],[31.2685,-26.6238]],[[31.2685,-26.6238],[31.2727,-26.6175]],[[31.2727,-26.6175],[31.2691,-26.6179]],[[31.2691,-26.6179],[31.271,-26.6134]],[[31.271,-26.6134],[31.266,-26.6064]],[[31.266,-26.6064],[31.2692,-26.6075]],[[31.2692,-26.6075],[31.2714,-26.6061]],[[31.2714,-26.6061],[31.2717,-26.6044]],[[31.2717,-26.6044],[31.274,-26.6041]],[[31.274,-26.6041],[31.2742,-26.604]],[[31.2742,-26.604],[31.2816,-26.5988]],[[31.2816,-26.5988],[31.2822,-26.5989]],[[31.2822,-26.5989],[31.2912,-26.6007]],[[31.2912,-26.6007],[31.2913,-26.6007]],[[31.2913,-26.6007],[31.2928,-26.6023]],[[31.2928,-26.6023],[31.2937,-26.6033]],[[31.2937,-26.6033],[31.2928,-26.6067]],[[31.2928,-26.6067],[31.2975,-26.6128]],[[31.2975,-26.6128],[31.3013,-26.6151]],[[31.3013,-26.6151],[31.3022,-26.6201]],[[31.3022,-26.6201],[31.3038,-26.6207]],[[31.3038,-26.6207],[31.306,-26.6249]],[[31.306,-26.6249],[31.3062,-26.6264]],[[31.3062,-26.6264],[31.305,-26.6272]],[[31.305,-26.6272],[31.3069,-26.6302]],[[31.3069,-26.6302],[31.306,-26.6319]],[[31.306,-26.6319],[31.3063,-26.6322]],[[31.3063,-26.6322],[31.3093,-26.6348]],[[31.3093,-26.6348],[31.3106,-26.6357]],[[31.3106,-26.6357],[31.3204,-26.6393]],[[31.3204,-26.6393],[31.3229,-26.639]],[[31.3229,-26.639],[31.3238,-26.6408]],[[31.3238,-26.6408],[31.3246,-26.641]],[[31.3246,-26.641],[31.3267,-26.6411]],[[31.3267,-26.6411],[31.3272,-26.641]],[[31.3272,-26.641],[31.3285,-26.6387]],[[31.3285,-26.6387],[31.3288,-26.6386]],[[31.3288,-26.6386],[31.3337,-26.6377]],[[31.3337,-26.6377],[31.3368,-26.6381]],[[31.3368,-26.6381],[31.337,-26.6381]],[[31.337,-26.6381],[31.3371,-26.6381]],[[31.3371,-26.6381],[31.339,-26.6409]],[[31.339,-26.6409],[31.3398,-26.6414]],[[31.3398,-26.6414],[31.3416,-26.6418]],[[31.3416,-26.6418],[31.3417,-26.6388]],[[31.3417,-26.6388],[31.3417,-26.6384]],[[31.3417,-26.6384],[31.3409,-26.6376]],[[31.3409,-26.6376],[31.34,-26.6366]],[[31.34,-26.6366],[31.3355,-26.6344]],[[31.3355,-26.6344],[31.3263,-26.6351]],[[31.3263,-26.6351],[31.3205,-26.6314]],[[31.3205,-26.6314],[31.3201,-26.631]],[[31.3201,-26.631],[31.3196,-26.6305]],[[31.3196,-26.6305],[31.3141,-26.625]],[[31.3141,-26.625],[31.3132,-26.6231]],[[31.3132,-26.6231],[31.312,-26.6205]],[[31.312,-26.6205],[31.3119,-26.6202]],[[31.3119,-26.6202],[31.312,-26.6201]],[[31.312,-26.6201],[31.3137,-26.615]],[[31.3137,-26.615],[31.3121,-26.6113]],[[31.3121,-26.6113],[31.3142,-26.6097]],[[31.3142,-26.6097],[31.3144,-26.6057]],[[31.3144,-26.6057],[31.3133,-26.6017]],[[31.3133,-26.6017],[31.3118,-26.6007]],[[31.3118,-26.6007],[31.3119,-26.5975]],[[31.3119,-26.5975],[31.3134,-26.5954]],[[31.3134,-26.5954],[31.3116,-26.59]],[[31.3116,-26.59],[31.3036,-26.5879]],[[31.3036,-26.5879],[31.2983,-26.5884]],[[31.2983,-26.5884],[31.2962,-26.589]],[[31.2962,-26.589],[31.2943,-26.5888]],[[31.2943,-26.5888],[31.2909,-26.5884]],[[31.2909,-26.5884],[31.2904,-26.5883]],[[31.2904,-26.5883],[31.2902,-26.5878]],[[31.2902,-26.5878],[31.2886,-26.5843]],[[31.2886,-26.5843],[31.2885,-26.584]],[[31.2885,-26.584],[31.2892,-26.5797]],[[31.2892,-26.5797],[31.286,-26.5739]],[[31.286,-26.5739],[31.286,-26.5651]],[[31.286,-26.5651],[31.2816,-26.5598]],[[31.2816,-26.5598],[31.2806,-26.5555]],[[31.2806,-26.5555],[31.2703,-26.5449]],[[31.2703,-26.5449],[31.2701,-26.54]],[[31.2701,-26.54],[31.2721,-26.5339]],[[31.2721,-26.5339],[31.271,-26.5318]],[[31.271,-26.5318],[31.2653,-26.5211]],[[31.2653,-26.5211],[31.2649,-26.5204]],[[31.2649,-26.5204],[31.2681,-26.5191]],[[31.2681,-26.5191],[31.2671,-26.5114]],[[31.2671,-26.5114],[31.2813,-26.5039]],[[31.2813,-26.5039],[31.2785,-26.5021]],[[31.2785,-26.5021],[31.2844,-26.4989]],[[31.2844,-26.4989],[31.2881,-26.4899]],[[31.2881,-26.4899],[31.2882,-26.4899]],[[31.2882,-26.4899],[31.2897,-26.4896]],[[31.2897,-26.4896],[31.2915,-26.4891]],[[31.2915,-26.4891],[31.292,-26.4892]],[[31.292,-26.4892],[31.2929,-26.4893]],[[31.2929,-26.4893],[31.2966,-26.4895]],[[31.2966,-26.4895],[31.2992,-26.4935]],[[31.2992,-26.4935],[31.3024,-26.4952]],[[31.3024,-26.4952],[31.3027,-26.4973]],[[31.3027,-26.4973],[31.3002,-26.4977]],[[31.3002,-26.4977],[31.2986,-26.4996]],[[31.2986,-26.4996],[31.2961,-26.4992]],[[31.2961,-26.4992],[31.2902,-26.5026]],[[31.2902,-26.5026],[31.2895,-26.5029]],[[31.2895,-26.5029],[31.2804,-26.5146]],[[31.2804,-26.5146],[31.2803,-26.5147]],[[31.2803,-26.5147],[31.282,-26.5174]],[[31.282,-26.5174],[31.285,-26.5182]],[[31.285,-26.5182],[31.2916,-26.5292]],[[31.2916,-26.5292],[31.2891,-26.5323]],[[31.2891,-26.5323],[31.2889,-26.5396]],[[31.2889,-26.5396],[31.289,-26.541]],[[31.289,-26.541],[31.2907,-26.5421]],[[31.2907,-26.5421],[31.2907,-26.5423]],[[31.2907,-26.5423],[31.2897,-26.5429]],[[31.2897,-26.5429],[31.2895,-26.545]],[[31.2895,-26.545],[31.2906,-26.5485]],[[31.2906,-26.5485],[31.2933,-26.5527]],[[31.2933,-26.5527],[31.2936,-26.553]],[[31.2936,-26.553],[31.2955,-26.5533]],[[31.2955,-26.5533],[31.2977,-26.5536]],[[31.2977,-26.5536],[31.2987,-26.5538]],[[31.2987,-26.5538],[31.2988,-26.5537]],[[31.2988,-26.5537],[31.2994,-26.5538]],[[31.2994,-26.5538],[31.2999,-26.5535]],[[31.2999,-26.5535],[31.3014,-26.5525]],[[31.3014,-26.5525],[31.3003,-26.5498]],[[31.5331,-26.1482],[31.5367,-26.152]],[[31.5367,-26.152],[31.5386,-26.1565]],[[31.5386,-26.1565],[31.5371,-26.1634]],[[31.5371,-26.1634],[31.5427,-26.168]],[[31.5427,-26.168],[31.551,-26.169]],[[31.551,-26.169],[31.5544,-26.1744]],[[31.5544,-26.1744],[31.5565,-26.1739]],[[31.5565,-26.1739],[31.5528,-26.1777]],[[31.5528,-26.1777],[31.5434,-26.1786]],[[31.5434,-26.1786],[31.5416,-26.1805]],[[31.5416,-26.1805],[31.5419,-26.1831]],[[31.5419,-26.1831],[31.5464,-26.189]],[[31.5464,-26.189],[31.5445,-26.197]],[[31.5445,-26.197],[31.5481,-26.2035]],[[31.5481,-26.2035],[31.5472,-26.2053]],[[31.5472,-26.2053],[31.5709,-26.2054]],[[31.5709,-26.2054],[31.5814,-26.2263]],[[31.5814,-26.2263],[31.5815,-26.2395]],[[31.5815,-26.2395],[31.5858,-26.2409]],[[31.5858,-26.2409],[31.5866,-26.2431]],[[31.5866,-26.2431],[31.5838,-26.2693]],[[31.5838,-26.2693],[31.5839,-26.2694]],[[31.5839,-26.2694],[31.5902,-26.2802]],[[31.5902,-26.2802],[31.5976,-26.289]],[[31.5976,-26.289],[31.5954,-26.2909]],[[31.5954,-26.2909],[31.5931,-26.2892]],[[31.5931,-26.2892],[31.5851,-26.2977]],[[31.5851,-26.2977],[31.5789,-26.3083]],[[31.5789,-26.3083],[31.5803,-26.3077]],[[31.5803,-26.3077],[31.5803,-26.3506]],[[31.5803,-26.3506],[31.486,-26.3773]],[[31.486,-26.3773],[31.4934,-26.393]],[[31.4934,-26.393],[31.4963,-26.3952]],[[31.4963,-26.3952],[31.507,-26.3948]],[[31.507,-26.3948],[31.5116,-26.3976]],[[31.5116,-26.3976],[31.5149,-26.396]],[[31.5149,-26.396],[31.5188,-26.3964]],[[31.5188,-26.3964],[31.5208,-26.3936]],[[31.5208,-26.3936],[31.521,-26.3856]],[[31.521,-26.3856],[31.5229,-26.3848]],[[31.5229,-26.3848],[31.5249,-26.388]],[[31.5249,-26.388],[31.5346,-26.434]],[[31.5346,-26.434],[31.5264,-26.4354]],[[31.5264,-26.4354],[31.5154,-26.4414]],[[31.5154,-26.4414],[31.5151,-26.4464]],[[31.5151,-26.4464],[31.52,-26.4493]],[[31.52,-26.4493],[31.5294,-26.4492]],[[31.5294,-26.4492],[31.5328,-26.4504]],[[31.5328,-26.4504],[31.5344,-26.4495]],[[31.5344,-26.4495],[31.5401,-26.4516]],[[31.5401,-26.4516],[31.5443,-26.4565]],[[31.5443,-26.4565],[31.5386,-26.4608]],[[31.5386,-26.4608],[31.5386,-26.4644]],[[31.5386,-26.4644],[31.5406,-26.4657]],[[31.5406,-26.4657],[31.5408,-26.4658]],[[31.5408,-26.4658],[31.5411,-26.4688]],[[31.5411,-26.4688],[31.5411,-26.4689]],[[31.5411,-26.4689],[31.5419,-26.4692]],[[31.5419,-26.4692],[31.5424,-26.4694]],[[31.5424,-26.4694],[31.5427,-26.4695]],[[31.5427,-26.4695],[31.5428,-26.4693]],[[31.5428,-26.4693],[31.544,-26.469]],[[31.544,-26.469],[31.5441,-26.4693]],[[31.5441,-26.4693],[31.5492,-26.4678]],[[31.5492,-26.4678],[31.5543,-26.4698]],[[31.5543,-26.4698],[31.5659,-26.4676]],[[31.5659,-26.4676],[31.5688,-26.4706]],[[31.5688,-26.4706],[31.5707,-26.4701]],[[31.5707,-26.4701],[31.5791,-26.4723]],[[31.5791,-26.4723],[31.5829,-26.4784]],[[31.5829,-26.4784],[31.5893,-26.4796]],[[31.5893,-26.4796],[31.5906,-26.4783]],[[31.5906,-26.4783],[31.5907,-26.4735]],[[31.5907,-26.4735],[31.5941,-26.4766]],[[31.5941,-26.4766],[31.5968,-26.4817]],[[31.5968,-26.4817],[31.5983,-26.4814]],[[31.5983,-26.4814],[31.6004,-26.4842]],[[31.6004,-26.4842],[31.603,-26.4828]],[[31.603,-26.4828],[31.6072,-26.4874]],[[31.6072,-26.4874],[31.6031,-26.4976]],[[31.6031,-26.4976],[31.6041,-26.5026]],[[31.6041,-26.5026],[31.6075,-26.5058]],[[31.6075,-26.5058],[31.6095,-26.5115]],[[31.6095,-26.5115],[31.6085,-26.5145]],[[31.6085,-26.5145],[31.6101,-26.5176]],[[31.6101,-26.5176],[31.6061,-26.5201]],[[31.6061,-26.5201],[31.598,-26.5182]],[[31.598,-26.5182],[31.595,-26.5195]],[[31.595,-26.5195],[31.5899,-26.5187]],[[31.5899,-26.5187],[31.5883,-26.5204]],[[31.5883,-26.5204],[31.5874,-26.5198]],[[31.5874,-26.5198],[31.5861,-26.5227]],[[31.5861,-26.5227],[31.5786,-26.5232]],[[31.5786,-26.5232],[31.5718,-26.5256]],[[31.5718,-26.5256],[31.5724,-26.5264]],[[31.5724,-26.5264],[31.5679,-26.5284]],[[31.5679,-26.5284],[31.5676,-26.53]],[[31.5676,-26.53],[31.5667,-26.5294]],[[31.5667,-26.5294],[31.5649,-26.5318]],[[31.5649,-26.5318],[31.5599,-26.5355]],[[31.5599,-26.5355],[31.5567,-26.5359]],[[31.5567,-26.5359],[31.5563,-26.5362]],[[31.5563,-26.5362],[31.5558,-26.539]],[[31.5558,-26.539],[31.5561,-26.5424]],[[31.5561,-26.5424],[31.5568,-26.5432]],[[31.5568,-26.5432],[31.5574,-26.5609]],[[31.5574,-26.5609],[31.5589,-26.5659]],[[31.5589,-26.5659],[31.558,-26.5675]],[[31.558,-26.5675],[31.5541,-26.5694]],[[31.5541,-26.5694],[31.5528,-26.5719]],[[31.5528,-26.5719],[31.5468,-26.5742]],[[31.5468,-26.5742],[31.5456,-26.5763]],[[31.5456,-26.5763],[31.5382,-26.579]],[[31.5382,-26.579],[31.5395,-26.5802]],[[31.5395,-26.5802],[31.5396,-26.5834]],[[31.5396,-26.5834],[31.5382,-26.5879]],[[31.5382,-26.5879],[31.537,-26.5884]],[[31.537,-26.5884],[31.5299,-26.5891]],[[31.5299,-26.5891],[31.5265,-26.588]],[[31.5265,-26.588],[31.5106,-26.5901]],[[31.5106,-26.5901],[31.5086,-26.5904]],[[31.5086,-26.5904],[31.5075,-26.5928]],[[31.5075,-26.5928],[31.5085,-26.5963]],[[31.5085,-26.5963],[31.5083,-26.5965]],[[31.5083,-26.5965],[31.5073,-26.5979]],[[31.5073,-26.5979],[31.5063,-26.5994]],[[31.5063,-26.5994],[31.5066,-26.6055]],[[31.5066,-26.6055],[31.5055,-26.6074]],[[31.5055,-26.6074],[31.5019,-26.6092]],[[31.5019,-26.6092],[31.5016,-26.6133]],[[31.5016,-26.6133],[31.5083,-26.6132]],[[31.5083,-26.6132],[31.5167,-26.6168]],[[31.5167,-26.6168],[31.517,-26.6168]],[[31.517,-26.6168],[31.5242,-26.613]],[[31.5242,-26.613],[31.5306,-26.607]],[[31.5306,-26.607],[31.5363,-26.6085]],[[31.5363,-26.6085],[31.5385,-26.6079]],[[31.5385,-26.6079],[31.5414,-26.6147]],[[31.5414,-26.6147],[31.5471,-26.6173]],[[31.5471,-26.6173],[31.5502,-26.626]],[[31.5502,-26.626],[31.551,-26.6271]],[[31.551,-26.6271],[31.5514,-26.6294]],[[31.5514,-26.6294],[31.5467,-26.6337]],[[31.5467,-26.6337],[31.5446,-26.6382]],[[31.5446,-26.6382],[31.5382,-26.6435]],[[31.5382,-26.6435],[31.5385,-26.6455]],[[31.5385,-26.6455],[31.5367,-26.6486]],[[31.5367,-26.6486],[31.5376,-26.6505]],[[31.5376,-26.6505],[31.5359,-26.6518]],[[31.5359,-26.6518],[31.5371,-26.6521]],[[31.5371,-26.6521],[31.5366,-26.6548]],[[31.5366,-26.6548],[31.5352,-26.6567]],[[31.5352,-26.6567],[31.5369,-26.6607]],[[31.5369,-26.6607],[31.529,-26.6714]],[[31.529,-26.6714],[31.5245,-26.6732]],[[31.5245,-26.6732],[31.518,-26.6706]],[[31.518,-26.6706],[31.515,-26.6692]],[[31.515,-26.6692],[31.5147,-26.6692]],[[31.5147,-26.6692],[31.51,-26.6696]],[[31.51,-26.6696],[31.51,-26.6657]],[[31.51,-26.6657],[31.5083,-26.663]],[[31.5083,-26.663],[31.5105,-26.6604]],[[31.5105,-26.6604],[31.5096,-26.6593]],[[31.5096,-26.6593],[31.5062,-26.6603]],[[31.5062,-26.6603],[31.5045,-26.6593]],[[31.5045,-26.6593],[31.5055,-26.6549]],[[31.5055,-26.6549],[31.5044,-26.6531]],[[31.5044,-26.6531],[31.5095,-26.6476]],[[31.5095,-26.6476],[31.506,-26.6422]],[[31.506,-26.6422],[31.5065,-26.6366]],[[31.5065,-26.6366],[31.5008,-26.6313]],[[31.5008,-26.6313],[31.5009,-26.6282]],[[31.5009,-26.6282],[31.5041,-26.6251]],[[31.5041,-26.6251],[31.5,-26.621]],[[31.5,-26.621],[31.5004,-26.6164]],[[31.5004,-26.6164],[31.4488,-26.6077]],[[31.4488,-26.6077],[31.4486,-26.6047]],[[31.4486,-26.6047],[31.4446,-26.6038]],[[31.4446,-26.6038],[31.4446,-26.6035]],[[31.4446,-26.6035],[31.4444,-26.6034]],[[31.4444,-26.6034],[31.4454,-26.5988]],[[31.4454,-26.5988],[31.454,-26.5961]],[[31.454,-26.5961],[31.4657,-26.5879]],[[31.4657,-26.5879],[31.4649,-26.5822]],[[31.4649,-26.5822],[31.4634,-26.5793]],[[31.4634,-26.5793],[31.4606,-26.5775]],[[31.4606,-26.5775],[31.4616,-26.5717]],[[31.4616,-26.5717],[31.4642,-26.5673]],[[31.4642,-26.5673],[31.4638,-26.5633]],[[31.4638,-26.5633],[31.4652,-26.5615]],[[31.4652,-26.5615],[31.4607,-26.5548]],[[31.4607,-26.5548],[31.4596,-26.5479]],[[31.4596,-26.5479],[31.4574,-26.5437]],[[31.4574,-26.5437],[31.4591,-26.5376]],[[31.4591,-26.5376],[31.4591,-26.5374]],[[31.4591,-26.5374],[31.4592,-26.5374]],[[31.4592,-26.5374],[31.4885,-26.5495]],[[31.4885,-26.5495],[31.4886,-26.5389]],[[31.4886,-26.5389],[31.4918,-26.5328]],[[31.4918,-26.5328],[31.4962,-26.5317]],[[31.4962,-26.5317],[31.4995,-26.5284]],[[31.4995,-26.5284],[31.5003,-26.5251]],[[31.5003,-26.5251],[31.4921,-26.5195]],[[31.4921,-26.5195],[31.4927,-26.5112]],[[31.4927,-26.5112],[31.4899,-26.5066]],[[31.4899,-26.5066],[31.4759,-26.4996]],[[31.4759,-26.4996],[31.4661,-26.4961]],[[31.4661,-26.4961],[31.4612,-26.4956]],[[31.4612,-26.4956],[31.4593,-26.4928]],[[31.4593,-26.4928],[31.4543,-26.4894]],[[31.4543,-26.4894],[31.4539,-26.4877]],[[31.4539,-26.4877],[31.4591,-26.4832]],[[31.4591,-26.4832],[31.4591,-26.4756]],[[31.4591,-26.4756],[31.4532,-26.4734]],[[31.4532,-26.4734],[31.4495,-26.4678]],[[31.4495,-26.4678],[31.4521,-26.4648]],[[31.4521,-26.4648],[31.4515,-26.4544]],[[31.4515,-26.4544],[31.4522,-26.4523]],[[31.4522,-26.4523],[31.4515,-26.4503]],[[31.4515,-26.4503],[31.4512,-26.4498]],[[31.4512,-26.4498],[31.4469,-26.4581]],[[31.4469,-26.4581],[31.4458,-26.4586]],[[31.4458,-26.4586],[31.4455,-26.4572]],[[31.4455,-26.4572],[31.4442,-26.4582]],[[31.4442,-26.4582],[31.4442,-26.4602]],[[31.4442,-26.4602],[31.4437,-26.4606]],[[31.4437,-26.4606],[31.4432,-26.4628]],[[31.4432,-26.4628],[31.4434,-26.4633]],[[31.4434,-26.4633],[31.4431,-26.4633]],[[31.4431,-26.4633],[31.4424,-26.4633]],[[31.4424,-26.4633],[31.4418,-26.4633]],[[31.4418,-26.4633],[31.4416,-26.4631]],[[31.4416,-26.4631],[31.4413,-26.4625]],[[31.4413,-26.4625],[31.4398,-26.4598]],[[31.4398,-26.4598],[31.4392,-26.459]],[[31.4392,-26.459],[31.436,-26.4599]],[[31.436,-26.4599],[31.4359,-26.4595]],[[31.4359,-26.4595],[31.4292,-26.4427]],[[31.4292,-26.4427],[31.4318,-26.4404]],[[31.4318,-26.4404],[31.4358,-26.4389]],[[31.4358,-26.4389],[31.4377,-26.4396]],[[31.4377,-26.4396],[31.4429,-26.4341]],[[31.4429,-26.4341],[31.4464,-26.4269]],[[31.4464,-26.4269],[31.4561,-26.4231]],[[31.4561,-26.4231],[31.4555,-26.4208]],[[31.4555,-26.4208],[31.4534,-26.4212]],[[31.4534,-26.4212],[31.4536,-26.419]],[[31.4536,-26.419],[31.4511,-26.4193]],[[31.4511,-26.4193],[31.4501,-26.4176]],[[31.4501,-26.4176],[31.4482,-26.4181]],[[31.4482,-26.4181],[31.448,-26.4168]],[[31.448,-26.4168],[31.4447,-26.4148]],[[31.4447,-26.4148],[31.4449,-26.4169]],[[31.4449,-26.4169],[31.4433,-26.4168]],[[31.4433,-26.4168],[31.4405,-26.4143]],[[31.4405,-26.4143],[31.4396,-26.4114]],[[31.4396,-26.4114],[31.4331,-26.4104]],[[31.4331,-26.4104],[31.4277,-26.4073]],[[31.4277,-26.4073],[31.4237,-26.4087]],[[31.4237,-26.4087],[31.4281,-26.4107]],[[31.4281,-26.4107],[31.4272,-26.4179]],[[31.4272,-26.4179],[31.4226,-26.4174]],[[31.4226,-26.4174],[31.4211,-26.4156]],[[31.4211,-26.4156],[31.4232,-26.4033]],[[31.4232,-26.4033],[31.4389,-26.4017]],[[31.4389,-26.4017],[31.4437,-26.3987]],[[31.4437,-26.3987],[31.4459,-26.3957]],[[31.4459,-26.3957],[31.4443,-26.3935]],[[31.4443,-26.3935],[31.4442,-26.3901]],[[31.4442,-26.3901],[31.4461,-26.3881]],[[31.4461,-26.3881],[31.4482,-26.3884]],[[31.4482,-26.3884],[31.4504,-26.3796]],[[31.4504,-26.3796],[31.4495,-26.3782]],[[31.4495,-26.3782],[31.446,-26.3786]],[[31.446,-26.3786],[31.4429,-26.3707]],[[31.4429,-26.3707],[31.4397,-26.3704]],[[31.4397,-26.3704],[31.4357,-26.3673]],[[31.4357,-26.3673],[31.4358,-26.3649]],[[31.4358,-26.3649],[31.4379,-26.363]],[[31.4379,-26.363],[31.4338,-26.3629]],[[31.4338,-26.3629],[31.4338,-26.3593]],[[31.4338,-26.3593],[31.4287,-26.3551]],[[31.4287,-26.3551],[31.4292,-26.3528]],[[31.4292,-26.3528],[31.4276,-26.3511]],[[31.4276,-26.3511],[31.4287,-26.3456]],[[31.4287,-26.3456],[31.4262,-26.3426]],[[31.4262,-26.3426],[31.4261,-26.3395]],[[31.4261,-26.3395],[31.4311,-26.3395]],[[31.4311,-26.3395],[31.4341,-26.3421]],[[31.4341,-26.3421],[31.439,-26.3415]],[[31.439,-26.3415],[31.4388,-26.3385]],[[31.4388,-26.3385],[31.4404,-26.3395]],[[31.4404,-26.3395],[31.4428,-26.3372]],[[31.4428,-26.3372],[31.4559,-26.3379]],[[31.4559,-26.3379],[31.4593,-26.3411]],[[31.4593,-26.3411],[31.4613,-26.3406]],[[31.4613,-26.3406],[31.4622,-26.3445]],[[31.4622,-26.3445],[31.4644,-26.3453]],[[31.4644,-26.3453],[31.4644,-26.3482]],[[31.4644,-26.3482],[31.4656,-26.3398]],[[31.4656,-26.3398],[31.4654,-26.3377]],[[31.4654,-26.3377],[31.464,-26.3342]],[[31.464,-26.3342],[31.4614,-26.3276]],[[31.4614,-26.3276],[31.4567,-26.3215]],[[31.4567,-26.3215],[31.4533,-26.3197]],[[31.4533,-26.3197],[31.4481,-26.3139]],[[31.4481,-26.3139],[31.4439,-26.3044]],[[31.4439,-26.3044],[31.431,-26.298]],[[31.431,-26.298],[31.4202,-26.2874]],[[31.4202,-26.2874],[31.4231,-26.2841]],[[31.4231,-26.2841],[31.4324,-26.2805]],[[31.4324,-26.2805],[31.435,-26.2754]],[[31.435,-26.2754],[31.4359,-26.269]],[[31.4359,-26.269],[31.4375,-26.2685]],[[31.4375,-26.2685],[31.4401,-26.2703]],[[31.4401,-26.2703],[31.4433,-26.267]],[[31.4433,-26.267],[31.4421,-26.2666]],[[31.4421,-26.2666],[31.4415,-26.2013]],[[31.4415,-26.2013],[31.4415,-26.1984]],[[31.4415,-26.1984],[31.4409,-26.1426]],[[31.4409,-26.1426],[31.4545,-26.1408]],[[31.4545,-26.1408],[31.4646,-26.1396]],[[31.4646,-26.1396],[31.4671,-26.1535]],[[31.4671,-26.1535],[31.5165,-26.1362]],[[31.5165,-26.1362],[31.5253,-26.1347]],[[31.5253,-26.1347],[31.5278,-26.135]],[[31.5278,-26.135],[31.5308,-26.1374]],[[31.5308,-26.1374],[31.5309,-26.1375]],[[31.5309,-26.1375],[31.5332,-26.1367]],[[31.5332,-26.1367],[31.5292,-26.1471]],[[31.5292,-26.1471],[31.5293,-26.1472]],[[31.5293,-26.1472],[31.5295,-26.1473]],[[31.5295,-26.1473],[31.531,-26.1485]],[[31.531,-26.1485],[31.5331,-26.1482]],[[31.6353,-25.8639],[31.6311,-25.869]],[[31.6311,-25.869],[31.6377,-25.8736]],[[31.6377,-25.8736],[31.6421,-25.8741]],[[31.6421,-25.8741],[31.6323,-25.8783]],[[31.6323,-25.8783],[31.6253,-25.888]],[[31.6253,-25.888],[31.6211,-25.8911]],[[31.6211,-25.8911],[31.6221,-25.8838]],[[31.6221,-25.8838],[31.6203,-25.8858]],[[31.6203,-25.8858],[31.6168,-25.8853]],[[31.6168,-25.8853],[31.6165,-25.8826]],[[31.6165,-25.8826],[31.6116,-25.8793]],[[31.6116,-25.8793],[31.6139,-25.8765]],[[31.6139,-25.8765],[31.6142,-25.873]],[[31.6142,-25.873],[31.6083,-25.8456]],[[31.6083,-25.8456],[31.606,-25.8453]],[[31.606,-25.8453],[31.6013,-25.8418]],[[31.6013,-25.8418],[31.6005,-25.8435]],[[31.6005,-25.8435],[31.5998,-25.8439]],[[31.5998,-25.8439],[31.5966,-25.8456]],[[31.5966,-25.8456],[31.5962,-25.8457]],[[31.5962,-25.8457],[31.5964,-25.846]],[[31.5964,-25.846],[31.5993,-25.8504]],[[31.5993,-25.8504],[31.5985,-25.8585]],[[31.5985,-25.8585],[31.602,-25.8606]],[[31.602,-25.8606],[31.6021,-25.8622]],[[31.6021,-25.8622],[31.6039,-25.8634]],[[31.6039,-25.8634],[31.6018,-25.8691]],[[31.6018,-25.8691],[31.5943,-25.8714]],[[31.5943,-25.8714],[31.5871,-25.8695]],[[31.5871,-25.8695],[31.5867,-25.8719]],[[31.5867,-25.8719],[31.5888,-25.8789]],[[31.5888,-25.8789],[31.5856,-25.8768]],[[31.5856,-25.8768],[31.5811,-25.8759]],[[31.5811,-25.8759],[31.5754,-25.8827]],[[31.5754,-25.8827],[31.5674,-25.8825]],[[31.5674,-25.8825],[31.56,-25.886]],[[31.56,-25.886],[31.5517,-25.8831]],[[31.5517,-25.8831],[31.5464,-25.8762]],[[31.5464,-25.8762],[31.5424,-25.8754]],[[31.5424,-25.8754],[31.5383,-25.8726]],[[31.5383,-25.8726],[31.5387,-25.8701]],[[31.5387,-25.8701],[31.533,-25.859]],[[31.533,-25.859],[31.5018,-25.8697]],[[31.5018,-25.8697],[31.5048,-25.8736]],[[31.5048,-25.8736],[31.5086,-25.883]],[[31.5086,-25.883],[31.5104,-25.9045]],[[31.5104,-25.9045],[31.5089,-25.9346]],[[31.5089,-25.9346],[31.5067,-25.935]],[[31.5067,-25.935],[31.5047,-25.9411]],[[31.5047,-25.9411],[31.5033,-25.942]],[[31.5033,-25.942],[31.499,-25.9413]],[[31.499,-25.9413],[31.4952,-25.9361]],[[31.4952,-25.9361],[31.4848,-25.9388]],[[31.4848,-25.9388],[31.4715,-25.959]],[[31.4715,-25.959],[31.4735,-25.9762]],[[31.4735,-25.9762],[31.4759,-25.9822]],[[31.4759,-25.9822],[31.4752,-25.9937]],[[31.4752,-25.9937],[31.4639,-25.9864]],[[31.4639,-25.9864],[31.4493,-26.0057]],[[31.4493,-26.0057],[31.4492,-26.0058]],[[31.4492,-26.0058],[31.4494,-26.0059]],[[31.4494,-26.0059],[31.4525,-26.0075]],[[31.4525,-26.0075],[31.4509,-26.009]],[[31.4509,-26.009],[31.4945,-26.037]],[[31.4945,-26.037],[31.4775,-26.0853]],[[31.4775,-26.0853],[31.469,-26.081]],[[31.469,-26.081],[31.455,-26.0675]],[[31.455,-26.0675],[31.4534,-26.0659]],[[31.4534,-26.0659],[31.4513,-26.0556]],[[31.4513,-26.0556],[31.4513,-26.0554]],[[31.4513,-26.0554],[31.4517,-26.051]],[[31.4517,-26.051],[31.4612,-26.0394]],[[31.4612,-26.0394],[31.4659,-26.0324]],[[31.4659,-26.0324],[31.4659,-26.0319]],[[31.4659,-26.0319],[31.4376,-26.0323]],[[31.4376,-26.0323],[31.4304,-26.0326]],[[31.4304,-26.0326],[31.4303,-26.0324]],[[31.4303,-26.0324],[31.4295,-26.0305]],[[31.4295,-26.0305],[31.4337,-26.0253]],[[31.4337,-26.0253],[31.4233,-26.0171]],[[31.4233,-26.0171],[31.4214,-26.0177]],[[31.4214,-26.0177],[31.4214,-26.0162]],[[31.4214,-26.0162],[31.4159,-26.0099]],[[31.4159,-26.0099],[31.4182,-26.0015]],[[31.4182,-26.0015],[31.4267,-25.9961]],[[31.4267,-25.9961],[31.4192,-25.9865]],[[31.4192,-25.9865],[31.421,-25.9846]],[[31.421,-25.9846],[31.4216,-25.9807]],[[31.4216,-25.9807],[31.4203,-25.978]],[[31.4203,-25.978],[31.428,-25.9696]],[[31.428,-25.9696],[31.426,-25.9624]],[[31.426,-25.9624],[31.4278,-25.9599]],[[31.4278,-25.9599],[31.4238,-25.9579]],[[31.4238,-25.9579],[31.4232,-25.9546]],[[31.4232,-25.9546],[31.4198,-25.9522]],[[31.4198,-25.9522],[31.4176,-25.9524]],[[31.4176,-25.9524],[31.4236,-25.9285]],[[31.4236,-25.9285],[31.4314,-25.9435]],[[31.4314,-25.9435],[31.4358,-25.9457]],[[31.4358,-25.9457],[31.4365,-25.9484]],[[31.4365,-25.9484],[31.4413,-25.951]],[[31.4413,-25.951],[31.4501,-25.952]],[[31.4501,-25.952],[31.459,-25.9584]],[[31.459,-25.9584],[31.4636,-25.956]],[[31.4636,-25.956],[31.4618,-25.9539]],[[31.4618,-25.9539],[31.4624,-25.9482]],[[31.4624,-25.9482],[31.4624,-25.948]],[[31.4624,-25.948],[31.46,-25.9454]],[[31.46,-25.9454],[31.4604,-25.9431]],[[31.4604,-25.9431],[31.4584,-25.9421]],[[31.4584,-25.9421],[31.4579,-25.9347]],[[31.4579,-25.9347],[31.4577,-25.9325]],[[31.4577,-25.9325],[31.4582,-25.9318]],[[31.4582,-25.9318],[31.4628,-25.9251]],[[31.4628,-25.9251],[31.4632,-25.9209]],[[31.4632,-25.9209],[31.4599,-25.9185]],[[31.4599,-25.9185],[31.4594,-25.9225]],[[31.4594,-25.9225],[31.4532,-25.9218]],[[31.4532,-25.9218],[31.4475,-25.924]],[[31.4475,-25.924],[31.4395,-25.9196]],[[31.4395,-25.9196],[31.4478,-25.9084]],[[31.4478,-25.9084],[31.4503,-25.9087]],[[31.4503,-25.9087],[31.4517,-25.9071]],[[31.4517,-25.9071],[31.4552,-25.9099]],[[31.4552,-25.9099],[31.4602,-25.9072]],[[31.4602,-25.9072],[31.4675,-25.9116]],[[31.4675,-25.9116],[31.4692,-25.9053]],[[31.4692,-25.9053],[31.4737,-25.9045]],[[31.4737,-25.9045],[31.4775,-25.901]],[[31.4775,-25.901],[31.484,-25.901]],[[31.484,-25.901],[31.4819,-25.8986]],[[31.4819,-25.8986],[31.475,-25.8963]],[[31.475,-25.8963],[31.4747,-25.8952]],[[31.4747,-25.8952],[31.4764,-25.8934]],[[31.4764,-25.8934],[31.474,-25.8889]],[[31.474,-25.8889],[31.4722,-25.889]],[[31.4722,-25.889],[31.4692,-25.8852]],[[31.4692,-25.8852],[31.4674,-25.8884]],[[31.4674,-25.8884],[31.4642,-25.8889]],[[31.4642,-25.8889],[31.4618,-25.8869]],[[31.4618,-25.8869],[31.4556,-25.8888]],[[31.4556,-25.8888],[31.4508,-25.8869]],[[31.4508,-25.8869],[31.4489,-25.8832]],[[31.4489,-25.8832],[31.4501,-25.8743]],[[31.4501,-25.8743],[31.4585,-25.8719]],[[31.4585,-25.8719],[31.4577,-25.8655]],[[31.4577,-25.8655],[31.4526,-25.8617]],[[31.4526,-25.8617],[31.4589,-25.8562]],[[31.4589,-25.8562],[31.4564,-25.8545]],[[31.4564,-25.8545],[31.4567,-25.8496]],[[31.4567,-25.8496],[31.4552,-25.8489]],[[31.4552,-25.8489],[31.4526,-25.8429]],[[31.4526,-25.8429],[31.4533,-25.8379]],[[31.4533,-25.8379],[31.4523,-25.8383]],[[31.4523,-25.8383],[31.4448,-25.8319]],[[31.4448,-25.8319],[31.447,-25.8267]],[[31.447,-25.8267],[31.4472,-25.8264]],[[31.4472,-25.8264],[31.4482,-25.8276]],[[31.4482,-25.8276],[31.4511,-25.823]],[[31.4511,-25.823],[31.4524,-25.8238]],[[31.4524,-25.8238],[31.4525,-25.8236]],[[31.4525,-25.8236],[31.4529,-25.8182]],[[31.4529,-25.8182],[31.4524,-25.8172]],[[31.4524,-25.8172],[31.4517,-25.8175]],[[31.4517,-25.8175],[31.4503,-25.8193]],[[31.4503,-25.8193],[31.4503,-25.8205]],[[31.4503,-25.8205],[31.4297,-25.8446]],[[31.4297,-25.8446],[31.3978,-25.8208]],[[31.3978,-25.8208],[31.3949,-25.831]],[[31.3949,-25.831],[31.3912,-25.8326]],[[31.3912,-25.8326],[31.3902,-25.8348]],[[31.3902,-25.8348],[31.3908,-25.8368]],[[31.3908,-25.8368],[31.3975,-25.8405]],[[31.3975,-25.8405],[31.3991,-25.8452]],[[31.3991,-25.8452],[31.3953,-25.8447]],[[31.3953,-25.8447],[31.3909,-25.8486]],[[31.3909,-25.8486],[31.3883,-25.8473]],[[31.3883,-25.8473],[31.386,-25.8479]],[[31.386,-25.8479],[31.3863,-25.8498]],[[31.3863,-25.8498],[31.388,-25.8502]],[[31.388,-25.8502],[31.3871,-25.8524]],[[31.3871,-25.8524],[31.3875,-25.8577]],[[31.3875,-25.8577],[31.3754,-25.8566]],[[31.3754,-25.8566],[31.3695,-25.8492]],[[31.3695,-25.8492],[31.3672,-25.8503]],[[31.3672,-25.8503],[31.3672,-25.8527]],[[31.3672,-25.8527],[31.3653,-25.8542]],[[31.3653,-25.8542],[31.3668,-25.8556]],[[31.3668,-25.8556],[31.3663,-25.8594]],[[31.3663,-25.8594],[31.369,-25.8611]],[[31.369,-25.8611],[31.371,-25.8649]],[[31.371,-25.8649],[31.3733,-25.8658]],[[31.3733,-25.8658],[31.3741,-25.8684]],[[31.3741,-25.8684],[31.3809,-25.8735]],[[31.3809,-25.8735],[31.3818,-25.8764]],[[31.3818,-25.8764],[31.3854,-25.8803]],[[31.3854,-25.8803],[31.391,-25.883]],[[31.391,-25.883],[31.3924,-25.8865]],[[31.3924,-25.8865],[31.3967,-25.8872]],[[31.3967,-25.8872],[31.3969,-25.8892]],[[31.3969,-25.8892],[31.3712,-25.8963]],[[31.3712,-25.8963],[31.3689,-25.895]],[[31.3689,-25.895],[31.3657,-25.8957]],[[31.3657,-25.8957],[31.3612,-25.8927]],[[31.3612,-25.8927],[31.363,-25.8914]],[[31.363,-25.8914],[31.3633,-25.8905]],[[31.3633,-25.8905],[31.3638,-25.8883]],[[31.3638,-25.8883],[31.3613,-25.8858]],[[31.3613,-25.8858],[31.3606,-25.8834]],[[31.3606,-25.8834],[31.357,-25.8817]],[[31.357,-25.8817],[31.3581,-25.8805]],[[31.3581,-25.8805],[31.3511,-25.8753]],[[31.3511,-25.8753],[31.3518,-25.8713]],[[31.3518,-25.8713],[31.3545,-25.8695]],[[31.3545,-25.8695],[31.3492,-25.8664]],[[31.3492,-25.8664],[31.345,-25.8718]],[[31.345,-25.8718],[31.3433,-25.8775]],[[31.3433,-25.8775],[31.3399,-25.8839]],[[31.3399,-25.8839],[31.338,-25.8847]],[[31.338,-25.8847],[31.3341,-25.8944]],[[31.3341,-25.8944],[31.3311,-25.8967]],[[31.3311,-25.8967],[31.3293,-25.9027]],[[31.3293,-25.9027],[31.3268,-25.8782]],[[31.3268,-25.8782],[31.3237,-25.8766]],[[31.3237,-25.8766],[31.3258,-25.8733]],[[31.3258,-25.8733],[31.288,-25.8499]],[[31.288,-25.8499],[31.2871,-25.8505]],[[31.2871,-25.8505],[31.2877,-25.8497]],[[31.2877,-25.8497],[31.2649,-25.8356]],[[31.2649,-25.8356],[31.2676,-25.8286],[31.2719,-25.8282],[31.2739,-25.8237],[31.2773,-25.8207],[31.2849,-25.8198],[31.2879,-25.8162],[31.2903,-25.8165],[31.2916,-25.82]],[[31.2916,-25.82],[31.2922,-25.8217]],[[31.2922,-25.8217],[31.2999,-25.8243]],[[31.2999,-25.8243],[31.3072,-25.8221]],[[31.3072,-25.8221],[31.3139,-25.8142]],[[31.3139,-25.8142],[31.3193,-25.8134]],[[31.3193,-25.8134],[31.324,-25.8152]],[[31.324,-25.8152],[31.3315,-25.8121]],[[31.3315,-25.8121],[31.3318,-25.8119]],[[31.3318,-25.8119],[31.3319,-25.812]],[[31.3319,-25.812],[31.3366,-25.8132]],[[31.3366,-25.8132],[31.3376,-25.8131]],[[31.3376,-25.8131],[31.3385,-25.8129]],[[31.3385,-25.8129],[31.3428,-25.8111]],[[31.3428,-25.8111],[31.3351,-25.8057]],[[31.3351,-25.8057],[31.3345,-25.8006]],[[31.3345,-25.8006],[31.333,-25.7993]],[[31.333,-25.7993],[31.3333,-25.796]],[[31.3333,-25.796],[31.3317,-25.7946]],[[31.3317,-25.7946],[31.3319,-25.7947]],[[31.3319,-25.7947],[31.3336,-25.795]],[[31.3336,-25.795],[31.3371,-25.7999]],[[31.3371,-25.7999],[31.343,-25.7987]],[[31.343,-25.7987],[31.3492,-25.8021]],[[31.3492,-25.8021],[31.3519,-25.8061]],[[31.3519,-25.8061],[31.3524,-25.8016]],[[31.3524,-25.8016],[31.3551,-25.7986]],[[31.3551,-25.7986],[31.3563,-25.7945]],[[31.3563,-25.7945],[31.3603,-25.7916]],[[31.3603,-25.7916],[31.3662,-25.7901]],[[31.3662,-25.7901],[31.3691,-25.7881]],[[31.3691,-25.7881],[31.3738,-25.7812]],[[31.3738,-25.7812],[31.3858,-25.7775]],[[31.3858,-25.7775],[31.3838,-25.7744]],[[31.3838,-25.7744],[31.3793,-25.7749]],[[31.3793,-25.7749],[31.3774,-25.7736]],[[31.3774,-25.7736],[31.3763,-25.768]],[[31.3763,-25.768],[31.3731,-25.7676]],[[31.3731,-25.7676],[31.3684,-25.7633]],[[31.3684,-25.7633],[31.366,-25.7635]],[[31.366,-25.7635],[31.3617,-25.7604]],[[31.3617,-25.7604],[31.36,-25.7564]],[[31.36,-25.7564],[31.4101,-25.7562]],[[31.4101,-25.7562],[31.4153,-25.7551]],[[31.4153,-25.7551],[31.4189,-25.7573]],[[31.4189,-25.7573],[31.4296,-25.7515]],[[31.4296,-25.7515],[31.4318,-25.757]],[[31.4318,-25.757],[31.4379,-25.7569]],[[31.4379,-25.7569],[31.4198,-25.7268]],[[31.4198,-25.7268],[31.4144,-25.7179],[31.4723,-25.7549],[31.634,-25.8555]],[[31.634,-25.8555],[31.6335,-25.8577]],[[31.6335,-25.8577],[31.6353,-25.8639]],[[31.0081,-26.2195],[31.0114,-26.22]],[[31.0114,-26.22],[31.0117,-26.2166]],[[31.0117,-26.2166],[31.0159,-26.2163]],[[31.0159,-26.2163],[31.0163,-26.2162]],[[31.0163,-26.2162],[31.021,-26.2158]],[[31.021,-26.2158],[31.0213,-26.2154]],[[31.0213,-26.2154],[31.0259,-26.2146],[31.0303,-26.2161],[31.0319,-26.2198],[31.0354,-26.2224]],[[31.0354,-26.2224],[31.0341,-26.223]],[[31.0341,-26.223],[31.0396,-26.2306]],[[31.0396,-26.2306],[31.0083,-26.2288]],[[31.0083,-26.2288],[31.0083,-26.2339]],[[31.0083,-26.2339],[30.9973,-26.228]],[[30.9973,-26.228],[31.0011,-26.2177]],[[31.0011,-26.2177],[31.0081,-26.2168]],[[31.0081,-26.2168],[31.0081,-26.2195]],[[31.047,-26.2144],[31.0433,-26.2184]],[[31.0433,-26.2184],[31.0396,-26.2203]],[[31.0396,-26.2203],[31.038,-26.21]],[[31.038,-26.21],[31.0472,-26.2123]],[[31.0472,-26.2123],[31.047,-26.2144]],[[31.0229,-26.2039],[31.019,-26.2085]],[[31.019,-26.2085],[31.0142,-26.205]],[[31.0142,-26.205],[31.0106,-26.2004]],[[31.0106,-26.2004],[31.012,-26.1983]],[[31.012,-26.1983],[31.0234,-26.1949],[31.0229,-26.2039]],[[31.194,-26.4301],[31.1924,-26.4347]],[[31.1924,-26.4347],[31.1951,-26.4372]],[[31.1951,-26.4372],[31.1935,-26.4402]],[[31.1935,-26.4402],[31.1933,-26.4448]],[[31.1933,-26.4448],[31.1878,-26.4446],[31.1824,-26.4478],[31.1766,-26.4471],[31.1712,-26.4447],[31.1672,-26.4471],[31.1628,-26.4478],[31.1615,-26.444],[31.1576,-26.4422],[31.1606,-26.4236],[31.1656,-26.4232],[31.1562,-26.4169],[31.1598,-26.4091],[31.1669,-26.4064],[31.1708,-26.4012],[31.1629,-26.3938],[31.1646,-26.3916],[31.1684,-26.3902]],[[31.1684,-26.3902],[31.1723,-26.3921]],[[31.1723,-26.3921],[31.1727,-26.392]],[[31.1727,-26.392],[31.1732,-26.3922]],[[31.1732,-26.3922],[31.1752,-26.3916]],[[31.1752,-26.3916],[31.1801,-26.3956]],[[31.1801,-26.3956],[31.1771,-26.4011]],[[31.1771,-26.4011],[31.1939,-26.4125]],[[31.1939,-26.4125],[31.194,-26.4301]],[[31.1131,-26.2901],[31.1137,-26.2898]],[[31.1137,-26.2898],[31.114,-26.2902]],[[31.114,-26.2902],[31.1203,-26.287]],[[31.1203,-26.287],[31.1209,-26.2882]],[[31.1209,-26.2882],[31.1213,-26.2875]],[[31.1213,-26.2875],[31.1277,-26.2782]],[[31.1277,-26.2782],[31.1267,-26.2774]],[[31.1267,-26.2774],[31.1278,-26.2745]],[[31.1278,-26.2745],[31.1269,-26.2736]],[[31.1269,-26.2736],[31.1263,-26.273]],[[31.1263,-26.273],[31.1263,-26.2711]],[[31.1263,-26.2711],[31.1234,-26.2686]],[[31.1234,-26.2686],[31.123,-26.2689]],[[31.123,-26.2689],[31.1226,-26.2685]],[[31.1226,-26.2685],[31.1221,-26.2688]],[[31.1221,-26.2688],[31.1206,-26.2668]],[[31.1206,-26.2668],[31.122,-26.2665]],[[31.122,-26.2665],[31.1206,-26.2641]],[[31.1206,-26.2641],[31.1195,-26.2635]],[[31.1195,-26.2635],[31.1194,-26.2637]],[[31.1194,-26.2637],[31.1187,-26.2634]],[[31.1187,-26.2634],[31.1183,-26.2639]],[[31.1183,-26.2639],[31.1175,-26.2628]],[[31.1175,-26.2628],[31.1217,-26.2604]],[[31.1217,-26.2604],[31.1208,-26.2554]],[[31.1208,-26.2554],[31.1244,-26.2545]],[[31.1244,-26.2545],[31.1291,-26.2701]],[[31.1291,-26.2701],[31.131,-26.271]],[[31.131,-26.271],[31.1314,-26.2709]],[[31.1314,-26.2709],[31.1319,-26.2712]],[[31.1319,-26.2712],[31.1361,-26.2698]],[[31.1361,-26.2698],[31.1405,-26.2755]],[[31.1405,-26.2755],[31.1398,-26.2763]],[[31.1398,-26.2763],[31.1442,-26.2803]],[[31.1442,-26.2803],[31.1444,-26.2799]],[[31.1444,-26.2799],[31.1453,-26.2786]],[[31.1453,-26.2786],[31.1499,-26.2777]],[[31.1499,-26.2777],[31.152,-26.2748]],[[31.152,-26.2748],[31.1528,-26.2751]],[[31.1528,-26.2751],[31.1533,-26.2753]],[[31.1533,-26.2753],[31.1534,-26.2752]],[[31.1534,-26.2752],[31.1542,-26.2754]],[[31.1542,-26.2754],[31.1545,-26.2741]],[[31.1545,-26.2741],[31.1573,-26.2727]],[[31.1573,-26.2727],[31.1589,-26.2703]],[[31.1589,-26.2703],[31.1585,-26.2689]],[[31.1585,-26.2689],[31.161,-26.2676]],[[31.161,-26.2676],[31.1599,-26.2649]],[[31.1599,-26.2649],[31.161,-26.2623]],[[31.161,-26.2623],[31.1645,-26.2601]],[[31.1645,-26.2601],[31.1655,-26.261]],[[31.1655,-26.261],[31.1627,-26.265]],[[31.1627,-26.265],[31.1593,-26.275]],[[31.1593,-26.275],[31.1649,-26.2882]],[[31.1649,-26.2882],[31.1629,-26.3058]],[[31.1629,-26.3058],[31.1771,-26.3126]],[[31.1771,-26.3126],[31.1697,-26.351]],[[31.1697,-26.351],[31.1648,-26.3453]],[[31.1648,-26.3453],[31.1609,-26.3436]],[[31.1609,-26.3436],[31.1608,-26.3438]],[[31.1608,-26.3438],[31.16,-26.3434]],[[31.16,-26.3434],[31.1548,-26.3543]],[[31.1548,-26.3543],[31.1626,-26.3621]],[[31.1626,-26.3621],[31.1584,-26.3685]],[[31.1584,-26.3685],[31.1592,-26.3709]],[[31.1592,-26.3709],[31.1582,-26.3726]],[[31.1582,-26.3726],[31.1616,-26.3793]],[[31.1616,-26.3793],[31.1601,-26.3802]],[[31.1601,-26.3802],[31.1594,-26.3804]],[[31.1594,-26.3804],[31.1593,-26.3804]],[[31.1593,-26.3804],[31.1571,-26.3794]],[[31.1571,-26.3794],[31.154,-26.3744]],[[31.154,-26.3744],[31.1528,-26.3622]],[[31.1528,-26.3622],[31.1526,-26.36]],[[31.1526,-26.36],[31.1524,-26.3583]],[[31.1524,-26.3583],[31.1509,-26.3567]],[[31.1509,-26.3567],[31.1505,-26.3526]],[[31.1505,-26.3526],[31.1312,-26.345]],[[31.1312,-26.345],[31.1237,-26.3421]],[[31.1237,-26.3421],[31.1246,-26.3439]],[[31.1246,-26.3439],[31.1237,-26.3454]],[[31.1237,-26.3454],[31.1253,-26.3446]],[[31.1253,-26.3446],[31.1294,-26.3471]],[[31.1294,-26.3471],[31.1272,-26.3523]],[[31.1272,-26.3523],[31.1296,-26.3559]],[[31.1296,-26.3559],[31.125,-26.3591]],[[31.125,-26.3591],[31.1221,-26.3641]],[[31.1221,-26.3641],[31.1141,-26.3599]],[[31.1141,-26.3599],[31.1073,-26.3579]],[[31.1073,-26.3579],[31.1133,-26.351]],[[31.1133,-26.351],[31.1166,-26.3412]],[[31.1166,-26.3412],[31.1187,-26.3416]],[[31.1187,-26.3416],[31.1192,-26.3404]],[[31.1192,-26.3404],[31.1142,-26.3388]],[[31.1142,-26.3388],[31.1012,-26.3302]],[[31.1012,-26.3302],[31.1003,-26.33]],[[31.1003,-26.33],[31.1003,-26.3299]],[[31.1003,-26.3299],[31.0886,-26.3265]],[[31.0886,-26.3265],[31.0981,-26.3133]],[[31.0981,-26.3133],[31.097,-26.3117]],[[31.097,-26.3117],[31.0998,-26.3099]],[[31.0998,-26.3099],[31.0924,-26.3029]],[[31.0924,-26.3029],[31.0845,-26.2877]],[[31.0845,-26.2877],[31.0846,-26.2703]],[[31.0846,-26.2703],[31.0961,-26.2765]],[[31.0961,-26.2765],[31.0963,-26.2763]],[[31.0963,-26.2763],[31.097,-26.2766]],[[31.097,-26.2766],[31.1006,-26.2735]],[[31.1006,-26.2735],[31.1033,-26.2757]],[[31.1033,-26.2757],[31.104,-26.2756]],[[31.104,-26.2756],[31.1042,-26.2758]],[[31.1042,-26.2758],[31.1082,-26.2758]],[[31.1082,-26.2758],[31.1115,-26.2815]],[[31.1115,-26.2815],[31.1104,-26.2868]],[[31.1104,-26.2868],[31.1131,-26.2901]],[[31.2723,-25.9471],[31.2612,-25.9779]],[[31.2612,-25.9779],[31.2382,-25.9799]],[[31.2382,-25.9799],[31.2369,-25.9786]],[[31.2369,-25.9786],[31.2475,-25.9493]],[[31.2475,-25.9493],[31.2723,-25.9471]],[[31.3966,-27.1647],[31.3971,-27.1752]],[[31.3971,-27.1752],[31.3774,-27.1752]],[[31.3774,-27.1752],[31.377,-27.1917]],[[31.377,-27.1917],[31.3712,-27.2094]],[[31.3712,-27.2094],[31.3596,-27.2004]],[[31.3596,-27.2004],[31.3636,-27.2397]],[[31.3636,-27.2397],[31.3632,-27.2399]],[[31.3632,-27.2399],[31.361,-27.2413]],[[31.361,-27.2413],[31.3599,-27.2408]],[[31.3599,-27.2408],[31.3578,-27.2413]],[[31.3578,-27.2413],[31.3565,-27.2422]],[[31.3565,-27.2422],[31.3553,-27.242]],[[31.3553,-27.242],[31.3475,-27.244]],[[31.3475,-27.244],[31.3457,-27.2439]],[[31.3457,-27.2439],[31.3455,-27.2439]],[[31.3455,-27.2439],[31.3453,-27.2438]],[[31.3453,-27.2438],[31.3422,-27.2417]],[[31.3422,-27.2417],[31.3344,-27.2427]],[[31.3344,-27.2427],[31.3306,-27.2409]],[[31.3306,-27.2409],[31.3298,-27.2412]],[[31.3298,-27.2412],[31.3286,-27.2424]],[[31.3286,-27.2424],[31.3271,-27.2423]],[[31.3271,-27.2423],[31.327,-27.2423]],[[31.327,-27.2423],[31.3269,-27.2423]],[[31.3269,-27.2423],[31.3265,-27.2404]],[[31.3265,-27.2404],[31.325,-27.2408]],[[31.325,-27.2408],[31.3215,-27.239]],[[31.3215,-27.239],[31.3141,-27.2399]],[[31.3141,-27.2399],[31.3062,-27.2535]],[[31.3062,-27.2535],[31.1958,-27.2169]],[[31.1958,-27.2169],[31.1973,-27.2142]],[[31.1973,-27.2142],[31.1946,-27.2139]],[[31.1946,-27.2139],[31.1947,-27.2138]],[[31.1947,-27.2138],[31.1946,-27.2138]],[[31.1946,-27.2138],[31.1969,-27.2106]],[[31.1969,-27.2106],[31.1949,-27.2059]],[[31.1949,-27.2059],[31.1972,-27.2036]],[[31.1972,-27.2036],[31.2074,-27.2007]],[[31.2074,-27.2007],[31.2115,-27.1978]],[[31.2115,-27.1978],[31.2199,-27.1864]],[[31.2199,-27.1864],[31.2277,-27.1807]],[[31.2277,-27.1807],[31.2256,-27.1769]],[[31.2256,-27.1769],[31.2264,-27.1756]],[[31.2264,-27.1756],[31.2252,-27.1727]],[[31.2252,-27.1727],[31.223,-27.1691]],[[31.223,-27.1691],[31.2198,-27.1673]],[[31.2198,-27.1673],[31.2231,-27.1642]],[[31.2231,-27.1642],[31.2201,-27.1604]],[[31.2201,-27.1604],[31.226,-27.1492]],[[31.226,-27.1492],[31.2208,-27.1396]],[[31.2208,-27.1396],[31.2223,-27.1374]],[[31.2223,-27.1374],[31.2321,-27.1353]],[[31.2321,-27.1353],[31.2402,-27.1319]],[[31.2402,-27.1319],[31.2502,-27.1417]],[[31.2502,-27.1417],[31.2565,-27.1449]],[[31.2565,-27.1449],[31.2628,-27.1524]],[[31.2628,-27.1524],[31.2716,-27.1522]],[[31.2716,-27.1522],[31.2739,-27.1603]],[[31.2739,-27.1603],[31.289,-27.1586]],[[31.289,-27.1586],[31.2843,-27.1539]],[[31.2843,-27.1539],[31.287,-27.141]],[[31.287,-27.141],[31.2905,-27.1364]],[[31.2905,-27.1364],[31.2998,-27.1409]],[[31.2998,-27.1409],[31.3167,-27.1106]],[[31.3167,-27.1106],[31.317,-27.109]],[[31.317,-27.109],[31.2751,-27.0987]],[[31.2751,-27.0987],[31.2722,-27.0797]],[[31.2722,-27.0797],[31.2792,-27.0695]],[[31.2792,-27.0695],[31.2845,-27.0544]],[[31.2845,-27.0544],[31.2392,-27.0116]],[[31.2392,-27.0116],[31.239,-27.0115]],[[31.239,-27.0115],[31.2402,-27.0109]],[[31.2402,-27.0109],[31.2393,-27.0093]],[[31.2393,-27.0093],[31.2428,-27.0086]],[[31.2428,-27.0086],[31.25,-27.0039]],[[31.25,-27.0039],[31.2627,-27.0102]],[[31.2627,-27.0102],[31.2724,-27.0208]],[[31.2724,-27.0208],[31.2815,-27.021]],[[31.2815,-27.021],[31.2844,-27.0286]],[[31.2844,-27.0286],[31.2979,-27.0142]],[[31.2979,-27.0142],[31.2987,-27.0131]],[[31.2987,-27.0131],[31.2994,-27.0118]],[[31.2994,-27.0118],[31.2972,-27.0105]],[[31.2972,-27.0105],[31.301,-27.0038]],[[31.301,-27.0038],[31.3075,-26.9993]],[[31.3075,-26.9993],[31.3093,-26.9993]],[[31.3093,-26.9993],[31.3089,-26.9977]],[[31.3089,-26.9977],[31.311,-26.996]],[[31.311,-26.996],[31.3134,-26.9909]],[[31.3134,-26.9909],[31.318,-26.9912]],[[31.318,-26.9912],[31.3196,-26.9865]],[[31.3196,-26.9865],[31.3236,-26.9811]],[[31.3236,-26.9811],[31.3237,-26.981]],[[31.3237,-26.981],[31.3368,-26.981]],[[31.3368,-26.981],[31.3369,-26.9539]],[[31.3369,-26.9539],[31.3369,-26.9537]],[[31.3369,-26.9537],[31.337,-26.9536]],[[31.337,-26.9536],[31.3399,-26.9466]],[[31.3399,-26.9466],[31.3456,-26.9448]],[[31.3456,-26.9448],[31.3447,-26.9415]],[[31.3447,-26.9415],[31.3382,-26.9388]],[[31.3382,-26.9388],[31.3374,-26.9325]],[[31.3374,-26.9325],[31.335,-26.9308]],[[31.335,-26.9308],[31.3339,-26.9256]],[[31.3339,-26.9256],[31.2079,-26.9448]],[[31.2079,-26.9448],[31.2062,-26.9474]],[[31.2062,-26.9474],[31.2182,-26.9676]],[[31.2182,-26.9676],[31.172,-26.9953]],[[31.172,-26.9953],[31.1637,-26.9906]],[[31.1637,-26.9906],[31.1637,-26.993]],[[31.1637,-26.993],[31.1665,-26.9944]],[[31.1665,-26.9944],[31.1659,-26.9991]],[[31.1659,-26.9991],[31.1628,-27.0015]],[[31.1628,-27.0015],[31.1573,-26.9997]],[[31.1573,-26.9997],[31.154,-27.0004]],[[31.154,-27.0004],[31.1513,-27.0032]],[[31.1513,-27.0032],[31.1524,-27.0065]],[[31.1524,-27.0065],[31.152,-27.0069]],[[31.152,-27.0069],[31.1516,-27.0076]],[[31.1516,-27.0076],[31.1503,-27.0094]],[[31.1503,-27.0094],[31.1487,-27.0096]],[[31.1487,-27.0096],[31.1481,-27.0097]],[[31.1481,-27.0097],[31.1474,-27.0098]],[[31.1474,-27.0098],[31.1435,-27.0077]],[[31.1435,-27.0077],[31.1429,-27.0079]],[[31.1429,-27.0079],[31.1408,-27.0105]],[[31.1408,-27.0105],[31.1365,-27.0099]],[[31.1365,-27.0099],[31.1363,-27.0098]],[[31.1363,-27.0098],[31.1227,-26.9979]],[[31.1227,-26.9979],[31.1225,-26.986]],[[31.1225,-26.986],[31.1189,-26.9861]],[[31.1189,-26.9861],[31.1172,-26.9845]],[[31.1172,-26.9845],[31.117,-26.9821]],[[31.117,-26.9821],[31.1134,-26.9809]],[[31.1134,-26.9809],[31.1136,-26.9786]],[[31.1136,-26.9786],[31.1118,-26.9757]],[[31.1118,-26.9757],[31.1065,-26.979]],[[31.1065,-26.979],[31.1007,-26.9752]],[[31.1007,-26.9752],[31.1004,-26.9739]],[[31.1004,-26.9739],[31.0971,-26.9743]],[[31.0971,-26.9743],[31.0946,-26.967]],[[31.0946,-26.967],[31.092,-26.9661]],[[31.092,-26.9661],[31.0898,-26.9579]],[[31.0898,-26.9579],[31.0874,-26.9595]],[[31.0874,-26.9595],[31.0842,-26.9597]],[[31.0842,-26.9597],[31.0794,-26.9581]],[[31.0794,-26.9581],[31.0771,-26.9552]],[[31.0771,-26.9552],[31.0722,-26.9557]],[[31.0722,-26.9557],[31.0621,-26.9626]],[[31.0621,-26.9626],[31.0565,-26.9625]],[[31.0565,-26.9625],[31.0509,-26.9645]],[[31.0509,-26.9645],[31.0497,-26.965]],[[31.0497,-26.965],[31.0364,-26.963]],[[31.0364,-26.963],[31.023,-26.9702]],[[31.023,-26.9702],[31.0195,-26.9679]],[[31.0195,-26.9679],[31.0164,-26.9594]],[[31.0164,-26.9594],[30.9726,-26.9641]],[[30.9726,-26.9641],[30.9759,-26.951],[30.9759,-26.9212],[30.9726,-26.9076],[30.9685,-26.9064],[30.9656,-26.903],[30.9583,-26.8984],[30.9581,-26.8968],[30.9548,-26.8959],[30.9536,-26.8936],[30.9482,-26.8899],[30.9425,-26.8887],[30.9398,-26.8837],[30.9362,-26.883],[30.928,-26.8745],[30.9172,-26.867],[30.917,-26.8657],[30.9062,-26.8599],[30.906,-26.8548],[30.902,-26.8519],[30.8934,-26.8084],[30.8912,-26.8025],[30.8706,-26.8099],[30.8614,-26.8193],[30.8524,-26.818],[30.8466,-26.8197],[30.8439,-26.8245],[30.835,-26.827]],[[30.835,-26.827],[30.8331,-26.831],[30.8245,-26.84],[30.8123,-26.8442],[30.8019,-26.8246],[30.7901,-26.7149],[30.7906,-26.6304]],[[30.7906,-26.6304],[30.8131,-26.6597]],[[30.8131,-26.6597],[30.8625,-26.6872]],[[30.8625,-26.6872],[30.907,-26.6851]],[[30.907,-26.6851],[30.9064,-26.6765]],[[30.9064,-26.6765],[30.9121,-26.6704]],[[30.9121,-26.6704],[30.9141,-26.6655]],[[30.9141,-26.6655],[30.9199,-26.6622]],[[30.9199,-26.6622],[30.922,-26.6586]],[[30.922,-26.6586],[30.9257,-26.6581]],[[30.9257,-26.6581],[30.9303,-26.6547]],[[30.9303,-26.6547],[30.9336,-26.6565]],[[30.9336,-26.6565],[30.9348,-26.6545]],[[30.9348,-26.6545],[30.9394,-26.6529]],[[30.9394,-26.6529],[30.948,-26.6525]],[[30.948,-26.6525],[30.9515,-26.6497]],[[30.9515,-26.6497],[30.9823,-26.6738]],[[30.9823,-26.6738],[30.9992,-26.6234]],[[30.9992,-26.6234],[30.9925,-26.6222]],[[30.9925,-26.6222],[30.9915,-26.6202]],[[30.9915,-26.6202],[30.9966,-26.6192]],[[30.9966,-26.6192],[31.0035,-26.62]],[[31.0035,-26.62],[31.0045,-26.6183]],[[31.0045,-26.6183],[31.007,-26.6181]],[[31.007,-26.6181],[31.0125,-26.6219]],[[31.0125,-26.6219],[31.0139,-26.6207]],[[31.0139,-26.6207],[31.0171,-26.6211]],[[31.0171,-26.6211],[31.0198,-26.6186]],[[31.0198,-26.6186],[31.0279,-26.6171]],[[31.0279,-26.6171],[31.0289,-26.6181]],[[31.0289,-26.6181],[31.0841,-26.6185]],[[31.0841,-26.6185],[31.0817,-26.5948]],[[31.0817,-26.5948],[31.0738,-26.5994]],[[31.0738,-26.5994],[31.0709,-26.5951]],[[31.0709,-26.5951],[31.0655,-26.5913]],[[31.0655,-26.5913],[31.0574,-26.5894]],[[31.0574,-26.5894],[31.0589,-26.5821]],[[31.0589,-26.5821],[31.0613,-26.5812]],[[31.0613,-26.5812],[31.0548,-26.5801]],[[31.0548,-26.5801],[31.047,-26.5769]],[[31.047,-26.5769],[31.0439,-26.5772]],[[31.0439,-26.5772],[31.0426,-26.5808]],[[31.0426,-26.5808],[31.0369,-26.5764]],[[31.0369,-26.5764],[31.0339,-26.5663]],[[31.0339,-26.5663],[31.0365,-26.5625]],[[31.0365,-26.5625],[31.0374,-26.5582]],[[31.0374,-26.5582],[31.0366,-26.5535]],[[31.0366,-26.5535],[31.0473,-26.5529]],[[31.0473,-26.5529],[31.0574,-26.5463]],[[31.0574,-26.5463],[31.0677,-26.5572]],[[31.0677,-26.5572],[31.0732,-26.5602]],[[31.0732,-26.5602],[31.0713,-26.563]],[[31.0713,-26.563],[31.0716,-26.5659]],[[31.0716,-26.5659],[31.076,-26.5698]],[[31.076,-26.5698],[31.0799,-26.5687]],[[31.0799,-26.5687],[31.0781,-26.5628]],[[31.0781,-26.5628],[31.0794,-26.5587]],[[31.0794,-26.5587],[31.0786,-26.5561]],[[31.0786,-26.5561],[31.081,-26.5517]],[[31.081,-26.5517],[31.0854,-26.5489]],[[31.0854,-26.5489],[31.0892,-26.5486]],[[31.0892,-26.5486],[31.0964,-26.5373]],[[31.0964,-26.5373],[31.0988,-26.5363]],[[31.0988,-26.5363],[31.1018,-26.5429]],[[31.1018,-26.5429],[31.1063,-26.5463]],[[31.1063,-26.5463],[31.1052,-26.5392]],[[31.1052,-26.5392],[31.1259,-26.5347]],[[31.1259,-26.5347],[31.1328,-26.5458]],[[31.1328,-26.5458],[31.1497,-26.5732]],[[31.1497,-26.5732],[31.1465,-26.5772]],[[31.1465,-26.5772],[31.1458,-26.5864]],[[31.1458,-26.5864],[31.1479,-26.5887]],[[31.1479,-26.5887],[31.1543,-26.5882]],[[31.1543,-26.5882],[31.1545,-26.5883]],[[31.1545,-26.5883],[31.1551,-26.589]],[[31.1551,-26.589],[31.1561,-26.5899]],[[31.1561,-26.5899],[31.1561,-26.5913]],[[31.1561,-26.5913],[31.1517,-26.5938]],[[31.1517,-26.5938],[31.1493,-26.598]],[[31.1493,-26.598],[31.1496,-26.6001]],[[31.1496,-26.6001],[31.1418,-26.6052]],[[31.1418,-26.6052],[31.1398,-26.6111]],[[31.1398,-26.6111],[31.137,-26.6139]],[[31.137,-26.6139],[31.137,-26.6195]],[[31.137,-26.6195],[31.1617,-26.6137]],[[31.1617,-26.6137],[31.1632,-26.6134]],[[31.1632,-26.6134],[31.1681,-26.6277]],[[31.1681,-26.6277],[31.1735,-26.6279]],[[31.1735,-26.6279],[31.1793,-26.6396]],[[31.1793,-26.6396],[31.1828,-26.6382]],[[31.1828,-26.6382],[31.1872,-26.6436]],[[31.1872,-26.6436],[31.1937,-26.6453]],[[31.1937,-26.6453],[31.1961,-26.6433]],[[31.1961,-26.6433],[31.205,-26.6422]],[[31.205,-26.6422],[31.2116,-26.6349]],[[31.2116,-26.6349],[31.2271,-26.6336]],[[31.2271,-26.6336],[31.239,-26.6455]],[[31.239,-26.6455],[31.2465,-26.6395]],[[31.2465,-26.6395],[31.2606,-26.6395]],[[31.2606,-26.6395],[31.2609,-26.6344]],[[31.2609,-26.6344],[31.2727,-26.6175]],[[31.3242,-26.7598],[31.3085,-26.8034]],[[31.3602,-26.8324],[31.3853,-26.837]],[[31.3853,-26.837],[31.4003,-26.8579]],[[31.4003,-26.8579],[31.3813,-26.8623]],[[31.3813,-26.8623],[31.371,-26.8742]],[[31.371,-26.8742],[31.3644,-26.8747]],[[31.3644,-26.8747],[31.3646,-26.8864]],[[31.3646,-26.8864],[31.3921,-26.8869]],[[31.3921,-26.8869],[31.4103,-26.8951]],[[31.4103,-26.8951],[31.4176,-26.8796]],[[31.5033,-26.9213],[31.5017,-26.931]],[[31.5017,-26.931],[31.5016,-26.9311]],[[31.5016,-26.9311],[31.4925,-26.9354]],[[31.4925,-26.9354],[31.491,-26.9368]],[[31.491,-26.9368],[31.4895,-26.9368]],[[31.4895,-26.9368],[31.4866,-26.9369]],[[31.4866,-26.9369],[31.4811,-26.9285]],[[31.4811,-26.9285],[31.465,-26.926]],[[31.465,-26.926],[31.4626,-26.928]],[[31.4626,-26.928],[31.4704,-26.9326]],[[31.4704,-26.9326],[31.4633,-26.9326]],[[31.4633,-26.9326],[31.4714,-26.9403]],[[31.4714,-26.9403],[31.4627,-26.9475]],[[31.4627,-26.9475],[31.4806,-26.9766]],[[31.4806,-26.9766],[31.4805,-26.9784]],[[31.4805,-26.9784],[31.4829,-26.9792]],[[31.4829,-26.9792],[31.4827,-26.9792]],[[31.4827,-26.9792],[31.482,-26.9794]],[[31.482,-26.9794],[31.474,-26.9809]],[[31.474,-26.9809],[31.4424,-26.9833]],[[31.4424,-26.9833],[31.4264,-26.9996]],[[31.4264,-26.9996],[31.4351,-27.0052]],[[31.4351,-27.0052],[31.442,-27.0055]],[[31.442,-27.0055],[31.4481,-27.0097]],[[31.4481,-27.0097],[31.4475,-27.0312]],[[31.4475,-27.0312],[31.445,-27.032]],[[31.4324,-27.0443],[31.4285,-27.0413]],[[31.4285,-27.0413],[31.4112,-27.0432]],[[31.4112,-27.0432],[31.4065,-27.0427]],[[31.4065,-27.0427],[31.4061,-27.0427]],[[31.4061,-27.0427],[31.4053,-27.0426]],[[31.4053,-27.0426],[31.4032,-27.0413]],[[31.4032,-27.0413],[31.4001,-27.0336]],[[31.4001,-27.0336],[31.397,-27.0361]],[[31.397,-27.0361],[31.4013,-27.0408]],[[31.4013,-27.0408],[31.4006,-27.0478]],[[31.4006,-27.0478],[31.4032,-27.0509]],[[31.4032,-27.0509],[31.402,-27.0523]],[[31.402,-27.0523],[31.402,-27.056]],[[31.402,-27.056],[31.3999,-27.0559]],[[31.3999,-27.0559],[31.399,-27.0583]],[[31.399,-27.0583],[31.3959,-27.0604]],[[31.3959,-27.0604],[31.3959,-27.0621]],[[31.3959,-27.0621],[31.3997,-27.0635]],[[31.3997,-27.0635],[31.4009,-27.0675]],[[31.4009,-27.0675],[31.3962,-27.0734]],[[31.3962,-27.0734],[31.3993,-27.0747]],[[31.3993,-27.0747],[31.4052,-27.0739]],[[31.4052,-27.0739],[31.4053,-27.0741]],[[31.4053,-27.0741],[31.4058,-27.0755]],[[31.4058,-27.0755],[31.406,-27.0762]],[[31.406,-27.0762],[31.4059,-27.0769]],[[31.4059,-27.0769],[31.4059,-27.0779]],[[31.0564,-26.6919],[31.0815,-26.6719]],[[31.0815,-26.6719],[31.0578,-26.6608]],[[31.0578,-26.6608],[31.0571,-26.6605]],[[31.0571,-26.6605],[31.0513,-26.6657]],[[31.0513,-26.6657],[31.0491,-26.6699]],[[31.0491,-26.6699],[31.0472,-26.6721]],[[31.0472,-26.6721],[31.0458,-26.68]],[[31.0458,-26.68],[31.0417,-26.6848]],[[31.0417,-26.6848],[31.0416,-26.6871]],[[31.0416,-26.6871],[31.0429,-26.6878]],[[31.0429,-26.6878],[31.0434,-26.6882]],[[31.0434,-26.6882],[31.0415,-26.689]],[[31.0415,-26.689],[31.0408,-26.6895]],[[31.0408,-26.6895],[31.0411,-26.6904]],[[31.0411,-26.6904],[31.0428,-26.6902]],[[31.0428,-26.6902],[31.0414,-26.6927]],[[31.0414,-26.6927],[31.0444,-26.6957]],[[31.0444,-26.6957],[31.0564,-26.6919]],[[31.1526,-25.9569],[31.1587,-25.957]],[[31.1587,-25.957],[31.1599,-25.9639]],[[31.1599,-25.9639],[31.1566,-25.967]],[[31.1566,-25.967],[31.1579,-25.9694]],[[31.1579,-25.9694],[31.1575,-25.972]],[[31.1575,-25.972],[31.1543,-25.9755]],[[31.1543,-25.9755],[31.1507,-25.9753]],[[31.1507,-25.9753],[31.1503,-25.9773]],[[31.1503,-25.9773],[31.1485,-25.9774]],[[31.1485,-25.9774],[31.1595,-25.987]],[[31.1595,-25.987],[31.2375,-25.98]],[[31.2375,-25.98],[31.2382,-25.9799]],[[31.2612,-25.9779],[31.2611,-25.9781]],[[31.2611,-25.9781],[31.251,-26.0063]],[[31.251,-26.0063],[31.2057,-26.027]],[[31.2057,-26.027],[31.1652,-26.0381]],[[31.1652,-26.0381],[31.1651,-26.0389]],[[31.1651,-26.0389],[31.1628,-26.0389]],[[31.1628,-26.0389],[31.1577,-26.0469]],[[31.1577,-26.0469],[31.1656,-26.0864]],[[31.1656,-26.0864],[31.1754,-26.0842]],[[31.1754,-26.0842],[31.1786,-26.077]],[[31.1786,-26.077],[31.2068,-26.0895]],[[31.2068,-26.0895],[31.2074,-26.0949]],[[31.2074,-26.0949],[31.2321,-26.1171]],[[31.2321,-26.1171],[31.2316,-26.1194]],[[31.2316,-26.1194],[31.2355,-26.1179]],[[31.2355,-26.1179],[31.2682,-26.1179]],[[31.2682,-26.1179],[31.2683,-26.1572]],[[31.2683,-26.1572],[31.2703,-26.1576]],[[31.2703,-26.1576],[31.272,-26.1566]],[[31.272,-26.1566],[31.2761,-26.1536]],[[31.2761,-26.1536],[31.281,-26.1517]],[[31.281,-26.1517],[31.282,-26.1513]],[[31.282,-26.1513],[31.2822,-26.1512]],[[31.2822,-26.1512],[31.2954,-26.1549]],[[31.2954,-26.1549],[31.2975,-26.1527]],[[31.2975,-26.1527],[31.296,-26.1496]],[[31.296,-26.1496],[31.3015,-26.1473]],[[31.3015,-26.1473],[31.308,-26.1474]],[[31.308,-26.1474],[31.3111,-26.1505]],[[31.3111,-26.1505],[31.3191,-26.1496]],[[31.3191,-26.1496],[31.3203,-26.1438]],[[31.3203,-26.1438],[31.325,-26.1346]],[[31.325,-26.1346],[31.3213,-26.126]],[[31.3213,-26.126],[31.3246,-26.1104]],[[31.3246,-26.1104],[31.3236,-26.1052]],[[31.3236,-26.1052],[31.3217,-26.1023]],[[31.3217,-26.1023],[31.3251,-26.096]],[[31.3251,-26.096],[31.3239,-26.092]],[[31.3239,-26.092],[31.3208,-26.0884]],[[31.3208,-26.0884],[31.3212,-26.0859]],[[31.3212,-26.0859],[31.3078,-26.0816]],[[31.3078,-26.0816],[31.3209,-26.0732]],[[31.3209,-26.0732],[31.3212,-26.073]],[[31.3212,-26.073],[31.3213,-26.0731]],[[31.3213,-26.0731],[31.325,-26.079]],[[31.325,-26.079],[31.3305,-26.0845]],[[31.3305,-26.0845],[31.3362,-26.0808]],[[31.3362,-26.0808],[31.3572,-26.0824]],[[31.3572,-26.0824],[31.3645,-26.0932]],[[31.3645,-26.0932],[31.3669,-26.0919]],[[31.3669,-26.0919],[31.3688,-26.0877]],[[31.3688,-26.0877],[31.3716,-26.0881]],[[31.3716,-26.0881],[31.3748,-26.0859]],[[31.3748,-26.0859],[31.3866,-26.0831]],[[31.3866,-26.0831],[31.3898,-26.0905]],[[31.3898,-26.0905],[31.3941,-26.0958]],[[31.3941,-26.0958],[31.397,-26.0988]],[[31.397,-26.0988],[31.4025,-26.1006]],[[31.4025,-26.1006],[31.4077,-26.105]],[[31.4077,-26.105],[31.4112,-26.1038]],[[31.4112,-26.1038],[31.4203,-26.096]],[[31.4203,-26.096],[31.4362,-26.0906]],[[31.4362,-26.0906],[31.4378,-26.0905]],[[31.4378,-26.0905],[31.4392,-26.0905]],[[31.4392,-26.0905],[31.4415,-26.0943]],[[31.4415,-26.0943],[31.4491,-26.1011]],[[31.4491,-26.1011],[31.4492,-26.1073]],[[31.4492,-26.1073],[31.4532,-26.1147]],[[31.4532,-26.1147],[31.4577,-26.1166]],[[31.4577,-26.1166],[31.4649,-26.1162]],[[31.4649,-26.1162],[31.4647,-26.1187]],[[31.4647,-26.1187],[31.4603,-26.1212]],[[31.4603,-26.1212],[31.4557,-26.1268]],[[31.4557,-26.1268],[31.4542,-26.1336]],[[31.4542,-26.1336],[31.4545,-26.1408]],[[31.4415,-26.1984],[31.3933,-26.2053]],[[31.3933,-26.2053],[31.3743,-26.2129]],[[31.3743,-26.2129],[31.377,-26.2145]],[[31.377,-26.2145],[31.3795,-26.2209]],[[31.3795,-26.2209],[31.3759,-26.2224]],[[31.3759,-26.2224],[31.3715,-26.2186]],[[31.3715,-26.2186],[31.3686,-26.218]],[[31.3686,-26.218],[31.3621,-26.2271]],[[31.3621,-26.2271],[31.3564,-26.2322]],[[31.3564,-26.2322],[31.3471,-26.2315]],[[31.3471,-26.2315],[31.3443,-26.23]],[[31.3443,-26.23],[31.3404,-26.2248]],[[31.3404,-26.2248],[31.3382,-26.2244]],[[31.3382,-26.2244],[31.3338,-26.2265]],[[31.3338,-26.2265],[31.3322,-26.2347]],[[31.3322,-26.2347],[31.3282,-26.2393]],[[31.3282,-26.2393],[31.3266,-26.2489]],[[31.3266,-26.2489],[31.3202,-26.2513]],[[31.3202,-26.2513],[31.3193,-26.2594]],[[31.3193,-26.2594],[31.3175,-26.2621]],[[31.3175,-26.2621],[31.3171,-26.2726]],[[31.3171,-26.2726],[31.3186,-26.2729]],[[31.3186,-26.2729],[31.3208,-26.2773]],[[31.3208,-26.2773],[31.314,-26.2778]],[[31.314,-26.2778],[31.3094,-26.2748]],[[31.3094,-26.2748],[31.3058,-26.2739]],[[31.3058,-26.2739],[31.3034,-26.2748]],[[31.3034,-26.2748],[31.3053,-26.2793]],[[31.3053,-26.2793],[31.3044,-26.2817]],[[31.3044,-26.2817],[31.3077,-26.2818]],[[31.3077,-26.2818],[31.3088,-26.2845]],[[31.3088,-26.2845],[31.3065,-26.2868]],[[31.3065,-26.2868],[31.3063,-26.2905]],[[31.3063,-26.2905],[31.3144,-26.3008]],[[31.3144,-26.3008],[31.3162,-26.3138]],[[31.3162,-26.3138],[31.2964,-26.3163]],[[31.2964,-26.3163],[31.2966,-26.32]],[[31.2966,-26.32],[31.2783,-26.332]],[[31.2783,-26.332],[31.2766,-26.3436]],[[31.2766,-26.3436],[31.2837,-26.3621]],[[31.2837,-26.3621],[31.2622,-26.3884]],[[31.2622,-26.3884],[31.2664,-26.4052]],[[31.2664,-26.4052],[31.2619,-26.412]],[[31.2619,-26.412],[31.2626,-26.4175]],[[31.2626,-26.4175],[31.2566,-26.4253]],[[31.2566,-26.4253],[31.2571,-26.4339]],[[31.2571,-26.4339],[31.2577,-26.4437]],[[31.2577,-26.4437],[31.2224,-26.3973]],[[31.2224,-26.3973],[31.2,-26.3803]],[[31.2,-26.3803],[31.1979,-26.3804]],[[31.1979,-26.3804],[31.1954,-26.3768]],[[31.1954,-26.3768],[31.1899,-26.3751]],[[31.1899,-26.3751],[31.1696,-26.3517]],[[31.1696,-26.3517],[31.1697,-26.351]],[[31.0846,-26.2703],[31.0838,-26.2699]],[[31.0838,-26.2699],[31.0812,-26.2433]],[[31.0812,-26.2433],[31.0697,-26.2323]],[[31.0697,-26.2323],[31.0625,-26.2319]],[[31.0625,-26.2319],[31.0396,-26.2306]],[[31.0354,-26.2224],[31.0396,-26.2203]],[[31.0472,-26.2123],[31.0475,-26.2092],[31.046,-26.2078],[31.0479,-26.2053],[31.0472,-26.1972],[31.0512,-26.1952],[31.0498,-26.1928],[31.0567,-26.1932],[31.0583,-26.1887],[31.0654,-26.1806],[31.0652,-26.1778],[31.0699,-26.1684],[31.0765,-26.167],[31.0789,-26.1618],[31.0884,-26.1622],[31.0966,-26.1594],[31.1019,-26.1562],[31.1051,-26.1523],[31.1049,-26.149],[31.1063,-26.1468],[31.1177,-26.1416],[31.123,-26.1423],[31.1321,-26.1501],[31.1413,-26.1473],[31.1351,-26.1314],[31.1327,-26.0867],[31.1339,-26.0804],[31.1396,-26.0751],[31.1351,-26.0632],[31.1352,-26.0543],[31.1416,-26.0537],[31.1421,-26.0467],[31.1441,-26.0407],[31.1394,-26.0345],[31.1376,-26.0286],[31.1414,-26.019],[31.1486,-26.0096],[31.1513,-26.0004],[31.153,-25.9982],[31.1508,-25.997],[31.1499,-25.9947],[31.1516,-25.9928],[31.1413,-25.9948],[31.1413,-25.9917],[31.1318,-25.9819],[31.1309,-25.9789],[31.1228,-25.9707],[31.1171,-25.9676]],[[31.1171,-25.9676],[31.1311,-25.9666]],[[31.1311,-25.9666],[31.129,-25.9623]],[[31.129,-25.9623],[31.1322,-25.959]],[[31.1322,-25.959],[31.1491,-25.9572]],[[31.1491,-25.9572],[31.1524,-25.9569]],[[31.1524,-25.9569],[31.1526,-25.9569]],[[31.5436,-26.8303],[31.5384,-26.8125]],[[31.5384,-26.8125],[31.5416,-26.8085]],[[31.5416,-26.8085],[31.5562,-26.7685]],[[31.5562,-26.7685],[31.5605,-26.7603]],[[31.5605,-26.7603],[31.5612,-26.7553]],[[31.5612,-26.7553],[31.5636,-26.7507]],[[31.5636,-26.7507],[31.5669,-26.7497]],[[31.5669,-26.7497],[31.5673,-26.7463]],[[31.5673,-26.7463],[31.5691,-26.7435]],[[31.5691,-26.7435],[31.5709,-26.7386]],[[31.5709,-26.7386],[31.5684,-26.7381]],[[31.5684,-26.7381],[31.5695,-26.7367]],[[31.5695,-26.7367],[31.5667,-26.7326]],[[31.5667,-26.7326],[31.566,-26.7214]],[[31.566,-26.7214],[31.5659,-26.721]],[[31.5659,-26.721],[31.5615,-26.7098]],[[31.5615,-26.7098],[31.5611,-26.705]],[[31.5611,-26.705],[31.5536,-26.7001]],[[31.5536,-26.7001],[31.5471,-26.6997]],[[31.5471,-26.6997],[31.543,-26.6939]],[[31.543,-26.6939],[31.5411,-26.6912]],[[31.5411,-26.6912],[31.5397,-26.6858]],[[31.5397,-26.6858],[31.5267,-26.7048]],[[31.5267,-26.7048],[31.5112,-26.7193]],[[31.5112,-26.7193],[31.5074,-26.7264]],[[31.5074,-26.7264],[31.5074,-26.7265]],[[31.5074,-26.7265],[31.5049,-26.7283]],[[31.5049,-26.7283],[31.5031,-26.7264]],[[31.5031,-26.7264],[31.4984,-26.7263]],[[31.4984,-26.7263],[31.497,-26.7252]],[[31.497,-26.7252],[31.4951,-26.7238]],[[31.4951,-26.7238],[31.4923,-26.7216]],[[31.4923,-26.7216],[31.4921,-26.7198]],[[31.4921,-26.7198],[31.4874,-26.7229]],[[31.4874,-26.7229],[31.4843,-26.7274]],[[31.3671,-26.6221],[31.3698,-26.625]],[[31.3698,-26.625],[31.375,-26.6261]],[[31.375,-26.6261],[31.3762,-26.6278]],[[31.3762,-26.6278],[31.4122,-26.6171]],[[31.4122,-26.6171],[31.4446,-26.6038]],[[31.5369,-26.6607],[31.5987,-26.6389]],[[31.5987,-26.6389],[31.5862,-26.5415]],[[31.5862,-26.5415],[31.5748,-26.54]],[[31.5748,-26.54],[31.5744,-26.54]],[[31.5744,-26.54],[31.5649,-26.5318]],[[31.4362,-26.0906],[31.4362,-26.0883]],[[31.4362,-26.0883],[31.4338,-26.0867]],[[31.4338,-26.0867],[31.4294,-26.0781]],[[31.4294,-26.0781],[31.43,-26.074]],[[31.43,-26.074],[31.4353,-26.0667]],[[31.4353,-26.0667],[31.4359,-26.0605]],[[31.4359,-26.0605],[31.4377,-26.0587]],[[31.4377,-26.0587],[31.4398,-26.0585]],[[31.4398,-26.0585],[31.4395,-26.0535]],[[31.4395,-26.0535],[31.4395,-26.0533]],[[31.4395,-26.0533],[31.4396,-26.0535]],[[31.4396,-26.0535],[31.4443,-26.0617]],[[31.4443,-26.0617],[31.4526,-26.0673]],[[31.4526,-26.0673],[31.455,-26.0675]],[[31.634,-25.8555],[31.759,-25.9329],[31.7582,-25.9363],[31.7556,-25.9388],[31.747,-25.9441],[31.7492,-25.9476],[31.7486,-25.9503],[31.7431,-25.9529],[31.7387,-25.9524],[31.7359,-25.9481],[31.7277,-25.9508],[31.7209,-25.9499],[31.7191,-25.9475],[31.723,-25.9435],[31.7205,-25.9413],[31.7172,-25.9412],[31.7027,-25.9468],[31.698,-25.9469],[31.6919,-25.9513],[31.6817,-25.9493],[31.6716,-25.9421],[31.6681,-25.9416],[31.6637,-25.9454],[31.6624,-26.02],[31.6749,-26.1211],[31.6765,-26.1188],[31.6907,-26.1171],[31.6936,-26.1226],[31.6956,-26.124],[31.7026,-26.1216],[31.7104,-26.1242],[31.7217,-26.1161],[31.7276,-26.116],[31.7301,-26.1171],[31.7297,-26.1231],[31.7355,-26.1222],[31.7387,-26.1232],[31.7413,-26.1207],[31.7426,-26.1138],[31.74,-26.1065],[31.7432,-26.106],[31.7463,-26.1026],[31.751,-26.1021],[31.755,-26.0982],[31.7581,-26.0974],[31.7592,-26.0979],[31.7584,-26.1012],[31.7621,-26.1086],[31.7693,-26.1101],[31.7743,-26.1086],[31.778,-26.113]],[[31.778,-26.113],[31.7802,-26.1132],[31.7505,-26.231],[31.7583,-26.2377],[31.7595,-26.2367],[31.7588,-26.2304],[31.7601,-26.2283],[31.7673,-26.2297],[31.7702,-26.2315],[31.7713,-26.2447],[31.7694,-26.2455],[31.7656,-26.2521],[31.7718,-26.2534],[31.7712,-26.2595],[31.7769,-26.2619],[31.7779,-26.2647],[31.7831,-26.2664],[31.7846,-26.2682],[31.7807,-26.2717],[31.7794,-26.2784],[31.7763,-26.28],[31.7784,-26.2816],[31.7779,-26.2826],[31.7722,-26.283],[31.77,-26.2868],[31.7664,-26.2888],[31.7608,-26.2856],[31.7572,-26.2894],[31.7564,-26.2943],[31.7572,-26.2977],[31.7628,-26.2995],[31.7594,-26.3033],[31.7625,-26.3055],[31.7627,-26.3069],[31.7583,-26.3067],[31.7579,-26.3076],[31.7656,-26.3159],[31.7658,-26.3188],[31.7641,-26.3199],[31.7648,-26.3215],[31.7723,-26.327],[31.7744,-26.3169],[31.78,-26.3182],[31.7805,-26.3203],[31.7828,-26.3208],[31.7849,-26.3251],[31.7841,-26.3276],[31.7876,-26.3312],[31.7872,-26.3355],[31.7896,-26.3371],[31.7895,-26.3403],[31.7919,-26.343],[31.7948,-26.3441],[31.7949,-26.3458],[31.7986,-26.3487],[31.7987,-26.3506],[31.8022,-26.3539],[31.8034,-26.3537],[31.8086,-26.3614],[31.8087,-26.365],[31.811,-26.3678],[31.8105,-26.3732],[31.8175,-26.3644],[31.8225,-26.362],[31.8457,-26.3621],[31.8477,-26.3644],[31.8521,-26.3629],[31.8534,-26.3635],[31.8526,-26.3645],[31.8593,-26.3651],[31.8604,-26.3682],[31.864,-26.3697],[31.8633,-26.3737],[31.8659,-26.3705],[31.8763,-26.3652],[31.8776,-26.3665],[31.8763,-26.367],[31.8748,-26.3714],[31.876,-26.3733],[31.8749,-26.3735],[31.8771,-26.3781],[31.883,-26.3789],[31.8883,-26.384],[31.9524,-26.3892]],[[31.9524,-26.3892],[31.952,-26.3987]],[[31.952,-26.3987],[31.9487,-26.4037]],[[31.9487,-26.4037],[31.9475,-26.4136]],[[31.9475,-26.4136],[31.9449,-26.4184]],[[31.9449,-26.4184],[31.939,-26.4247]],[[31.939,-26.4247],[31.9374,-26.4304]],[[31.9374,-26.4304],[31.9384,-26.4344]],[[31.9384,-26.4344],[31.9383,-26.4359]],[[31.9383,-26.4359],[31.9379,-26.4434]],[[31.9379,-26.4434],[31.9378,-26.4435]],[[31.9378,-26.4435],[31.9377,-26.4435]],[[31.9377,-26.4435],[31.9376,-26.4437]],[[31.9376,-26.4437],[31.9331,-26.4451]],[[31.9331,-26.4451],[31.9352,-26.453]],[[31.9352,-26.453],[31.9353,-26.4532]],[[31.9353,-26.4532],[31.9427,-26.4667]],[[31.9427,-26.4667],[31.9503,-26.4684]],[[31.9503,-26.4684],[31.9593,-26.4678]],[[31.9593,-26.4678],[31.9593,-26.468]],[[31.9593,-26.468],[31.9583,-26.4718]],[[31.9583,-26.4718],[31.9581,-26.4728]],[[31.9581,-26.4728],[31.9603,-26.479]],[[31.9603,-26.479],[31.9767,-26.4763]],[[31.9767,-26.4763],[31.9746,-26.4678]],[[31.9746,-26.4678],[31.9821,-26.4731]],[[31.9821,-26.4731],[32.021,-26.493]],[[32.021,-26.493],[31.9753,-26.5182]],[[31.9753,-26.5182],[31.9812,-26.5286]],[[31.9812,-26.5286],[31.9871,-26.5262]],[[31.9871,-26.5262],[31.9905,-26.5292]],[[31.9905,-26.5292],[31.9981,-26.531]],[[31.9981,-26.531],[32.0123,-26.5305]],[[32.0123,-26.5305],[32.0149,-26.5359]],[[32.0149,-26.5359],[32.0149,-26.536]],[[32.0149,-26.536],[32.0116,-26.5429]],[[32.0116,-26.5429],[32.0155,-26.5515]],[[32.0155,-26.5515],[32.0137,-26.5669]],[[32.0137,-26.5669],[32.0136,-26.5671]],[[32.0136,-26.5671],[32.0102,-26.576]],[[32.0102,-26.576],[32.0061,-26.5794]],[[32.0061,-26.5794],[32.0048,-26.5843]],[[32.0048,-26.5843],[32.0028,-26.5847]],[[32.0028,-26.5847],[31.998,-26.5896]],[[31.998,-26.5896],[31.9971,-26.5889]],[[31.9971,-26.5889],[31.9949,-26.5924]],[[31.9949,-26.5924],[31.9971,-26.5918]],[[31.9971,-26.5918],[32.0036,-26.5951]],[[32.0036,-26.5951],[32.005,-26.5978]],[[32.005,-26.5978],[32.0037,-26.5983]],[[32.0037,-26.5983],[32.006,-26.6]],[[32.006,-26.6],[32.0036,-26.6017]],[[32.0036,-26.6017],[32.0087,-26.6162]],[[32.0087,-26.6162],[32.0092,-26.6202]],[[32.0092,-26.6202],[32.0079,-26.6221]],[[32.0079,-26.6221],[32.0091,-26.6253]],[[32.0091,-26.6253],[32.0069,-26.6269]],[[32.0069,-26.6269],[32.0075,-26.63]],[[32.0075,-26.63],[32.0102,-26.6306]],[[32.0102,-26.6306],[32.0082,-26.6354]],[[32.0082,-26.6354],[32.0107,-26.6429]],[[32.0107,-26.6429],[32.0111,-26.6534]],[[32.0111,-26.6534],[32.0145,-26.672]],[[32.0145,-26.672],[31.9924,-26.6688],[31.9823,-26.6713],[31.9711,-26.6703],[31.9735,-26.6683],[31.8825,-26.6683],[31.8849,-26.7152],[31.8886,-26.7172],[31.8896,-26.72],[31.8884,-26.7231],[31.8854,-26.7248],[31.8869,-26.7527],[31.9107,-26.7786],[31.9146,-26.7808],[31.9141,-26.782],[31.9171,-26.7853],[31.8912,-26.8437],[31.897,-26.8477],[31.9042,-26.8556],[31.9201,-26.8612],[31.9409,-26.8564],[31.9535,-26.8549],[31.9659,-26.8505],[31.9674,-26.8484],[31.9684,-26.8409],[31.965,-26.825],[31.9617,-26.8164],[31.958,-26.8109],[31.9528,-26.8083],[31.9472,-26.8085],[31.9396,-26.8115],[31.936,-26.8109],[31.9349,-26.8067],[31.9369,-26.7992],[31.9391,-26.797],[31.9515,-26.7908],[31.9687,-26.787],[31.9789,-26.7863],[31.9857,-26.7818],[31.9914,-26.7797],[31.996,-26.7807],[31.9972,-26.7827],[31.9954,-26.7912],[31.9927,-26.7948],[31.9929,-26.7977],[31.9948,-26.8007],[32.0008,-26.8036],[32.0051,-26.8085],[32.0067,-26.8091]],[[32.0067,-26.8091],[32.0099,-26.8101]],[[32.0099,-26.8101],[32.0099,-26.8102],[32.0143,-26.8223],[32.0113,-26.8313],[32.0088,-26.8555],[31.9969,-26.9207],[31.9983,-26.9295],[31.9948,-26.9475],[31.9924,-26.9733],[31.9848,-27.0069],[31.9784,-27.0921],[31.9738,-27.1175],[31.9749,-27.1313],[31.9731,-27.1488],[31.9754,-27.2224],[31.9755,-27.295],[31.9742,-27.3096],[31.9779,-27.3173],[31.9161,-27.3171]],[[31.9161,-27.3171],[31.9013,-27.317]],[[31.9013,-27.317],[31.8999,-27.2939]],[[31.8999,-27.2939],[31.8999,-27.2937]],[[31.8999,-27.2937],[31.8835,-27.2943]],[[31.8835,-27.2943],[31.8863,-27.3081]],[[31.8863,-27.3081],[31.8863,-27.3083]],[[31.8863,-27.3083],[31.8802,-27.3057]],[[31.8802,-27.3057],[31.8664,-27.2965]],[[31.8664,-27.2965],[31.8653,-27.2958],[31.8723,-27.3169],[31.6085,-27.3157],[31.608,-27.3139]],[[31.9528,-26.9501],[31.918,-26.9521],[31.9244,-26.9864],[31.9176,-26.9979],[31.9178,-27.0248],[31.9138,-27.024],[31.9056,-27.0297],[31.8995,-27.0368],[31.913,-27.0447],[31.9178,-27.0499],[31.9196,-27.0546],[31.9197,-27.059],[31.9216,-27.0599],[31.9346,-27.0836],[31.9351,-27.087],[31.9463,-27.0869],[31.9493,-27.0481],[31.9534,-27.0475],[31.9598,-26.989],[31.9528,-26.9501]],[[31.7356,-26.4315],[31.7408,-26.4323],[31.7404,-26.4336],[31.7435,-26.4366],[31.743,-26.438]],[[31.743,-26.438],[31.7448,-26.4374],[31.7451,-26.4391],[31.7459,-26.4379],[31.7488,-26.4405],[31.7492,-26.4426],[31.7541,-26.4451],[31.7549,-26.4479],[31.7578,-26.448],[31.7597,-26.4534],[31.7591,-26.4582],[31.7705,-26.4431],[31.7775,-26.4413],[31.7804,-26.4388],[31.7825,-26.4308],[31.7817,-26.4242],[31.784,-26.4203],[31.7827,-26.4135],[31.7839,-26.412],[31.7697,-26.4138],[31.7332,-26.4108],[31.7317,-26.4154],[31.732,-26.4218],[31.7337,-26.4232],[31.7331,-26.4291],[31.7356,-26.4315]],[[31.419,-26.642],[31.4234,-26.6415],[31.4387,-26.6343],[31.4404,-26.6307],[31.4401,-26.628],[31.4356,-26.6288],[31.4315,-26.6239],[31.4349,-26.6222],[31.4314,-26.6164],[31.424,-26.616]],[[31.424,-26.616],[31.4124,-26.6273],[31.4112,-26.6306],[31.412,-26.6327],[31.4141,-26.6349],[31.4168,-26.6425],[31.419,-26.642]],[[31.9641,-26.4551],[31.9492,-26.4365]],[[31.9492,-26.4365],[31.9451,-26.435]],[[31.9451,-26.435],[31.9445,-26.4348]],[[31.9445,-26.4348],[31.9383,-26.436]],[[31.9383,-26.436],[31.9383,-26.4359]],[[31.9524,-26.3892],[31.9235,-26.3867],[31.9251,-26.3722],[31.9231,-26.3702],[31.9249,-26.3659],[31.9225,-26.3655],[31.9207,-26.3633],[31.92,-26.3595],[31.9174,-26.3575],[31.9433,-26.2947],[31.9519,-26.2957],[31.9729,-26.3369],[31.9717,-26.3384],[32.0018,-26.3437],[32.05,-26.2849],[32.0295,-26.3044],[32.0147,-26.3028],[32.0155,-26.3],[32.012,-26.2909],[32.0085,-26.2883],[32.0091,-26.2753],[32.0202,-26.2564],[32.021,-26.2383],[32.0275,-26.2284],[32.0286,-26.2233],[32.051,-26.2597],[32.0551,-26.2614],[32.0564,-26.2594],[32.06,-26.2606],[32.061,-26.2583],[32.0671,-26.2564],[32.0663,-26.2537],[32.0695,-26.253],[32.0703,-26.2543],[32.0734,-26.2524],[32.0738,-26.2507],[32.0766,-26.2493],[32.0745,-26.246],[32.0766,-26.2417],[32.0806,-26.239],[32.084,-26.2397],[32.0821,-26.2364],[32.0881,-26.2326],[32.0724,-26.3058],[32.0759,-26.4054],[32.1333,-26.5274],[32.133,-26.84]],[[32.133,-26.84],[32.1234,-26.8401],[32.1187,-26.8383],[32.1132,-26.8275],[32.1073,-26.8221],[32.1046,-26.8096],[32.0975,-26.8045],[32.0929,-26.8045],[32.0704,-26.8096],[32.0617,-26.8136],[32.0595,-26.8169],[32.053,-26.8181],[32.0445,-26.8169],[32.0376,-26.8118],[32.035,-26.8076],[32.0289,-26.8058],[32.0172,-26.8072],[32.0099,-26.8101]],[[32.0067,-26.8091],[32.0081,-26.8078],[32.005,-26.8035],[32.0038,-26.7971],[32.0087,-26.7775],[32.0107,-26.7502],[32.0128,-26.7405],[32.0141,-26.7241],[32.0135,-26.7161],[32.0165,-26.6822],[32.0145,-26.672]],[[31.9593,-26.468],[31.9597,-26.4679]],[[31.9597,-26.4679],[31.9641,-26.4551]],[[32.0014,-25.9972],[32.0094,-25.9941],[32.0288,-26.0008],[32.0855,-26.009],[32.0839,-26.0292],[32.1035,-26.1606],[32.0962,-26.1939],[32.0917,-26.1904],[32.0907,-26.1774],[32.0892,-26.1729],[32.0869,-26.1707],[32.0782,-26.1667],[32.0664,-26.1683],[32.0621,-26.1755],[32.0558,-26.1774],[32.0537,-26.1795],[32.0495,-26.1797],[32.0408,-26.1761],[32.0364,-26.1763],[32.0255,-26.1716],[32.0248,-26.1678],[32.0303,-26.1616],[32.0307,-26.1523],[32.0194,-26.1439],[32.0152,-26.1323],[32.018,-26.1269],[32.0238,-26.1223],[32.0257,-26.1189],[32.0252,-26.112],[32.0218,-26.1055],[32.0182,-26.105],[32.0106,-26.1067],[32.0019,-26.1129],[32.0032,-26.1208],[32.0115,-26.1308],[32.0122,-26.1348],[32.0105,-26.1372],[32.009,-26.1377],[32.0069,-26.1341],[32.0042,-26.1332],[31.9923,-26.1345],[31.9903,-26.1376],[31.9907,-26.145],[31.9858,-26.15],[31.9752,-26.1443],[31.9713,-26.1403],[31.9728,-26.1368],[31.9723,-26.134],[31.9688,-26.1337],[31.9701,-26.1302],[31.8682,-26],[31.9741,-25.9534],[32.0014,-25.9972]],[[31.8741,-26.0683],[31.8754,-26.0679],[31.8791,-26.0719],[31.8807,-26.0722],[31.8831,-26.0815],[31.8766,-26.0809],[31.8761,-26.0775],[31.8749,-26.0786],[31.8674,-26.0765],[31.8697,-26.0732],[31.8745,-26.0704],[31.8741,-26.0683]],[[31.1987,-26.4877],[31.1969,-26.4859],[31.1987,-26.485]],[[31.1987,-26.485],[31.1988,-26.485]],[[31.1988,-26.485],[31.1993,-26.4856]],[[31.1993,-26.4856],[31.2001,-26.4873]],[[31.2001,-26.4873],[31.2043,-26.4889]],[[31.2043,-26.4889],[31.2082,-26.4904]],[[31.2082,-26.4904],[31.2084,-26.493]],[[31.2084,-26.493],[31.2121,-26.4983]],[[31.2121,-26.4983],[31.2111,-26.5026]],[[31.2111,-26.5026],[31.2086,-26.504]],[[31.2086,-26.504],[31.2101,-26.5055]],[[31.2101,-26.5055],[31.2044,-26.5091]],[[31.2044,-26.5091],[31.1967,-26.5165]],[[31.1967,-26.5165],[31.2043,-26.5236]],[[31.2043,-26.5236],[31.2061,-26.5224]],[[31.2061,-26.5224],[31.2045,-26.5237]],[[31.2045,-26.5237],[31.2096,-26.5284]],[[31.2096,-26.5284],[31.2007,-26.5362]],[[31.2007,-26.5362],[31.2345,-26.5827]],[[31.2345,-26.5827],[31.2332,-26.586]],[[31.2332,-26.586],[31.2306,-26.5875]],[[31.2306,-26.5875],[31.2264,-26.586]],[[31.2264,-26.586],[31.2254,-26.5856]],[[31.2254,-26.5856],[31.2237,-26.5888]],[[31.2237,-26.5888],[31.2115,-26.5945]],[[31.2115,-26.5945],[31.2112,-26.5966]],[[31.2112,-26.5966],[31.2096,-26.5962]],[[31.2096,-26.5962],[31.2084,-26.5959]],[[31.2084,-26.5959],[31.2049,-26.5912]],[[31.2049,-26.5912],[31.202,-26.5919]],[[31.202,-26.5919],[31.2047,-26.5912]],[[31.2047,-26.5912],[31.2032,-26.5902]],[[31.2032,-26.5902],[31.2028,-26.5873]],[[31.2028,-26.5873],[31.2027,-26.5871]],[[31.2027,-26.5871],[31.199,-26.5869]],[[31.199,-26.5869],[31.1962,-26.5823]],[[31.1962,-26.5823],[31.1959,-26.5782]],[[31.1959,-26.5782],[31.1868,-26.5748]],[[31.1868,-26.5748],[31.1892,-26.569]],[[31.1892,-26.569],[31.1848,-26.5668]],[[31.1848,-26.5668],[31.1831,-26.5634]],[[31.1831,-26.5634],[31.183,-26.5631]],[[31.183,-26.5631],[31.1807,-26.5642]],[[31.1807,-26.5642],[31.1804,-26.564]],[[31.1804,-26.564],[31.1766,-26.5626]],[[31.1766,-26.5626],[31.1764,-26.5614]],[[31.1764,-26.5614],[31.1746,-26.5619]],[[31.1746,-26.5619],[31.1744,-26.562]],[[31.1744,-26.562],[31.1733,-26.5611]],[[31.1733,-26.5611],[31.1501,-26.573]],[[31.1501,-26.573],[31.1497,-26.5732]],[[31.1052,-26.5392],[31.1543,-26.5285]],[[31.1543,-26.5285],[31.1628,-26.5294]],[[31.1628,-26.5294],[31.1578,-26.5246]],[[31.1578,-26.5246],[31.1605,-26.5222]],[[31.1605,-26.5222],[31.159,-26.5163]],[[31.159,-26.5163],[31.1559,-26.5129]],[[31.1559,-26.5129],[31.159,-26.5046]],[[31.159,-26.5046],[31.1599,-26.5043]],[[31.1599,-26.5043],[31.1616,-26.5036]],[[31.1616,-26.5036],[31.1669,-26.502],[31.1681,-26.4989],[31.1638,-26.4979],[31.171,-26.4911],[31.1723,-26.4846],[31.1734,-26.4848],[31.1843,-26.5054],[31.189,-26.5028],[31.1897,-26.4961],[31.1911,-26.4946],[31.1891,-26.4913],[31.1929,-26.491],[31.1945,-26.4891],[31.1967,-26.4913],[31.1982,-26.4908],[31.1987,-26.4877]],[[31.2107,-26.5199],[31.2097,-26.5201]],[[31.2097,-26.5201],[31.2102,-26.5197]],[[31.2102,-26.5197],[31.2107,-26.5199]],[[31.237,-26.518],[31.2164,-26.5214]],[[31.2164,-26.5214],[31.2371,-26.5179]],[[31.2371,-26.5179],[31.237,-26.518]],[[31.239,-26.5164],[31.2374,-26.5177]],[[31.2374,-26.5177],[31.2423,-26.5103]],[[31.2423,-26.5103],[31.239,-26.5164]],[[31.2977,-26.5536],[31.2988,-26.5537]],[[31.3194,-26.4908],[31.3194,-26.4912],[31.3166,-26.4908],[31.3157,-26.4933],[31.3199,-26.4943],[31.3211,-26.4956],[31.32,-26.4971],[31.3235,-26.5099]],[[31.3252,-26.5194],[31.2907,-26.5423]],[[31.2966,-26.4895],[31.2974,-26.4896],[31.3,-26.4937],[31.3057,-26.4904],[31.3187,-26.4901]],[[31.3187,-26.4901],[31.3194,-26.4908]],[[31.2485,-26.5077],[31.2444,-26.5071]],[[31.2444,-26.5071],[31.2447,-26.5068]],[[31.2447,-26.5068],[31.2485,-26.5077]],[[31.3867,-26.482],[31.3933,-26.4816]],[[31.3933,-26.4816],[31.397,-26.4822]],[[31.397,-26.4822],[31.3991,-26.4833]],[[31.3991,-26.4833],[31.402,-26.4852]],[[31.402,-26.4852],[31.402,-26.4849]],[[31.402,-26.4849],[31.4028,-26.4854],[31.4034,-26.4799],[31.406,-26.4805],[31.4061,-26.4655],[31.4082,-26.4662],[31.4102,-26.4655]],[[31.4102,-26.4655],[31.4128,-26.4662]],[[31.4128,-26.4662],[31.4148,-26.4686]],[[31.4148,-26.4686],[31.4159,-26.4749]],[[31.4159,-26.4749],[31.42,-26.4792]],[[31.42,-26.4792],[31.4195,-26.482]],[[31.4195,-26.482],[31.4185,-26.4869]],[[31.4185,-26.4869],[31.4175,-26.4874]],[[31.4175,-26.4874],[31.4129,-26.49]],[[31.4129,-26.49],[31.414,-26.4906]],[[31.414,-26.4906],[31.4155,-26.5042]],[[31.4155,-26.5042],[31.4141,-26.5089]],[[31.4141,-26.5089],[31.4117,-26.5165]],[[31.4117,-26.5165],[31.4034,-26.5142]],[[31.4034,-26.5142],[31.4024,-26.5139]],[[31.4024,-26.5139],[31.4018,-26.5142]],[[31.4018,-26.5142],[31.4007,-26.5149]],[[31.4007,-26.5149],[31.3979,-26.5163]],[[31.3979,-26.5163],[31.3924,-26.5172]],[[31.3924,-26.5172],[31.3923,-26.5172]],[[31.3923,-26.5172],[31.3864,-26.5161]],[[31.3864,-26.5161],[31.3855,-26.5159]],[[31.3855,-26.5159],[31.3831,-26.5203]],[[31.3831,-26.5203],[31.3796,-26.5203]],[[31.3796,-26.5203],[31.3796,-26.5251]],[[31.3796,-26.5251],[31.376,-26.5292]],[[31.376,-26.5292],[31.3771,-26.5296]],[[31.3771,-26.5296],[31.3771,-26.5297]],[[31.3771,-26.5297],[31.371,-26.5313]],[[31.371,-26.5313],[31.3707,-26.5311]],[[31.3707,-26.5311],[31.369,-26.5318]],[[31.369,-26.5318],[31.3651,-26.5329],[31.3567,-26.5198]],[[31.3519,-26.5122],[31.3503,-26.5097],[31.3482,-26.5036],[31.3583,-26.5009],[31.3631,-26.4774],[31.3688,-26.4773],[31.3687,-26.4782],[31.372,-26.4792],[31.374,-26.4844],[31.3765,-26.4859],[31.3842,-26.4784],[31.3866,-26.4797],[31.3867,-26.482]],[[31.2959,-26.4895],[31.2929,-26.4893]],[[31.2929,-26.4893],[31.2931,-26.4892]],[[31.2931,-26.4892],[31.2959,-26.4895]],[[31.5651,-27.3155],[31.4925,-27.3151],[31.3062,-27.2535]],[[31.3439,-26.5044],[31.3418,-26.5005],[31.3456,-26.4991],[31.3478,-26.5034]],[[31.3478,-26.5034],[31.3439,-26.5044]],[[31.3348,-26.4986],[31.3361,-26.4951],[31.3381,-26.4959],[31.3416,-26.5004],[31.3392,-26.4985],[31.3348,-26.4986]],[[31.3448,-26.492],[31.3439,-26.4956],[31.34,-26.4911],[31.3393,-26.4894],[31.3441,-26.4885],[31.343,-26.4892],[31.3448,-26.492]],[[31.4236,-25.9285],[31.4362,-25.8782]],[[31.4362,-25.8782],[31.3969,-25.8892]],[[31.1617,-26.6137],[31.1621,-26.6111]],[[31.1621,-26.6111],[31.1729,-26.6111]],[[31.1729,-26.6111],[31.1768,-26.6102]],[[31.1768,-26.6102],[31.1823,-26.6083]],[[31.1823,-26.6083],[31.1825,-26.6082]],[[31.1825,-26.6082],[31.1833,-26.6056]],[[31.1833,-26.6056],[31.1826,-26.5987]],[[31.1826,-26.5987],[31.1838,-26.5974]],[[31.1838,-26.5974],[31.1818,-26.5968]],[[31.1818,-26.5968],[31.1808,-26.5918]],[[31.1808,-26.5918],[31.1875,-26.5847]],[[31.1875,-26.5847],[31.1876,-26.5847]],[[31.1876,-26.5847],[31.1899,-26.5847]],[[31.1899,-26.5847],[31.1953,-26.5945]],[[31.1953,-26.5945],[31.1961,-26.5958]],[[31.1961,-26.5958],[31.1982,-26.5956]],[[31.1982,-26.5956],[31.1988,-26.5954]],[[31.1988,-26.5954],[31.202,-26.5919]],[[31.2061,-26.5224],[31.2089,-26.5202]],[[31.2089,-26.5202],[31.2097,-26.5201]],[[31.2107,-26.5199],[31.2115,-26.5197]],[[31.2115,-26.5197],[31.2164,-26.5214]],[[31.2371,-26.5179],[31.2374,-26.5177]],[[31.2423,-26.5103],[31.2441,-26.5071]],[[31.2441,-26.5071],[31.2444,-26.5071]],[[31.2485,-26.5077],[31.2488,-26.5077]],[[31.2488,-26.5077],[31.2494,-26.5079]],[[31.2494,-26.5079],[31.2495,-26.5079]],[[31.2495,-26.5079],[31.2647,-26.5115]],[[31.2647,-26.5115],[31.2663,-26.5114]],[[31.2663,-26.5114],[31.2671,-26.5114]],[[31.3348,-26.4986],[31.3372,-26.5001],[31.3371,-26.5025],[31.3412,-26.5015],[31.3414,-26.5051],[31.3336,-26.5072],[31.3312,-26.5025],[31.3326,-26.4985],[31.3308,-26.4986],[31.3283,-26.501],[31.3258,-26.4977],[31.3237,-26.4974],[31.3303,-26.4927],[31.3348,-26.4986]],[[31.3218,-26.4935],[31.3194,-26.4908]],[[31.3187,-26.4901],[31.3184,-26.4897],[31.3213,-26.4902],[31.3215,-26.4926],[31.3218,-26.4935]],[[31.251,-26.0063],[31.3561,-26.0231]],[[31.3561,-26.0231],[31.3612,-26.0182]],[[31.3612,-26.0182],[31.3548,-26.009]],[[31.3548,-26.009],[31.3859,-25.9764]],[[31.3859,-25.9764],[31.3428,-25.946]],[[31.3428,-25.946],[31.3645,-25.9273]],[[31.3645,-25.9273],[31.4167,-25.9561]],[[31.4167,-25.9561],[31.4176,-25.9524]],[[31.3712,-25.8963],[31.33,-25.9079]],[[31.33,-25.9079],[31.3096,-25.9089]],[[31.3096,-25.9089],[31.3089,-25.9108]],[[31.3089,-25.9108],[31.3048,-25.9094]],[[31.3048,-25.9094],[31.3059,-25.9113]],[[31.3059,-25.9113],[31.3049,-25.9114]],[[31.3049,-25.9114],[31.3054,-25.9143]],[[31.3054,-25.9143],[31.3066,-25.9153]],[[31.3066,-25.9153],[31.305,-25.9156]],[[31.305,-25.9156],[31.3034,-25.9199]],[[31.3034,-25.9199],[31.3042,-25.922]],[[31.3042,-25.922],[31.3016,-25.9229]],[[31.3016,-25.9229],[31.2993,-25.9198]],[[31.2993,-25.9198],[31.2977,-25.9172]],[[31.2977,-25.9172],[31.2974,-25.9171]],[[31.2974,-25.9171],[31.297,-25.9171]],[[31.297,-25.9171],[31.2957,-25.9169]],[[31.2957,-25.9169],[31.2952,-25.9174]],[[31.2952,-25.9174],[31.2941,-25.9186]],[[31.2941,-25.9186],[31.2933,-25.9195]],[[31.2933,-25.9195],[31.293,-25.9194]],[[31.293,-25.9194],[31.2861,-25.9141]],[[31.2861,-25.9141],[31.2846,-25.9148]],[[31.2846,-25.9148],[31.2872,-25.9097]],[[31.2872,-25.9097],[31.2854,-25.9087]],[[31.2854,-25.9087],[31.2866,-25.9072]],[[31.2866,-25.9072],[31.2842,-25.8991]],[[31.2842,-25.8991],[31.2778,-25.8959]],[[31.2778,-25.8959],[31.2802,-25.8901]],[[31.2802,-25.8901],[31.2653,-25.8676]],[[31.2653,-25.8676],[31.2695,-25.8678]],[[31.2695,-25.8678],[31.2745,-25.8723]],[[31.2745,-25.8723],[31.2749,-25.8687]],[[31.2749,-25.8687],[31.2722,-25.8605]],[[31.2722,-25.8605],[31.2757,-25.8588]],[[31.2757,-25.8588],[31.2782,-25.8554]],[[31.2782,-25.8554],[31.2804,-25.8545]],[[31.2804,-25.8545],[31.2824,-25.8554]],[[31.2824,-25.8554],[31.2834,-25.853]],[[31.2834,-25.853],[31.2858,-25.8522]],[[31.2858,-25.8522],[31.2871,-25.8505]],[[31.436,-26.4599],[31.4327,-26.4602]],[[31.4327,-26.4602],[31.4306,-26.4582]],[[31.4306,-26.4582],[31.4265,-26.4576]],[[31.4265,-26.4576],[31.4201,-26.4509]],[[31.4201,-26.4509],[31.4094,-26.4439]],[[31.4094,-26.4439],[31.4076,-26.4412]],[[31.4076,-26.4412],[31.4095,-26.4385]],[[31.4095,-26.4385],[31.4104,-26.4328]],[[31.4104,-26.4328],[31.4093,-26.4231]],[[31.4093,-26.4231],[31.4054,-26.4261]],[[31.4054,-26.4261],[31.4048,-26.4286]],[[31.4048,-26.4286],[31.399,-26.4296]],[[31.399,-26.4296],[31.3893,-26.4357]],[[31.3893,-26.4357],[31.3889,-26.4359]],[[31.3889,-26.4359],[31.3861,-26.436]],[[31.3861,-26.436],[31.3787,-26.4301]],[[31.3787,-26.4301],[31.3812,-26.4289]],[[31.3812,-26.4289],[31.3806,-26.426]],[[31.3806,-26.426],[31.3869,-26.4179]],[[31.3869,-26.4179],[31.3905,-26.4155]],[[31.3905,-26.4155],[31.3859,-26.4115]],[[31.3859,-26.4115],[31.3842,-26.4072]],[[31.3842,-26.4072],[31.3476,-26.4251]],[[31.3476,-26.4251],[31.3422,-26.4225]],[[31.3422,-26.4225],[31.3418,-26.4208]],[[31.3418,-26.4208],[31.3385,-26.4208]],[[31.3385,-26.4208],[31.3228,-26.4134]],[[31.3228,-26.4134],[31.3202,-26.4122]],[[31.3202,-26.4122],[31.298,-26.4017]],[[31.298,-26.4017],[31.2993,-26.4044]],[[31.2993,-26.4044],[31.2994,-26.4046]],[[31.2994,-26.4046],[31.2994,-26.4047]],[[31.2994,-26.4047],[31.2981,-26.4071]],[[31.2981,-26.4071],[31.3009,-26.4122]],[[31.3009,-26.4122],[31.3034,-26.4135]],[[31.3034,-26.4135],[31.3009,-26.4147]],[[31.3009,-26.4147],[31.3013,-26.416]],[[31.3013,-26.416],[31.2995,-26.4171]],[[31.2995,-26.4171],[31.3,-26.4189]],[[31.3,-26.4189],[31.2999,-26.4189]],[[31.2999,-26.4189],[31.2997,-26.4191]],[[31.2997,-26.4191],[31.2987,-26.4201]],[[31.2987,-26.4201],[31.2981,-26.4201]],[[31.2981,-26.4201],[31.2949,-26.4202]],[[31.2949,-26.4202],[31.2931,-26.4218]],[[31.2931,-26.4218],[31.2878,-26.4173]],[[31.2878,-26.4173],[31.2867,-26.4178]],[[31.2867,-26.4178],[31.285,-26.4148]],[[31.285,-26.4148],[31.273,-26.4139]],[[31.273,-26.4139],[31.2798,-26.4197]],[[31.2798,-26.4197],[31.2791,-26.432]],[[31.2791,-26.432],[31.28,-26.4388]],[[31.28,-26.4388],[31.2671,-26.4398]],[[31.2671,-26.4398],[31.2603,-26.4364]],[[31.2603,-26.4364],[31.2571,-26.4339]],[[31.2916,-25.82],[31.3408,-25.7567],[31.36,-25.7564]],[[31.4101,-25.7562],[31.3665,-25.7563],[31.4198,-25.7268]],[[31.3053,-26.4848],[31.3093,-26.4846],[31.3102,-26.4846],[31.3084,-26.487],[31.3097,-26.4885],[31.3073,-26.49],[31.3025,-26.49],[31.3053,-26.4848]],[[31.3345,-26.4906],[31.3327,-26.491],[31.3321,-26.4888],[31.321,-26.4883],[31.3223,-26.4865],[31.3257,-26.4872],[31.3285,-26.4847],[31.3279,-26.4825],[31.3294,-26.4823],[31.3312,-26.4825],[31.3318,-26.4859],[31.3349,-26.4861],[31.3345,-26.4884],[31.3357,-26.4895],[31.3345,-26.4906]],[[31.3199,-26.4784],[31.3162,-26.4812],[31.3165,-26.4777],[31.315,-26.4746],[31.3123,-26.4757],[31.3044,-26.4748],[31.3056,-26.4714],[31.3052,-26.4658],[31.3145,-26.4706],[31.319,-26.468]],[[31.319,-26.468],[31.3176,-26.472],[31.3223,-26.4738],[31.3193,-26.4768],[31.3199,-26.4784]],[[31.3579,-26.4934],[31.3589,-26.4941],[31.3583,-26.497],[31.356,-26.4936],[31.3579,-26.4934]],[[31.3933,-26.4816],[31.3966,-26.479],[31.3984,-26.4791],[31.4026,-26.4798],[31.402,-26.4849]],[[31.3344,-26.4794],[31.3366,-26.4788],[31.3407,-26.481],[31.3415,-26.481],[31.3375,-26.484],[31.3344,-26.4794]],[[31.3625,-26.4771],[31.3543,-26.4793],[31.3527,-26.4789],[31.3543,-26.4768],[31.3583,-26.4753],[31.3587,-26.4717],[31.3603,-26.4704],[31.3619,-26.471],[31.3625,-26.4771]],[[31.373,-26.551],[31.3749,-26.5506],[31.3761,-26.5487],[31.376,-26.5448],[31.378,-26.5421],[31.3676,-26.5371],[31.3653,-26.5334],[31.369,-26.5318]],[[31.4102,-26.4655],[31.4069,-26.4646],[31.4034,-26.4614],[31.4032,-26.4592],[31.4024,-26.4598],[31.396,-26.457]],[[31.396,-26.457],[31.3912,-26.4534],[31.3881,-26.4595],[31.3856,-26.4601],[31.3845,-26.4628],[31.3776,-26.4591],[31.3763,-26.455],[31.3704,-26.4525],[31.3601,-26.4533],[31.3466,-26.4513],[31.3342,-26.4569],[31.3318,-26.4545],[31.3299,-26.4548],[31.3303,-26.4563],[31.3292,-26.4556],[31.3286,-26.4537],[31.33,-26.4521],[31.3282,-26.4508],[31.3119,-26.4457],[31.3038,-26.4508],[31.2984,-26.4601],[31.299,-26.4675],[31.2979,-26.4723],[31.2994,-26.4764],[31.2946,-26.4801],[31.2936,-26.4832],[31.295,-26.4891],[31.2931,-26.4892]],[[31.1987,-26.485],[31.1957,-26.4855],[31.1932,-26.4488],[31.1933,-26.4448]],[[31.1684,-26.3902],[31.1679,-26.39],[31.1637,-26.3915],[31.162,-26.3936],[31.1699,-26.4011],[31.166,-26.4063],[31.1589,-26.409],[31.1554,-26.4168],[31.1647,-26.4231],[31.1597,-26.4234],[31.1568,-26.4421]],[[31.1568,-26.4421],[31.1542,-26.4454]],[[31.1542,-26.4454],[31.1536,-26.4485]],[[31.1536,-26.4485],[31.15,-26.4495]],[[31.15,-26.4495],[31.1478,-26.4526]],[[31.1478,-26.4526],[31.1426,-26.4518]],[[31.1426,-26.4518],[31.1377,-26.4539]],[[31.1377,-26.4539],[31.1362,-26.4528]],[[31.1362,-26.4528],[31.1346,-26.4473]],[[31.1346,-26.4473],[31.1375,-26.4454]],[[31.1375,-26.4454],[31.1365,-26.443]],[[31.1365,-26.443],[31.1326,-26.4433]],[[31.1326,-26.4433],[31.1301,-26.4456]],[[31.1301,-26.4456],[31.1281,-26.4451]],[[31.1281,-26.4451],[31.1275,-26.4456]],[[31.1275,-26.4456],[31.1244,-26.4455]],[[31.1244,-26.4455],[31.1221,-26.4449]],[[31.1221,-26.4449],[31.121,-26.4388]],[[31.121,-26.4388],[31.121,-26.4383]],[[31.121,-26.4383],[31.1216,-26.437]],[[31.1216,-26.437],[31.1237,-26.4373]],[[31.1237,-26.4373],[31.1255,-26.4342]],[[31.1255,-26.4342],[31.1254,-26.4204]],[[31.1254,-26.4204],[31.1214,-26.4172]],[[31.1214,-26.4172],[31.1198,-26.4141]],[[31.1198,-26.4141],[31.1215,-26.4077]],[[31.1215,-26.4077],[31.1114,-26.3959]],[[31.1114,-26.3959],[31.1255,-26.3833]],[[31.1255,-26.3833],[31.1205,-26.3745]],[[31.1205,-26.3745],[31.1081,-26.3635]],[[31.1081,-26.3635],[31.1011,-26.3699]],[[31.1011,-26.3699],[31.1008,-26.3718]],[[31.1008,-26.3718],[31.1007,-26.3719]],[[31.1007,-26.3719],[31.1,-26.3723]],[[31.1,-26.3723],[31.096,-26.3703]],[[31.096,-26.3703],[31.0931,-26.3751]],[[31.0931,-26.3751],[31.0901,-26.3762]],[[31.0901,-26.3762],[31.0881,-26.372]],[[31.0881,-26.372],[31.084,-26.37]],[[31.084,-26.37],[31.0737,-26.3423]],[[31.0737,-26.3423],[31.0633,-26.3411]],[[31.0633,-26.3411],[31.0533,-26.3314]],[[31.0533,-26.3314],[31.0581,-26.3327]],[[31.0581,-26.3327],[31.0602,-26.33]],[[31.0602,-26.33],[31.0659,-26.3341]],[[31.0659,-26.3341],[31.0671,-26.3332]],[[31.0671,-26.3332],[31.0661,-26.3301]],[[31.0661,-26.3301],[31.0756,-26.3247]],[[31.0756,-26.3247],[31.0714,-26.318]],[[31.0714,-26.318],[31.0737,-26.314]],[[31.0737,-26.314],[31.0694,-26.3039]],[[31.0694,-26.3039],[31.0702,-26.298]],[[31.0702,-26.298],[31.0671,-26.2996]],[[31.0671,-26.2996],[31.066,-26.3023]],[[31.066,-26.3023],[31.0626,-26.3018]],[[31.0626,-26.3018],[31.0513,-26.3093]],[[31.0513,-26.3093],[31.0487,-26.2878]],[[31.0487,-26.2878],[31.0373,-26.2917]],[[31.0373,-26.2917],[31.037,-26.2857]],[[31.037,-26.2857],[31.0334,-26.2778]],[[31.0334,-26.2778],[31.0322,-26.2711]],[[31.0322,-26.2711],[31.0256,-26.2662]],[[31.0256,-26.2662],[31.0168,-26.2583]],[[31.0168,-26.2583],[31.016,-26.2524]],[[31.016,-26.2524],[31.0116,-26.2544]],[[31.0116,-26.2544],[31.0046,-26.265]],[[31.0046,-26.265],[31.0044,-26.2653]],[[31.0044,-26.2653],[31.0026,-26.2786]],[[31.0026,-26.2786],[31.0025,-26.2753]],[[31.0025,-26.2753],[31.001,-26.2734]],[[31.001,-26.2734],[31.0015,-26.2701]],[[31.0015,-26.2701],[31.0005,-26.2693]],[[31.0005,-26.2693],[31.0012,-26.2677]],[[31.0012,-26.2677],[31.0029,-26.2674]],[[31.0029,-26.2674],[31.0047,-26.2614]],[[31.0047,-26.2614],[30.9607,-26.2617]],[[30.9607,-26.2617],[31.0187,-26.1587],[31.0295,-26.1672],[31.0318,-26.1733],[31.0297,-26.1778],[31.0116,-26.1854],[31.0112,-26.1883],[31.0138,-26.1907],[31.0142,-26.1952],[31.012,-26.1983]],[[31.019,-26.2085],[31.0238,-26.2121],[31.0213,-26.2154]],[[31.9161,-27.3171],[31.9161,-27.3172],[31.8732,-27.317],[31.8664,-27.2965]],[[31.1851,-27.0897],[31.2076,-27.1124]],[[31.2076,-27.1124],[31.2164,-27.1185]],[[31.2164,-27.1185],[31.2062,-27.1276]],[[31.2062,-27.1276],[31.1961,-27.1182]],[[31.1961,-27.1182],[31.1956,-27.1183]],[[31.1956,-27.1183],[31.1953,-27.118]],[[31.1953,-27.118],[31.1775,-27.1237]],[[31.1775,-27.1237],[31.1722,-27.1198]],[[31.1722,-27.1198],[31.1716,-27.1192]],[[31.1716,-27.1192],[31.1712,-27.1191]],[[31.1712,-27.1191],[31.1692,-27.1176]],[[31.1692,-27.1176],[31.1838,-27.1071]],[[31.1838,-27.1071],[31.1739,-27.0977]],[[31.1739,-27.0977],[31.1743,-27.0974]],[[31.1743,-27.0974],[31.1748,-27.0979]],[[31.1748,-27.0979],[31.1851,-27.0897]],[[31.3237,-26.981],[31.3073,-26.981]],[[31.3073,-26.981],[31.3073,-26.9742]],[[31.3073,-26.9742],[31.3051,-26.9731]],[[31.3051,-26.9731],[31.3047,-26.9678]],[[31.3047,-26.9678],[31.3038,-26.9677]],[[31.3038,-26.9677],[31.302,-26.9675]],[[31.302,-26.9675],[31.2965,-26.9634]],[[31.2965,-26.9634],[31.2956,-26.9559]],[[31.2956,-26.9559],[31.2965,-26.9538]],[[31.2965,-26.9538],[31.3369,-26.9539]],[[31.1958,-27.2169],[31.1497,-27.2016],[31.0605,-27.0959],[31.0207,-27.0674],[30.9841,-27.0365],[30.9574,-26.992],[30.9726,-26.9641]],[[31.1568,-26.4421],[31.1585,-26.476],[31.165,-26.4776],[31.1743,-26.4828],[31.1714,-26.4845],[31.1701,-26.4909],[31.163,-26.4978],[31.1672,-26.4987],[31.1661,-26.5018],[31.1616,-26.5036]],[[30.7906,-26.6304],[30.7909,-26.569],[30.8042,-26.4669],[30.8303,-26.411],[30.8569,-26.3837],[30.8911,-26.321],[30.9607,-26.2617]],[[31.1171,-25.9676],[31.1154,-25.9666],[31.1258,-25.9211],[31.2386,-25.829],[31.2453,-25.8361],[31.2589,-25.832],[31.2626,-25.8362],[31.2649,-25.8356]],[[31.2611,-25.9781],[31.2723,-25.9471]]],"bbox":[30.79,-27.318,32.137,-25.717867]}